name, img, birth, death, length 
Large Binocular Telescope, http://upload.wikimedia.org/wikipedia/commons/thumb/4/4a/LargeBinoTelescope_NASA.jpg/250px-LargeBinoTelescope_NASA.jpg, , , 15302
Ismaël Bullialdus, http://upload.wikimedia.org/wikipedia/commons/thumb/9/9e/Isma%C3%ABl_Boulliau.jpeg/220px-Isma%C3%ABl_Boulliau.jpeg, 1605-09-28, 1694-11-25, 13409
Gran Telescopio Canarias, http://upload.wikimedia.org/wikipedia/commons/thumb/8/8b/GranTeCan_Mosaic.jpg/250px-GranTeCan_Mosaic.jpg, , , 12624
Peter Andreas Hansen, http://upload.wikimedia.org/wikipedia/commons/thumb/d/d4/P.A.Hansen.jpg/150px-P.A.Hansen.jpg, 1795-12-08, 1874-03-28, 6397
Edmond Halley, http://upload.wikimedia.org/wikipedia/commons/thumb/d/df/Edmond_Halley_072.jpg/220px-Edmond_Halley_072.jpg, , , 24473
Mario Hamuy, http://upload.wikimedia.org/wikipedia/commons/thumb/d/d2/MarioHamuy09.jpg/180px-MarioHamuy09.jpg, , , 3073
Thomas Harriot, http://upload.wikimedia.org/wikipedia/commons/thumb/e/e6/ThomasHarriot.jpg/220px-ThomasHarriot.jpg, , 1621-07-02, 15618
Very Large Telescope, http://upload.wikimedia.org/wikipedia/commons/thumb/a/a7/Aerial_View_of_the_VLTI_with_Tunnels_Superimposed.jpg/220px-Aerial_View_of_the_VLTI_with_Tunnels_Superimposed.jpg, , , 34318
Al-Biruni, http://upload.wikimedia.org/wikipedia/commons/thumb/f/ff/Biruni-russian.jpg/220px-Biruni-russian.jpg, , , 49312
Southern African Large Telescope, http://upload.wikimedia.org/wikipedia/commons/thumb/c/c3/Southern_African_Large_Telescope_720x576px.jpg/220px-Southern_African_Large_Telescope_720x576px.jpg, , , 12055
W. M. Keck Observatory, http://upload.wikimedia.org/wikipedia/commons/thumb/a/af/KeckTelescopes-hi.png/220px-KeckTelescopes-hi.png, , , 14828
Adriaan Blaauw, http://upload.wikimedia.org/wikipedia/commons/thumb/8/89/Prof._Adriaan_Blaauw_%281914%E2%80%932010%29%2C_the_second_ESO_Director_General_%28from_1970%E2%80%931974%29%2C_in_the_library_of_the_ESO_Headquarters_in_Garching_bei_M%C3%BCnchen%2C_Germany%2C_during_a_visit_in_2009..jpg/220px-thumbnail.jpg, 1914-04-12, 2010-12-01, 2982
Karl Ludwig Hencke, http://upload.wikimedia.org/wikipedia/commons/thumb/3/39/Karl_Ludwig_Hencke.png/220px-Karl_Ludwig_Hencke.png, 1793-04-08, 1866-09-21, 2319
Francis Baily, http://upload.wikimedia.org/wikipedia/commons/thumb/3/3f/Francis_Baily_%28The_Royal_Astronomical_Society%29.jpg/150px-Francis_Baily_%28The_Royal_Astronomical_Society%29.jpg, 1774-04-28, 1844-08-30, 6334
Friedrich Bessel, http://upload.wikimedia.org/wikipedia/commons/thumb/b/b9/Friedrich_Wilhelm_Bessel_%281839_painting%29.jpg/225px-Friedrich_Wilhelm_Bessel_%281839_painting%29.jpg, 1784-07-22, 1846-03-17, 16641
Bart Bok, http://upload.wikimedia.org/wikipedia/commons/thumb/5/56/Bart_Bok_1983a.jpg/220px-Bart_Bok_1983a.jpg, 1906-04-28, 1983-08-05, 28874
Beatriz Barbuy, http://upload.wikimedia.org/wikipedia/en/thumb/0/05/Flag_of_Brazil.svg/22px-Flag_of_Brazil.svg.png, 1950-02-16, , 3395
Guillaume Bigourdan, http://upload.wikimedia.org/wikipedia/commons/thumb/8/8e/GBigourdan.jpg/220px-GBigourdan.jpg, 1851-04-06, 1932-02-28, 2765
Alan Hale (astronomer), http://upload.wikimedia.org/wikipedia/commons/thumb/3/3f/Astronomer_Alan_Hale_at_the_Cosmic_Carnival_held_at_Cottonwood_Mall_in_Albuquerque_on_Sept._10th%2C_2005.jpg/400px-Astronomer_Alan_Hale_at_the_Cosmic_Carnival_held_at_Cottonwood_Mall_in_Albuquerque_on_Sept._10th%2C_2005.jpg, 1958-03-07, , 22884
Maximilian Hell, http://upload.wikimedia.org/wikipedia/commons/thumb/3/33/MaximilianHell.jpg/200px-MaximilianHell.jpg, 1720-05-15, 1792-04-14, 9935
Heidi Hammel, http://upload.wikimedia.org/wikipedia/commons/thumb/5/5d/Heidi_Hammel_Upgraded_Hubble_Space_Telescope_Images.jpg/220px-Heidi_Hammel_Upgraded_Hubble_Space_Telescope_Images.jpg, 1960-03-14, , 13588
Pierre Méchain, http://upload.wikimedia.org/wikipedia/commons/thumb/9/9a/Pierre_mechain.jpg/150px-Pierre_mechain.jpg, 1744-08-16, 1804-09-20, 10487
Charles Messier, http://upload.wikimedia.org/wikipedia/commons/thumb/a/a4/Charles_Messier.jpg/220px-Charles_Messier.jpg, 1730-06-26, 1817-04-12, 16328
Giorgio Abetti, http://upload.wikimedia.org/wikipedia/commons/thumb/e/ee/Giorgio_Abetti.jpg/200px-Giorgio_Abetti.jpg, 1882-10-05, 1982-08-24, 2030
Abu Maʿshar, http://upload.wikimedia.org/wikipedia/commons/thumb/1/18/Abu_Ma%27shar%28Ibn_Balkhi%29-850AD.png/200px-Abu_Ma%27shar%28Ibn_Balkhi%29-850AD.png, , , 14209
Abd al-Rahman al-Sufi, http://upload.wikimedia.org/wikipedia/commons/thumb/c/cc/2-abd-al-rahman-al-sufi.jpg/220px-2-abd-al-rahman-al-sufi.jpg, , , 10156
Robert Grant Aitken, http://upload.wikimedia.org/wikipedia/commons/thumb/7/7c/Robertgrantaitken.jpg/220px-Robertgrantaitken.jpg, 1864-12-31, 1951-10-29, 4631
Wilhelm Anderson, http://upload.wikimedia.org/wikipedia/commons/b/bb/Wilhelm_Anderson.jpg, 1880-10-28, 1940-03-26, 3009
Friedrich Wilhelm Argelander, http://upload.wikimedia.org/wikipedia/commons/thumb/3/3b/Friedrich_Wilhelm_August_Argelander_1852.jpg/150px-Friedrich_Wilhelm_August_Argelander_1852.jpg, 1799-03-22, 1875-02-17, 5518
Peter Goldreich, http://upload.wikimedia.org/wikipedia/commons/thumb/5/54/PeterGoldreich1980.jpg/220px-PeterGoldreich1980.jpg, 1939-07-14, , 9163
John N. Bahcall, http://upload.wikimedia.org/wikipedia/commons/thumb/8/87/John_Bahcall.jpg/150px-John_Bahcall.jpg, 1934-12-30, 2005-08-17, 7376
Aristarchus of Samos, http://upload.wikimedia.org/wikipedia/commons/thumb/9/98/Aristarchos_von_Samos_%28Denkmal%29.jpeg/220px-Aristarchos_von_Samos_%28Denkmal%29.jpeg, , , 12125
Halton Arp, http://upload.wikimedia.org/wikipedia/commons/thumb/3/3f/Halton-arp-adjusted.jpg/150px-Halton-arp-adjusted.jpg, 1927-03-21, 2013-12-28, 14944
Arthur Auwers, http://upload.wikimedia.org/wikipedia/commons/thumb/3/39/Professor_Arthur_Auwers.png/200px-Professor_Arthur_Auwers.png, 1838-09-12, 1915-01-24, 3026
Joseph Johann von Littrow, http://upload.wikimedia.org/wikipedia/commons/thumb/f/ff/Joseph_Johann_von_Littrow.jpg/220px-Joseph_Johann_von_Littrow.jpg, 1781-03-13, 1840-11-30, 3219
Bryan Gaensler, http://upload.wikimedia.org/wikipedia/en/thumb/1/13/2011-11-21_Bryan_Gaensler_at_Macarthur_Astronomy_Forum.jpg/220px-2011-11-21_Bryan_Gaensler_at_Macarthur_Astronomy_Forum.jpg, 1973-07-04, , 6940
Johann Elert Bode, http://upload.wikimedia.org/wikipedia/commons/thumb/3/34/Johann_Elert_Bode_-_front.jpg/220px-Johann_Elert_Bode_-_front.jpg, , 1826-11-23, 9018
Wilhelm Beer, http://upload.wikimedia.org/wikipedia/commons/thumb/1/10/Wilhelm_Beer.jpg/150px-Wilhelm_Beer.jpg, 1797-01-04, 1850-03-27, 2429
Edward Emerson Barnard, http://upload.wikimedia.org/wikipedia/commons/thumb/7/77/EdwardEmersonBarnard.jpg/150px-EdwardEmersonBarnard.jpg, 1857-12-16, 1923-02-06, 7468
Gennady S. Bisnovatyi-Kogan, http://upload.wikimedia.org/wikipedia/commons/thumb/b/bb/Gennady_Bisnovaty-Kogan_2014.jpg/220px-Gennady_Bisnovaty-Kogan_2014.jpg, 1941-12-06, , 2295
Ernest William Brown, http://upload.wikimedia.org/wikipedia/en/thumb/a/a5/Ernest_William_Brown.jpg/150px-Ernest_William_Brown.jpg, 1866-11-29, 1938-07-22, 13414
Margaret Geller, http://upload.wikimedia.org/wikipedia/commons/thumb/0/0a/MargaretGeller1981a.jpg/220px-MargaretGeller1981a.jpg, 1947-12-08, , 6741
Riccardo Giacconi, http://upload.wikimedia.org/wikipedia/commons/thumb/0/03/RiccardoGiacconi.jpg/180px-RiccardoGiacconi.jpg, 1931-10-06, , 8048
Somnath Bharadwaj, http://upload.wikimedia.org/wikipedia/en/thumb/4/41/Flag_of_India.svg/20px-Flag_of_India.svg.png, 1964-10-28, , 3523
James Binney, http://upload.wikimedia.org/wikipedia/commons/thumb/a/a7/James_Binney.jpeg/220px-James_Binney.jpeg, , , 5355
Alexis Bouvard, http://upload.wikimedia.org/wikipedia/commons/thumb/b/b3/Alexis_Bouvard.jpg/150px-Alexis_Bouvard.jpg, 1767-06-27, 1843-06-07, 2454
Ben Gascoigne, http://upload.wikimedia.org/wikipedia/commons/thumb/c/cb/Gascoigne_Stromlo_1948.jpg/220px-Gascoigne_Stromlo_1948.jpg, 1915-11-11, 2010-03-25, 28671
John Herschel, http://upload.wikimedia.org/wikipedia/commons/thumb/3/3a/Julia_Margaret_Cameron_-_John_Herschel_%28Metropolitan_Museum_of_Art_copy%2C_restored%29.jpg/220px-Julia_Margaret_Cameron_-_John_Herschel_%28Metropolitan_Museum_of_Art_copy%2C_restored%29.jpg, 1792-03-07, 1871-05-11, 24391
Dorrit Hoffleit, http://upload.wikimedia.org/wikipedia/commons/thumb/1/10/Dorrit-hoffleit.JPG/200px-Dorrit-hoffleit.JPG, 1907-03-12, 2007-04-09, 8942
Nathaniel Bliss, http://upload.wikimedia.org/wikipedia/commons/thumb/d/dc/The_Reverend_Nathaniel_Bliss.jpg/240px-The_Reverend_Nathaniel_Bliss.jpg, 1700-11-28, 1764-09-02, 5879
Andrew Graham (astronomer), http://upload.wikimedia.org/wikipedia/commons/thumb/b/ba/Andrew0001.jpg/230px-Andrew0001.jpg, 1815-04-08, 1908-11-05, 5318
Tom Gehrels, http://upload.wikimedia.org/wikipedia/en/thumb/c/c0/Gehrels_at_Spacewatch_Telescope_1980%27s.jpg/220px-Gehrels_at_Spacewatch_Telescope_1980%27s.jpg, 1925-02-21, 2011-07-11, 7090
James Bradley, http://upload.wikimedia.org/wikipedia/commons/thumb/e/ed/James_Bradley_by_Thomas_Hudson.jpg/220px-James_Bradley_by_Thomas_Hudson.jpg, , , 10984
Jeremiah Horrocks, http://upload.wikimedia.org/wikipedia/commons/thumb/c/cf/JeremiahHorrocks.jpg/240px-JeremiahHorrocks.jpg, , , 14396
Lewis Boss, http://upload.wikimedia.org/wikipedia/commons/thumb/6/69/PSM_V81_D625_Lewis_Boss.png/150px-PSM_V81_D625_Lewis_Boss.png, 1846-10-26, 1912-10-05, 4623
Henry L. Giclas, http://upload.wikimedia.org/wikipedia/en/3/39/Henry_L._Giclas.jpg, 1910-12-09, 2007-04-02, 2561
Margaret Burbidge, http://upload.wikimedia.org/wikipedia/commons/thumb/a/a9/Margaret_burbidge.jpg/220px-Margaret_burbidge.jpg, 1919-08-12, , 8539
John Brashear, http://upload.wikimedia.org/wikipedia/commons/thumb/0/01/Brashear_John.jpg/220px-Brashear_John.jpg, 1840-11-24, 1920-04-08, 11113
Thomas Henderson (astronomer), http://upload.wikimedia.org/wikipedia/commons/thumb/7/72/Thomas_James_Henderson%2C_1798-1844_Henderson-01r.jpg/220px-Thomas_James_Henderson%2C_1798-1844_Henderson-01r.jpg, 1798-12-28, 1844-11-23, 5962
William Cranch Bond, http://upload.wikimedia.org/wikipedia/commons/thumb/4/4d/PSM_V47_D300_William_Cranch_Bond.jpg/220px-PSM_V47_D300_William_Cranch_Bond.jpg, , , 4207
John Goodricke, http://upload.wikimedia.org/wikipedia/commons/thumb/d/d0/Goodricke_John.jpg/220px-Goodricke_John.jpg, 1764-09-17, 1786-04-20, 6976
Geoffrey Marcy, http://upload.wikimedia.org/wikipedia/commons/thumb/a/a5/Geoffrey_Marcy.jpg/250px-Geoffrey_Marcy.jpg, 1954-09-29, , 17689
Andrew Lyne, http://upload.wikimedia.org/wikipedia/commons/thumb/5/54/Andrew_Lyne_cropped_from_Jodrell_Bank_Directors.jpg/220px-Andrew_Lyne_cropped_from_Jodrell_Bank_Directors.jpg, 1942-07-13, , 4225
John Russell Hind, http://upload.wikimedia.org/wikipedia/commons/thumb/c/c2/John_Russell_Hind_-_1.jpg/220px-John_Russell_Hind_-_1.jpg, 1823-05-12, 1895-12-23, 4849
Urbain Le Verrier, http://upload.wikimedia.org/wikipedia/commons/thumb/8/89/Urbain_Le_Verrier.jpg/220px-Urbain_Le_Verrier.jpg, 1811-03-11, 1877-09-23, 14046
Will Hay, http://upload.wikimedia.org/wikipedia/commons/thumb/f/fe/WillHayMyLearnedFriend.jpg/220px-WillHayMyLearnedFriend.jpg, 1888-12-06, 1949-04-18, 24413
Chris Lintott, http://upload.wikimedia.org/wikipedia/commons/thumb/0/00/Chris_Lintot_SIUE.jpg/220px-Chris_Lintot_SIUE.jpg, 1980-11-26, , 13424
Amy Mainzer, http://upload.wikimedia.org/wikipedia/commons/9/99/Amy_Mainzer.jpg, 1974-01-02, , 2465
Frederick C. Leonard, http://upload.wikimedia.org/wikipedia/commons/thumb/d/d3/FCL1947.jpg/220px-FCL1947.jpg, 1896-03-12, 1960-06-23, 9289
Christen Sørensen Longomontanus, http://upload.wikimedia.org/wikipedia/commons/thumb/e/ed/Logomontanus.jpg/200px-Logomontanus.jpg, 1562-10-04, 1647-10-08, 6493
Caroline Herschel, http://upload.wikimedia.org/wikipedia/commons/thumb/1/17/Herschel_Caroline_1829.jpg/220px-Herschel_Caroline_1829.jpg, 1750-03-16, 1848-01-09, 26026
Ejnar Hertzsprung, http://upload.wikimedia.org/wikipedia/commons/thumb/7/75/Karl_Schwarzschild_and_Ejnar_Hertzsprung_%281909%29.jpg/220px-Karl_Schwarzschild_and_Ejnar_Hertzsprung_%281909%29.jpg, 1873-10-08, 1967-10-21, 3091
Percival Lowell, http://upload.wikimedia.org/wikipedia/commons/thumb/9/91/Percival_Lowell_1900s2.jpg/220px-Percival_Lowell_1900s2.jpg, 1855-03-13, 1916-11-12, 17638
SN 2010lt, http://upload.wikimedia.org/wikipedia/commons/thumb/7/73/Blue_pencil.svg/10px-Blue_pencil.svg.png, , , 3124
Guo Shoujing, http://upload.wikimedia.org/wikipedia/commons/thumb/d/d2/Guo_Shoujing-beijing.JPG/220px-Guo_Shoujing-beijing.JPG, , , 11715
Edward Robert Harrison, http://upload.wikimedia.org/wikipedia/en/thumb/9/9e/Edward_Robert_Harrison.jpg/220px-Edward_Robert_Harrison.jpg, 1919-01-08, 2007-01-29, 5933
Asaph Hall, http://upload.wikimedia.org/wikipedia/commons/thumb/f/f1/Professor_Asaph_Hall.jpg/210px-Professor_Asaph_Hall.jpg, 1829-10-15, 1907-11-22, 10844
George Ellery Hale, http://upload.wikimedia.org/wikipedia/commons/thumb/b/b7/Portrait_of_George_Ellery_Hale.jpg/220px-Portrait_of_George_Ellery_Hale.jpg, 1868-06-29, 1938-02-21, 16246
Benjamin Apthorp Gould, http://upload.wikimedia.org/wikipedia/commons/thumb/5/5d/Benjamin_Apthorp_Gould_%28Harper%27s_Engraving%29.jpg/150px-Benjamin_Apthorp_Gould_%28Harper%27s_Engraving%29.jpg, 1824-09-27, 1896-11-26, 6247
John M. Grunsfeld, http://upload.wikimedia.org/wikipedia/commons/thumb/e/ec/John_Grunsfeld.jpg/220px-John_Grunsfeld.jpg, 1958-10-10, , 15664
Alan Guth, http://upload.wikimedia.org/wikipedia/commons/thumb/4/41/AlanGuthCambridge.jpg/220px-AlanGuthCambridge.jpg, 1947-02-27, , 17636
Hendrik C. van de Hulst, http://upload.wikimedia.org/wikipedia/commons/thumb/0/0c/Hendrik_C._van_de_Hulst_1977.jpg/220px-Hendrik_C._van_de_Hulst_1977.jpg, 1918-11-19, 2000-07-31, 2820
William Huggins, http://upload.wikimedia.org/wikipedia/commons/thumb/c/c7/Sir_William_Huggins_by_John_Collier.jpg/220px-Sir_William_Huggins_by_John_Collier.jpg, 1824-02-07, 1910-05-12, 9763
Chris Impey, http://upload.wikimedia.org/wikipedia/commons/thumb/1/19/Chris_Impey%2C_Astronomer.jpg/250px-Chris_Impey%2C_Astronomer.jpg, 1956-01-25, , 13556
Russell Alan Hulse, http://upload.wikimedia.org/wikipedia/commons/thumb/b/b3/Russell_Alan_Hulse.jpg/220px-Russell_Alan_Hulse.jpg, 1950-11-28, , 8613
Helen Sawyer Hogg, http://upload.wikimedia.org/wikipedia/commons/thumb/3/30/CMST-Hogg_plaque.jpg/220px-CMST-Hogg_plaque.jpg, 1905-08-01, 1993-01-28, 11124
Christopher Hansteen, http://upload.wikimedia.org/wikipedia/commons/thumb/7/70/Christopher_hansteen.jpg/220px-Christopher_hansteen.jpg, 1784-11-26, 1873-04-11, 8934
Gerard Kuiper, http://upload.wikimedia.org/wikipedia/commons/thumb/d/d8/Gerard_Kuiper_1964b.jpg/250px-Gerard_Kuiper_1964b.jpg, 1905-12-07, 1973-12-23, 5482
Johann Heinrich Lambert, http://upload.wikimedia.org/wikipedia/commons/thumb/9/9b/JHLambert.jpg/200px-JHLambert.jpg, 1728-08-26, 1777-09-25, 13643
Hubert Reeves, http://upload.wikimedia.org/wikipedia/commons/thumb/5/52/Hubert_Reeves.jpg/220px-Hubert_Reeves.jpg, 1932-07-13, , 4356
Richard A. Proctor, http://upload.wikimedia.org/wikipedia/commons/thumb/2/26/Richard_Anthony_Proctor2.jpg/230px-Richard_Anthony_Proctor2.jpg, 1837-03-23, 1888-09-12, 8603
Jan Oort, http://upload.wikimedia.org/wikipedia/commons/thumb/a/a2/JanOort.jpg/220px-JanOort.jpg, 1900-04-28, 1992-11-05, 36944
Jérôme Lalande, http://upload.wikimedia.org/wikipedia/commons/thumb/e/eb/J%C3%A9r%C3%B4me_Lalande.jpg/250px-J%C3%A9r%C3%B4me_Lalande.jpg, 1732-07-11, 1807-04-04, 8725
Paul G. Abel, http://upload.wikimedia.org/wikipedia/commons/thumb/3/32/Paul_G_Abel.jpg/220px-Paul_G_Abel.jpg, , , 7256
Henrietta Swan Leavitt, http://upload.wikimedia.org/wikipedia/commons/thumb/3/3b/Leavitt_aavso.jpg/185px-Leavitt_aavso.jpg, , 1921-12-12, 16234
Simon Newcomb, http://upload.wikimedia.org/wikipedia/commons/thumb/9/92/Simon_Newcomb_01.jpg/220px-Simon_Newcomb_01.jpg, 1835-03-12, 1909-07-11, 23920
Knut Jørgen Røed Ødegaard, http://upload.wikimedia.org/wikipedia/commons/thumb/9/90/Knut_J%C3%B8rgen_R%C3%B8ed_%C3%98degaard.JPG/175px-Knut_J%C3%B8rgen_R%C3%B8ed_%C3%98degaard.JPG, 1966-05-06, , 1436
William Lassell, http://upload.wikimedia.org/wikipedia/commons/thumb/f/fa/William_Lassell.jpg/180px-William_Lassell.jpg, 1799-06-18, 1880-10-05, 5286
Tobias Mayer, http://upload.wikimedia.org/wikipedia/commons/thumb/a/a3/Tobias_Mayer.jpg/220px-Tobias_Mayer.jpg, 1723-02-17, 1762-02-20, 7251
Simon Marius, http://upload.wikimedia.org/wikipedia/commons/thumb/1/1a/Houghton_GC6_M4552_614m_-_Simon_Marius_-_cropped.jpg/200px-Houghton_GC6_M4552_614m_-_Simon_Marius_-_cropped.jpg, , 1573-01-201625-01-05, 5736
Michel Mayor, http://upload.wikimedia.org/wikipedia/commons/thumb/e/e5/Michel_Mayor_astrophysicien.JPG/220px-Michel_Mayor_astrophysicien.JPG, 1942-01-12, , 11203
John C. Mather, http://upload.wikimedia.org/wikipedia/commons/thumb/7/72/John_Mather_%28cropped%29.jpg/220px-John_Mather_%28cropped%29.jpg, 1946-08-07, , 12983
Pierre Louis Maupertuis, http://upload.wikimedia.org/wikipedia/commons/thumb/2/20/PierreLouisMaupertuis.jpg/180px-PierreLouisMaupertuis.jpg, 1698-07-17, 1759-07-27, 20343
Jocelyn Bell Burnell, http://upload.wikimedia.org/wikipedia/commons/thumb/c/c4/Launch_of_IYA_2009%2C_Paris_-_Grygar%2C_Bell_Burnell_cropped.jpg/220px-Launch_of_IYA_2009%2C_Paris_-_Grygar%2C_Bell_Burnell_cropped.jpg, 1943-07-15, , 21454
Edward Walter Maunder, http://upload.wikimedia.org/wikipedia/commons/thumb/f/f6/Maunder_Edward_Walter.jpg/220px-Maunder_Edward_Walter.jpg, 1851-04-12, 1928-03-21, 8425
Janet Akyüz Mattei, http://upload.wikimedia.org/wikipedia/commons/9/91/JanetAkyuzMattei.jpg, 1943-01-02, 2004-03-22, 3057
David Rittenhouse, http://upload.wikimedia.org/wikipedia/commons/thumb/7/73/Charles_Willson_Peale_-_David_Rittenhouse_-_Google_Art_Project.jpg/220px-Charles_Willson_Peale_-_David_Rittenhouse_-_Google_Art_Project.jpg, 1732-04-08, 1796-06-26, 19230
Hans-Walter Rix, http://upload.wikimedia.org/wikipedia/commons/thumb/4/4c/HansWalterRix2009.jpg/220px-HansWalterRix2009.jpg, 1964-01-16, , 1506
Rudolph Minkowski, http://upload.wikimedia.org/wikipedia/commons/9/9e/Minkowski%2CRudolph_1934_London.jpg, 1895-05-28, 1976-01-04, 2443
Allan Sandage, http://upload.wikimedia.org/wikipedia/en/d/d6/Allan_Sandage.jpg, 1926-06-18, 2010-11-13, 11952
Giovanni Schiaparelli, http://upload.wikimedia.org/wikipedia/commons/thumb/0/04/Giovanni_Schiaparelli_1890s.jpg/180px-Giovanni_Schiaparelli_1890s.jpg, 1835-03-14, 1910-07-04, 8067
August Ferdinand Möbius, http://upload.wikimedia.org/wikipedia/commons/thumb/4/4f/August_Ferdinand_M%C3%B6bius.png/250px-August_Ferdinand_M%C3%B6bius.png, 1790-11-17, 1868-09-26, 4527
Edward Sabine, http://upload.wikimedia.org/wikipedia/en/thumb/f/f3/Edward_Sabine_1860s.jpg/220px-Edward_Sabine_1860s.jpg, 1788-10-14, 1883-06-26, 22438
Ernest Mouchez, http://upload.wikimedia.org/wikipedia/commons/thumb/1/10/Amiral_Mouchez.jpeg/220px-Amiral_Mouchez.jpeg, 1821-08-24, 1892-06-29, 4929
Maria Mitchell, http://upload.wikimedia.org/wikipedia/commons/thumb/2/23/Maria_Mitchell.jpg/220px-Maria_Mitchell.jpg, 1818-08-01, 1889-06-28, 21591
Banū Mūsā, http://upload.wikimedia.org/wikipedia/commons/thumb/0/01/Banu_musa_mechanical.jpg/220px-Banu_musa_mechanical.jpg, , , 18482
Regiomontanus, http://upload.wikimedia.org/wikipedia/commons/thumb/1/14/Johannes_Regiomontanus2.jpg/150px-Johannes_Regiomontanus2.jpg, 1436-06-06, 1476-07-06, 13315
Karl Schwarzschild, http://upload.wikimedia.org/wikipedia/commons/thumb/4/48/Schwarzschild.jpg/150px-Schwarzschild.jpg, 1873-10-09, 1916-05-11, 20390
Robert Schommer, http://upload.wikimedia.org/wikipedia/en/thumb/1/18/Robert_A_Schommer.jpg/170px-Robert_A_Schommer.jpg, 1946-12-09, 2001-12-12, 3764
César-François Cassini de Thury, http://upload.wikimedia.org/wikipedia/commons/thumb/c/cc/C%C3%A9sar-Fran%C3%A7ois_Cassini_-_Jean-Marc_Nattier.jpg/250px-C%C3%A9sar-Fran%C3%A7ois_Cassini_-_Jean-Marc_Nattier.jpg, 1714-06-17, 1784-09-04, 2879
Bonaventura Cavalieri, http://upload.wikimedia.org/wikipedia/commons/thumb/4/49/Bonaventura_Cavalieri.jpeg/220px-Bonaventura_Cavalieri.jpeg, , , 6213
Giovanni Domenico Cassini, http://upload.wikimedia.org/wikipedia/commons/thumb/d/d6/Giovanni_Cassini.jpg/220px-Giovanni_Cassini.jpg, 1625-06-08, 1712-09-14, 12778
Vincenzo Cerulli, http://upload.wikimedia.org/wikipedia/commons/thumb/3/37/Cerulli_vincenzo_2.jpg/220px-Cerulli_vincenzo_2.jpg, 1859-04-20, 1927-05-30, 2391
Fearon Fallows, http://upload.wikimedia.org/wikipedia/commons/thumb/2/2f/Fearon_fallows.jpg/220px-Fearon_fallows.jpg, 1788-07-04, 1831-07-25, 4158
Fred Espenak, http://upload.wikimedia.org/wikipedia/commons/thumb/9/90/Fred_Espenak.jpg/220px-Fred_Espenak.jpg, , , 3821
Debra Fischer, http://upload.wikimedia.org/wikipedia/commons/thumb/1/1b/Debra_fischer_1.jpg/220px-Debra_fischer_1.jpg, , , 2754
Ahmad ibn Muhammad ibn Kathir al-Farghani, http://upload.wikimedia.org/wikipedia/commons/thumb/b/b7/CairoRodaAlfraganusMonument.jpg/220px-CairoRodaAlfraganusMonument.jpg, , , 9393
Annie Jump Cannon, http://upload.wikimedia.org/wikipedia/commons/thumb/e/eb/Annie_Jump_Cannon_1922_Portrait.jpg/220px-Annie_Jump_Cannon_1922_Portrait.jpg, 1863-12-11, 1941-04-13, 17455
Félix Tisserand, http://upload.wikimedia.org/wikipedia/commons/3/36/F_tisserand.jpg, 1845-01-13, 1896-10-20, 6537
Carl August von Steinheil, http://upload.wikimedia.org/wikipedia/commons/thumb/3/39/Carl_August_Steinheil.jpg/220px-Carl_August_Steinheil.jpg, 1801-10-12, 1870-09-14, 4401
George Smoot, http://upload.wikimedia.org/wikipedia/commons/thumb/4/4f/George_smoot_06N7133a.jpg/220px-George_smoot_06N7133a.jpg, 1945-02-20, , 19947
William Henry Smyth, http://upload.wikimedia.org/wikipedia/commons/thumb/3/37/William_Henry_Smyth_-_medal.png/300px-William_Henry_Smyth_-_medal.png, 1788-01-21, 1865-09-08, 21495
Abu al-Wafa' Buzjani, http://upload.wikimedia.org/wikipedia/commons/thumb/5/59/Buzjani%2C_the_Persian.jpg/200px-Buzjani%2C_the_Persian.jpg, 940-06-10, , 12000
Julie Vinter Hansen, http://upload.wikimedia.org/wikipedia/en/thumb/f/ff/Julie_Vinter_Hansen.jpg/220px-Julie_Vinter_Hansen.jpg, 1890-07-20, 1960-07-27, 3403
Alexei Filippenko, http://upload.wikimedia.org/wikipedia/commons/thumb/7/73/Alexei_Filippenko.jpg/220px-Alexei_Filippenko.jpg, 1958-07-25, , 7706
William Alfred Fowler, http://upload.wikimedia.org/wikipedia/en/9/9b/William_Alfred_Fowler.jpg, 1911-08-09, 1995-03-14, 11879
Alfred Fowler, http://upload.wikimedia.org/wikipedia/commons/thumb/b/b7/Alfred_Fowler.jpg/220px-Alfred_Fowler.jpg, 1868-03-22, 1940-06-24, 4523
Andrew Fraknoi, http://upload.wikimedia.org/wikipedia/commons/thumb/6/6a/Andrew_Fraknoi.jpg/220px-Andrew_Fraknoi.jpg, 1948-08-24, , 7655
Olin J. Eggen, http://upload.wikimedia.org/wikipedia/en/thumb/c/ce/OlinEggen68x.jpg/150px-OlinEggen68x.jpg, 1919-07-09, 1998-10-02, 4566
James Ferguson (American astronomer), http://upload.wikimedia.org/wikipedia/commons/thumb/2/27/James_Ferguson_%28astronomer%29.jpg/150px-James_Ferguson_%28astronomer%29.jpg, 1797-08-31, 1867-09-26, 1819
Friedrich Georg Wilhelm von Struve, http://upload.wikimedia.org/wikipedia/commons/thumb/5/5a/Struve.jpg/150px-Struve.jpg, 1793-04-15, 1864-11-23, 9086
Edwin Brant Frost, http://upload.wikimedia.org/wikipedia/en/thumb/a/a4/Flag_of_the_United_States.svg/23px-Flag_of_the_United_States.svg.png, , 1866-07-141935-05-14, 2920
Williamina Fleming, http://upload.wikimedia.org/wikipedia/commons/thumb/7/79/Williamina_Paton_Stevens_Fleming_circa_1890s.jpg/200px-Williamina_Paton_Stevens_Fleming_circa_1890s.jpg, 1857-05-15, 1911-05-21, 6030
Kim Weaver, http://upload.wikimedia.org/wikipedia/commons/thumb/f/f9/Kim_Weaver_News_Interview_%283533838332%29.jpg/220px-Kim_Weaver_News_Interview_%283533838332%29.jpg, 1964-04-19, , 5839
Hermann Carl Vogel, http://upload.wikimedia.org/wikipedia/commons/thumb/d/d2/Vogel_Hermann_Carl.jpg/150px-Vogel_Hermann_Carl.jpg, 1841-04-03, 1907-08-13, 5213
James Van Allen, http://upload.wikimedia.org/wikipedia/commons/thumb/3/34/James_van_Allen.jpg/220px-James_van_Allen.jpg, 1914-09-07, 2006-08-09, 36633
Hendrik C. van de Hulst, http://upload.wikimedia.org/wikipedia/commons/thumb/0/0c/Hendrik_C._van_de_Hulst_1977.jpg/220px-Hendrik_C._van_de_Hulst_1977.jpg, 1918-11-19, 2000-07-31, 2820
Rachel Webster, http://upload.wikimedia.org/wikipedia/commons/thumb/7/73/Blue_pencil.svg/10px-Blue_pencil.svg.png, , , 4417
James Craig Watson, http://upload.wikimedia.org/wikipedia/commons/thumb/e/ee/James_Craig_Watson_%281838-1880%29.jpg/200px-James_Craig_Watson_%281838-1880%29.jpg, 1838-01-28, 1880-11-23, 5273
Daniel Kirkwood, http://upload.wikimedia.org/wikipedia/commons/7/7b/Daniel_Kirkwood.jpg, 1814-09-27, 1895-06-11, 5097
Jacobus Kapteyn, http://upload.wikimedia.org/wikipedia/commons/thumb/d/dd/Jacobus_Kapteyn.jpg/220px-Jacobus_Kapteyn.jpg, 1851-01-19, 1922-06-18, 5432
Jamal Nazrul Islam, http://upload.wikimedia.org/wikipedia/commons/thumb/a/a0/Jamal_Nazrul_Islam_addressing_in_inaugural_ceremony_of_bookstall_Baatighar_cropped.jpg/220px-Jamal_Nazrul_Islam_addressing_in_inaugural_ceremony_of_bookstall_Baatighar_cropped.jpg, 1939-02-24, 2013-03-16, 12991
James Hopwood Jeans, http://upload.wikimedia.org/wikipedia/commons/thumb/9/92/James_Hopwood_Jeans.jpg/220px-James_Hopwood_Jeans.jpg, 1877-09-11, 1946-09-16, 14333
Robert Kirshner, http://upload.wikimedia.org/wikipedia/commons/thumb/d/d7/RobertKirshnerIMG_2728x.jpg/220px-RobertKirshnerIMG_2728x.jpg, 1949-08-15, , 8845
Nicolas-Louis de Lacaille, http://upload.wikimedia.org/wikipedia/commons/thumb/2/2a/Lacaille.jpg/220px-Lacaille.jpg, 1713-12-29, 1762-03-21, 11227
Charles T. Kowal, http://upload.wikimedia.org/wikipedia/en/1/19/Charles_T._Kowal.jpg, 1940-11-08, 2011-11-28, 8152
Robert Kraft (astronomer), http://upload.wikimedia.org/wikipedia/commons/thumb/9/99/Kraft_%26_Suntzeff_2005.jpg/180px-Kraft_%26_Suntzeff_2005.jpg, 1927-06-16, 2015-05-26, 2313
Clyde Tombaugh, http://upload.wikimedia.org/wikipedia/commons/thumb/0/01/Clyde_W._Tombaugh.jpeg/220px-Clyde_W._Tombaugh.jpeg, 1906-02-04, 1997-01-17, 22599
Patrick Moore, http://upload.wikimedia.org/wikipedia/commons/8/87/Sir_Patrick_Moore.jpg, 1923-03-04, 2012-12-09, 42484
David Gill (astronomer), http://upload.wikimedia.org/wikipedia/commons/thumb/a/a3/David_Gill.jpg/220px-David_Gill.jpg, 1843-06-12, 1914-01-24, 7202
Aryabhata, http://upload.wikimedia.org/wikipedia/commons/thumb/a/af/2064_aryabhata-crp.jpg/220px-2064_aryabhata-crp.jpg, , , 33091
Walter Sydney Adams, http://upload.wikimedia.org/wikipedia/commons/thumb/6/6d/Walter_Sydney_Adams.jpg/150px-Walter_Sydney_Adams.jpg, 1876-12-20, 1956-05-11, 3967
George Biddell Airy, http://upload.wikimedia.org/wikipedia/commons/thumb/d/d5/George_Biddell_Airy_1891.jpg/220px-George_Biddell_Airy_1891.jpg, 1801-07-27, 1892-01-02, 31798
Ansel Adams, http://upload.wikimedia.org/wikipedia/commons/thumb/0/05/Ansel_Adams_and_camera.jpg/220px-Ansel_Adams_and_camera.jpg, 1902-02-20, 1984-04-22, 47149
Charles Greeley Abbot, http://upload.wikimedia.org/wikipedia/commons/thumb/4/42/Dr._Charles_G._Abbot_with_Book.jpg/200px-Dr._Charles_G._Abbot_with_Book.jpg, 1872-05-31, 1973-12-17, 13039
Antonio Abetti, http://upload.wikimedia.org/wikipedia/commons/thumb/c/cb/Abetti2.jpg/200px-Abetti2.jpg, 1846-06-19, 1928-02-20, 2284
Thomas Gold, http://upload.wikimedia.org/wikipedia/en/thumb/5/58/Thomas_Gold.jpg/220px-Thomas_Gold.jpg, 1920-05-22, 2004-06-22, 44281
Al-Battani, http://upload.wikimedia.org/wikipedia/commons/thumb/e/ed/Albategnius.jpeg/180px-Albategnius.jpeg, , , 14892
Al-Battani, http://upload.wikimedia.org/wikipedia/commons/thumb/e/ed/Albategnius.jpeg/180px-Albategnius.jpeg, , , 14892
John Couch Adams, http://upload.wikimedia.org/wikipedia/commons/thumb/c/ce/John_Couch_Adams_1870s.jpg/220px-John_Couch_Adams_1870s.jpg, 1819-06-05, 1892-01-21, 28636
Hannes Alfvén, http://upload.wikimedia.org/wikipedia/commons/thumb/b/b9/YoungAlfven.jpg/200px-YoungAlfven.jpg, 1908-05-30, 1995-04-02, 21896
Victor Ambartsumian, http://upload.wikimedia.org/wikipedia/commons/thumb/6/64/Viktor_Hambardzumyan.png/170px-Viktor_Hambardzumyan.png, 1908-09-18, 1996-08-12, 30842
Anders Jonas Ångström, http://upload.wikimedia.org/wikipedia/commons/1/1f/Anders_Jonas_%C3%85ngstr%C3%B6m_-_001.png, 1814-08-13, 1874-06-21, 6060
François Arago, http://upload.wikimedia.org/wikipedia/commons/thumb/b/b1/Arago_Francois_portrait.jpg/220px-Arago_Francois_portrait.jpg, , 1853-10-02, 26771
Svante Arrhenius, http://upload.wikimedia.org/wikipedia/commons/thumb/6/6c/Arrhenius2.jpg/220px-Arrhenius2.jpg, 1859-02-19, 1927-10-02, 28911
Jean Sylvain Bailly, http://upload.wikimedia.org/wikipedia/commons/thumb/d/de/Jean_Sylvain_Bailly%2C_maire_de_Paris.jpg/220px-Jean_Sylvain_Bailly%2C_maire_de_Paris.jpg, 1736-09-15, 1793-11-12, 21699
Joseph-Louis Lagrange, http://upload.wikimedia.org/wikipedia/commons/thumb/1/19/Lagrange_portrait.jpg/200px-Lagrange_portrait.jpg, 1736-01-25, 1813-04-10, 40399
Roger Joseph Boscovich, http://upload.wikimedia.org/wikipedia/commons/thumb/3/3b/Rudjer_Boskovic.jpg/220px-Rudjer_Boskovic.jpg, 1711-05-18, 1787-02-13, 40852
William Herschel, http://upload.wikimedia.org/wikipedia/commons/thumb/3/36/William_Herschel01.jpg/220px-William_Herschel01.jpg, 1738-11-15, 1822-08-25, 38149
Hipparchus, http://upload.wikimedia.org/wikipedia/commons/thumb/5/50/Hipparchos_1.jpeg/220px-Hipparchos_1.jpeg, , , 67129
Christiaan Huygens, http://upload.wikimedia.org/wikipedia/commons/thumb/5/51/Christiaan_Huygens.jpg/200px-Christiaan_Huygens.jpg, 1629-04-14, 1695-07-08, 58799
Pierre-Simon Laplace, http://upload.wikimedia.org/wikipedia/commons/thumb/b/bf/Pierre-Simon%2C_marquis_de_Laplace_%281745-1827%29_-_Gu%C3%A9rin.jpg/225px-Pierre-Simon%2C_marquis_de_Laplace_%281745-1827%29_-_Gu%C3%A9rin.jpg, 1749-03-23, 1827-03-05, 79101
Gerard K. O'Neill, http://upload.wikimedia.org/wikipedia/commons/thumb/3/3a/Gerard_Kitchen_ONeill.GIF/220px-Gerard_Kitchen_ONeill.GIF, 1927-02-06, 1992-04-27, 46081
Georges Lemaître, http://upload.wikimedia.org/wikipedia/commons/thumb/5/52/Lemaitre.jpg/220px-Lemaitre.jpg, 1894-07-17, 1966-06-20, 28635
Ole Rømer, http://upload.wikimedia.org/wikipedia/commons/thumb/1/1e/Ole_R%C3%B8mer_%28Coning_painting%29.jpg/220px-Ole_R%C3%B8mer_%28Coning_painting%29.jpg, 1644-09-25, 1710-09-19, 30226
Subrahmanyan Chandrasekhar, http://upload.wikimedia.org/wikipedia/en/thumb/3/3a/ChandraNobel.png/220px-ChandraNobel.png, 1910-10-19, 1995-08-21, 33863
Jayant Narlikar, http://upload.wikimedia.org/wikipedia/commons/thumb/1/1c/Jayant_Vishnu_Narlikar_-_Kolkata_2007-03-20_07324.jpg/220px-Jayant_Vishnu_Narlikar_-_Kolkata_2007-03-20_07324.jpg, 1938-07-19, , 24536
Brian Schmidt, http://upload.wikimedia.org/wikipedia/commons/thumb/d/d0/Brian_Schmidt.jpg/220px-Brian_Schmidt.jpg, 1967-02-24, , 29363
Arthur Eddington, http://upload.wikimedia.org/wikipedia/commons/thumb/2/24/Arthur_Stanley_Eddington.jpg/250px-Arthur_Stanley_Eddington.jpg, 1882-12-28, 1944-11-22, 40054
Nasir al-Din al-Tusi, http://upload.wikimedia.org/wikipedia/commons/thumb/b/b6/Al-Tusi_Nasir.jpeg/200px-Al-Tusi_Nasir.jpeg, , 1274-06-26, 35311
Muhammad ibn Musa al-Khwarizmi, http://upload.wikimedia.org/wikipedia/commons/thumb/a/a6/Khwarizmi_Amirkabir_University_of_Technology.png/225px-Khwarizmi_Amirkabir_University_of_Technology.png, , , 42779
Johannes Kepler, http://upload.wikimedia.org/wikipedia/commons/thumb/d/d4/Johannes_Kepler_1610.jpg/220px-Johannes_Kepler_1610.jpg, 1571-12-27, 1630-11-15, 80341
Neil deGrasse Tyson, http://upload.wikimedia.org/wikipedia/commons/thumb/f/f7/Tyson_-_Apollo_40th_anniversary_2009.jpg/250px-Tyson_-_Apollo_40th_anniversary_2009.jpg, 1958-10-05, , 54920
Ali Qushji, http://upload.wikimedia.org/wikipedia/en/b/b0/Ali_Ku%C5%9F%C3%A7u_Portre.jpg, , , 17784
Viktor Knorre, http://upload.wikimedia.org/wikipedia/commons/thumb/e/ef/Victor_Knorre.jpg/220px-Victor_Knorre.jpg, 1840-10-04, 1919-08-25, 4494
Antonie Pannekoek, http://upload.wikimedia.org/wikipedia/en/c/c6/Antonie_Pannekoek.jpg, 1873-01-02, 1960-04-28, 14200
Eugene Parker, http://upload.wikimedia.org/wikipedia/commons/thumb/3/34/Prof._Eugene_Parker_from_University_of_Chicago.jpg/220px-Prof._Eugene_Parker_from_University_of_Chicago.jpg, 1927-06-10, , 4651
Ruby Payne-Scott, http://upload.wikimedia.org/wikipedia/commons/thumb/9/9b/Peter-hall.ruby.payne-scott.jpg/220px-Peter-hall.ruby.payne-scott.jpg, 1912-05-28, 1981-05-25, 16826
Cecilia Payne-Gaposchkin, http://upload.wikimedia.org/wikipedia/commons/thumb/d/dc/Cecilia_Helena_Payne_Gaposchkin_%281900-1979%29_%282%29.jpg/220px-Cecilia_Helena_Payne_Gaposchkin_%281900-1979%29_%282%29.jpg, 1900-05-10, 1979-12-07, 17391
Johann Palisa, http://upload.wikimedia.org/wikipedia/commons/thumb/d/d9/Johann_Palisa_Plaque.jpg/170px-Johann_Palisa_Plaque.jpg, 1848-12-06, 1925-05-02, 7474
Bohdan Paczyński, http://upload.wikimedia.org/wikipedia/commons/thumb/3/32/Bohdan_Paczy%C5%84ski.jpg/220px-Bohdan_Paczy%C5%84ski.jpg, 1940-02-08, 2007-04-19, 5369
Ernst Öpik, http://upload.wikimedia.org/wikipedia/commons/thumb/8/85/ErnstJuliusOpik.jpg/150px-ErnstJuliusOpik.jpg, 1893-10-22, 1985-09-10, 6202
Grote Reber, http://upload.wikimedia.org/wikipedia/commons/thumb/d/d5/Grote_Reber.gif/200px-Grote_Reber.gif, 1911-12-22, 2002-12-20, 15929
Martin Rees, http://upload.wikimedia.org/wikipedia/commons/thumb/0/06/Martin_Rees-6Nov2005.jpg/220px-Martin_Rees-6Nov2005.jpg, 1942-06-23, , 17797
David L. Rabinowitz, http://upload.wikimedia.org/wikipedia/commons/3/3b/David_Rabinowitz.jpg, , , 4879
Georg von Peuerbach, http://upload.wikimedia.org/wikipedia/commons/thumb/f/f8/Peuerbach-Theoricarum-1515.png/150px-Peuerbach-Theoricarum-1515.png, 1423-05-30, 1461-04-08, 5710
Ali Qushji, http://upload.wikimedia.org/wikipedia/en/b/b0/Ali_Ku%C5%9F%C3%A7u_Portre.jpg, , , 17784
Adolphe Quetelet, http://upload.wikimedia.org/wikipedia/commons/thumb/6/68/Adolphe_Qu%C3%A9telet_by_Joseph-Arnold_Demannez.jpg/220px-Adolphe_Qu%C3%A9telet_by_Joseph-Arnold_Demannez.jpg, 1796-02-22, 1874-02-17, 12295
Charles Pritchard, http://upload.wikimedia.org/wikipedia/en/thumb/9/91/Charles_Pritchard_Astronomer.jpg/220px-Charles_Pritchard_Astronomer.jpg, 1808-02-29, 1893-05-20, 6476
Phil Plait, http://upload.wikimedia.org/wikipedia/commons/thumb/4/4c/Philip_Plait_2007.jpg/220px-Philip_Plait_2007.jpg, 1964-09-30, , 15605
Jean-Louis Pons, http://upload.wikimedia.org/wikipedia/commons/thumb/7/7b/Pons_1.jpg/220px-Pons_1.jpg, 1761-12-24, 1831-10-14, 4301
Giuseppe Piazzi, http://upload.wikimedia.org/wikipedia/commons/thumb/9/92/Giuseppe_Piazzi.jpg/160px-Giuseppe_Piazzi.jpg, 1746-07-16, 1826-07-22, 8750
Giovanni Antonio Amedeo Plana, http://upload.wikimedia.org/wikipedia/commons/thumb/2/21/Giovanni_Plana.jpg/220px-Giovanni_Plana.jpg, , 1864-01-21, 3858
William Henry Pickering, http://upload.wikimedia.org/wikipedia/commons/thumb/2/2a/Pickering_William_Henry_02598v.jpg/220px-Pickering_William_Henry_02598v.jpg, , 1938-01-16, 6061
Mark M. Phillips, http://upload.wikimedia.org/wikipedia/en/thumb/5/5e/MMPhillipsIMG_7293x.jpg/150px-MMPhillipsIMG_7293x.jpg, 1951-03-31, , 2616
Edward Charles Pickering, http://upload.wikimedia.org/wikipedia/commons/thumb/5/5d/Edward_Charles_Pickering_1880s.jpg/220px-Edward_Charles_Pickering_1880s.jpg, 1846-07-19, 1919-02-03, 5990
N. R. Pogson, http://upload.wikimedia.org/wikipedia/commons/thumb/e/e9/NR_Pogson.jpg/220px-NR_Pogson.jpg, 1829-03-23, 1891-06-23, 9627
Charles Dillon Perrine, http://upload.wikimedia.org/wikipedia/commons/thumb/c/c1/Perrine.JPG/220px-Perrine.JPG, 1867-07-28, 1951-06-21, 3546
Saul Perlmutter, http://upload.wikimedia.org/wikipedia/commons/thumb/5/5b/Nobel_Prize_2011-Press_Conference_KVA-DSC_7744.jpg/200px-Nobel_Prize_2011-Press_Conference_KVA-DSC_7744.jpg, 1959-09-22, , 17794
Abd al-Rahman al-Sufi, http://upload.wikimedia.org/wikipedia/commons/thumb/c/cc/2-abd-al-rahman-al-sufi.jpg/220px-2-abd-al-rahman-al-sufi.jpg, , , 10156
Rashid Sunyaev, http://upload.wikimedia.org/wikipedia/commons/thumb/3/33/Sunyaev.jpg/220px-Sunyaev.jpg, 1943-03-01, , 9819
Friedrich Georg Wilhelm von Struve, http://upload.wikimedia.org/wikipedia/commons/thumb/5/5a/Struve.jpg/150px-Struve.jpg, 1793-04-15, 1864-11-23, 9086
F. J. M. Stratton, http://upload.wikimedia.org/wikipedia/commons/thumb/e/e4/F.J.M._Stratton_astrophysicist.png/220px-F.J.M._Stratton_astrophysicist.png, , 1960-09-03, 6159
Eise Eisinga, http://upload.wikimedia.org/wikipedia/commons/thumb/0/0e/Willem_Bartel_van_der_Kooi_-_Eise_Eisinga.jpg/220px-Willem_Bartel_van_der_Kooi_-_Eise_Eisinga.jpg, 1744-02-21, 1828-08-27, 4935
Hans-Emil Schuster, http://upload.wikimedia.org/wikipedia/commons/thumb/6/64/Hans-Emil_Schuster.tif/lossy-page1-150px-Hans-Emil_Schuster.tif.jpg, 1934-09-19, , 3704
Aleksander Wolszczan, http://upload.wikimedia.org/wikipedia/commons/thumb/8/8f/Aleksander_Wolszczan_%282007%29.jpg/220px-Aleksander_Wolszczan_%282007%29.jpg, 1946-04-29, , 3606
Dirk Frimout, http://upload.wikimedia.org/wikipedia/commons/thumb/a/ad/Frimout.jpg/220px-Frimout.jpg, 1941-03-21, , 4722
Samuel Pierpont Langley, http://upload.wikimedia.org/wikipedia/commons/thumb/9/97/Samuel_Pierpont_Langley.jpg/220px-Samuel_Pierpont_Langley.jpg, 1834-08-22, 1906-02-27, 17515
George Van Biesbroeck, http://upload.wikimedia.org/wikipedia/commons/thumb/1/10/George_Van_Biesbroeck.jpg/220px-George_Van_Biesbroeck.jpg, 1880-01-21, 1974-02-23, 7226
Frank Schlesinger, http://upload.wikimedia.org/wikipedia/en/thumb/5/5d/Frank_Schlesinger.jpg/220px-Frank_Schlesinger.jpg, 1871-05-11, 1943-07-10, 4888
Meghnad Saha, http://upload.wikimedia.org/wikipedia/commons/thumb/e/ef/Dr-Meghnad-Saha.jpg/220px-Dr-Meghnad-Saha.jpg, 1893-10-06, 1956-02-16, 11653
Adam Riess, http://upload.wikimedia.org/wikipedia/commons/thumb/7/70/Nobel_Prize_2011-Press_Conference_KVA-DSC_7764.jpg/220px-Nobel_Prize_2011-Press_Conference_KVA-DSC_7764.jpg, 1969-12-16, , 15197
Henry Norris Russell, http://upload.wikimedia.org/wikipedia/commons/thumb/a/af/Portrait_of_Henry_Norris_Russell.jpg/220px-Portrait_of_Henry_Norris_Russell.jpg, 1877-10-25, 1957-02-18, 6410
James Challis, http://upload.wikimedia.org/wikipedia/commons/6/6b/James_Challis.jpg, 1803-12-12, 1882-12-03, 9846
Edward Arthur Milne, http://upload.wikimedia.org/wikipedia/commons/thumb/2/2f/Poetgroup.jpg/220px-Poetgroup.jpg, 1896-02-14, 1950-09-21, 12749
Jacques Cassini, http://upload.wikimedia.org/wikipedia/commons/thumb/f/f1/Jacques_Cassini.jpg/180px-Jacques_Cassini.jpg, 1677-02-18, 1756-04-16, 2796
Banū Mūsā, http://upload.wikimedia.org/wikipedia/commons/thumb/0/01/Banu_musa_mechanical.jpg/220px-Banu_musa_mechanical.jpg, , , 18482
Joseph von Fraunhofer, http://upload.wikimedia.org/wikipedia/commons/thumb/e/e9/Fraunhofer_2.jpg/220px-Fraunhofer_2.jpg, 1787-03-06, 1826-06-07, 13495
Johann Franz Encke, http://upload.wikimedia.org/wikipedia/commons/thumb/1/1d/Johann_Franz_Encke.jpg/250px-Johann_Franz_Encke.jpg, 1791-09-23, 1865-08-26, 7976
Virginia Louise Trimble, http://upload.wikimedia.org/wikipedia/commons/7/71/Virginia_Trimble_being_introduced_at_the_75th_Anniversary_of_The_Shapley_-_Curtis_Debate.gif, 1943-11-15, , 5589
Harlow Shapley, http://upload.wikimedia.org/wikipedia/commons/8/87/HarlowShapely-crop.jpeg, , 1972-10-20, 15757
Giovanni Battista Riccioli, http://upload.wikimedia.org/wikipedia/commons/thumb/6/6a/Giovanni_Battista_Riccioli.jpg/220px-Giovanni_Battista_Riccioli.jpg, 1598-04-17, 1671-06-25, 40052
Vesto Slipher, http://upload.wikimedia.org/wikipedia/commons/thumb/a/a7/V.M._Slipher.gif/220px-V.M._Slipher.gif, 1875-11-11, 1969-11-08, 5784
Gérard de Vaucouleurs, http://upload.wikimedia.org/wikipedia/en/thumb/5/5a/G%C3%A9rard_de_Vaucouleurs00.jpg/225px-G%C3%A9rard_de_Vaucouleurs00.jpg, 1918-04-25, 1995-10-07, 3826
Matthew Fontaine Maury, http://upload.wikimedia.org/wikipedia/commons/thumb/0/06/Lt._Matthew_Maury.jpg/220px-Lt._Matthew_Maury.jpg, 1806-01-14, 1873-02-01, 36404
Thomas Young (scientist), http://upload.wikimedia.org/wikipedia/commons/thumb/9/9f/Thomas_Young_%28scientist%29.jpg/240px-Thomas_Young_%28scientist%29.jpg, 1773-06-13, 1829-05-10, 28066
Frank K. Edmondson, http://upload.wikimedia.org/wikipedia/en/thumb/6/61/Searchtool.svg/16px-Searchtool.svg.png, 1912-08-01, 2008-12-08, 5092
Jane Luu, http://upload.wikimedia.org/wikipedia/commons/thumb/9/92/JaneLu%40Stellafanesml_8416.jpg/250px-JaneLu%40Stellafanesml_8416.jpg, , , 11851
Godefroy Wendelin, http://upload.wikimedia.org/wikipedia/commons/thumb/a/a2/Godefridus_Wendelinus_by_Philip_Fruytiers_%281648%29.jpg/220px-Godefridus_Wendelinus_by_Philip_Fruytiers_%281648%29.jpg, 1580-06-06, 1667-10-24, 13648
Fred Lawrence Whipple, http://upload.wikimedia.org/wikipedia/en/thumb/1/16/FredLawrenceWhipple.jpg/200px-FredLawrenceWhipple.jpg, 1906-11-05, 2004-08-30, 6334
Carl Friedrich von Weizsäcker, http://upload.wikimedia.org/wikipedia/commons/thumb/f/f0/Carl_Friedrich_von_Weizsaecker.jpg/220px-Carl_Friedrich_von_Weizsaecker.jpg, , 2007-04-28, 22699
Alfred Wegener, http://upload.wikimedia.org/wikipedia/commons/thumb/6/65/Alfred_Wegener_ca.1924-30.jpg/220px-Alfred_Wegener_ca.1924-30.jpg, 1880-11-01, , 27159
John Winthrop (educator), http://upload.wikimedia.org/wikipedia/commons/thumb/4/48/JohnWinthropAstronomer.jpg/220px-JohnWinthropAstronomer.jpg, 1714-12-19, 1779-05-03, 5923
Nevil Maskelyne, http://upload.wikimedia.org/wikipedia/commons/thumb/5/59/Maskelyne_Nevil.jpg/240px-Maskelyne_Nevil.jpg, , , 13772
Shinzo Shinjo, http://upload.wikimedia.org/wikipedia/commons/thumb/a/a0/Shinzo_Shinjo.jpg/200px-Shinzo_Shinjo.jpg, 1873-08-29, 1938-08-01, 3164
Banū Mūsā, http://upload.wikimedia.org/wikipedia/commons/thumb/0/01/Banu_musa_mechanical.jpg/220px-Banu_musa_mechanical.jpg, , , 18482
Johann Gottfried Galle, http://upload.wikimedia.org/wikipedia/commons/thumb/d/da/JohannGalle.jpg/220px-JohannGalle.jpg, , 1910-07-10, 6562
Paul Wild (Swiss astronomer), http://upload.wikimedia.org/wikipedia/commons/thumb/4/4e/Paul_Wild_Universit%C3%A4t_Bern_2006.jpg/235px-Paul_Wild_Universit%C3%A4t_Bern_2006.jpg, 1925-10-05, 2014-07-02, 7222
Karl Guthe Jansky, http://upload.wikimedia.org/wikipedia/commons/thumb/4/4c/Karl_Jansky.jpg/150px-Karl_Jansky.jpg, 1905-10-22, 1950-02-14, 13717
Beatrice Tinsley, http://upload.wikimedia.org/wikipedia/en/4/4c/Beatrice_Tinsley.jpg, 1941-01-27, 1981-03-23, 9659
Martin Schwarzschild, http://upload.wikimedia.org/wikipedia/commons/thumb/9/92/Martin_Schwarzschild_photo.jpg/200px-Martin_Schwarzschild_photo.jpg, 1912-05-31, 1997-04-10, 6973
Mary Somerville, http://upload.wikimedia.org/wikipedia/commons/thumb/0/06/Thomas_Phillips_-_Mary_Fairfax%2C_Mrs_William_Somerville%2C_1780_-_1872._Writer_on_science_-_Google_Art_Project.jpg/220px-Thomas_Phillips_-_Mary_Fairfax%2C_Mrs_William_Somerville%2C_1780_-_1872._Writer_on_science_-_Google_Art_Project.jpg, 1780-12-26, 1872-11-29, 19203
Robert Woodrow Wilson, http://upload.wikimedia.org/wikipedia/commons/thumb/2/23/Robert_Wilson_%2828215880301%29_%28cropped%29.jpg/220px-Robert_Wilson_%2828215880301%29_%28cropped%29.jpg, 1936-01-10, , 7481
Willem de Sitter, http://upload.wikimedia.org/wikipedia/commons/thumb/3/35/WillemDeSitter3.jpg/220px-WillemDeSitter3.jpg, 1872-05-06, 1934-11-20, 8149
Thorvald N. Thiele, http://upload.wikimedia.org/wikipedia/commons/thumb/7/75/Thiele1.jpg/200px-Thiele1.jpg, 1838-12-24, 1910-09-26, 9815
Johann Daniel Titius, http://upload.wikimedia.org/wikipedia/commons/thumb/6/6d/Johann_Daniel_Titius.jpg/220px-Johann_Daniel_Titius.jpg, 1729-01-02, 1796-12-16, 4106
Angelo Secchi, http://upload.wikimedia.org/wikipedia/commons/thumb/6/68/Angelo_Secchi.jpg/220px-Angelo_Secchi.jpg, 1818-06-29, 1878-02-26, 8484
Eugene Merle Shoemaker, http://upload.wikimedia.org/wikipedia/commons/thumb/7/77/Eugene_Shoemaker.jpg/250px-Eugene_Shoemaker.jpg, 1928-04-28, 1997-07-18, 13524
Marc Kuchner, http://upload.wikimedia.org/wikipedia/commons/thumb/6/6c/500482main_kuchner-226x285.jpg/220px-500482main_kuchner-226x285.jpg, 1972-08-07, , 6052
Michael E. Brown, http://upload.wikimedia.org/wikipedia/commons/thumb/d/dc/Michael_E_Brown_1.jpg/220px-Michael_E_Brown_1.jpg, 1965-06-05, , 12251
Cuno Hoffmeister, http://upload.wikimedia.org/wikipedia/commons/0/00/Cuno_Hoffmeister.jpg, 1892-02-02, 1968-01-02, 3949
Norman Lockyer, http://upload.wikimedia.org/wikipedia/commons/thumb/9/91/Picture_of_Norman_Lockyer.jpg/220px-Picture_of_Norman_Lockyer.jpg, 1836-05-17, 1920-08-16, 10443
Knut Lundmark, http://upload.wikimedia.org/wikipedia/commons/thumb/1/12/Portrait_of_swedish_professor_Knut_Lundmark_as_student_1908.jpg/220px-Portrait_of_swedish_professor_Knut_Lundmark_as_student_1908.jpg, 1889-06-14, 1958-04-23, 2844
Adriaan van Maanen, http://upload.wikimedia.org/wikipedia/en/c/cd/Maanen_A_van_583.jpg, 1884-03-31, 1946-01-26, 5163
Johannes Hevelius, http://upload.wikimedia.org/wikipedia/commons/thumb/c/c7/Johannes_Hevelius%28close-up%29.jpg/220px-Johannes_Hevelius%28close-up%29.jpg, 1611-01-28, 1687-01-28, 16770
Iosif Shklovsky, http://upload.wikimedia.org/wikipedia/en/4/45/Shklovskiy_Iosif.jpg, , 1985-03-03, 8402
John Flamsteed, http://upload.wikimedia.org/wikipedia/commons/thumb/1/16/John_Flamsteed_1702.jpg/220px-John_Flamsteed_1702.jpg, , , 13884
Anders Celsius, http://upload.wikimedia.org/wikipedia/commons/thumb/9/9f/Anders_Celsius.jpg/215px-Anders_Celsius.jpg, 1701-11-27, 1744-04-25, 7702
Dominique, comte de Cassini, http://upload.wikimedia.org/wikipedia/commons/thumb/0/0b/Jean-Dominique_Cassini_%28Cassini_IV%29_-_Julien_L%C3%A9opold_Boilly.jpg/220px-Jean-Dominique_Cassini_%28Cassini_IV%29_-_Julien_L%C3%A9opold_Boilly.jpg, 1748-06-30, 1845-10-18, 3149
Regiomontanus, http://upload.wikimedia.org/wikipedia/commons/thumb/1/14/Johannes_Regiomontanus2.jpg/150px-Johannes_Regiomontanus2.jpg, 1436-06-06, 1476-07-06, 13315
Sandra Faber, http://upload.wikimedia.org/wikipedia/commons/thumb/6/61/Sandra-faber-barack-obama.png/220px-Sandra-faber-barack-obama.png, 1944-12-28, , 20664
Eratosthenes, http://upload.wikimedia.org/wikipedia/commons/thumb/b/b3/Eratosthene.01.png/220px-Eratosthene.01.png, , , 29372
Carl Friedrich Gauss, http://upload.wikimedia.org/wikipedia/commons/thumb/e/ec/Carl_Friedrich_Gauss_1840_by_Jensen.jpg/220px-Carl_Friedrich_Gauss_1840_by_Jensen.jpg, 1777-04-30, 1855-02-23, 53343
Isaac Newton, http://upload.wikimedia.org/wikipedia/commons/thumb/3/39/GodfreyKneller-IsaacNewton-1689.jpg/220px-GodfreyKneller-IsaacNewton-1689.jpg, 1643-01-04, 1726-03-201727-03-31, 90392
Bruno Rossi, http://upload.wikimedia.org/wikipedia/commons/thumb/7/7a/Bruno_B_Rossi.jpg/220px-Bruno_B_Rossi.jpg, 1905-04-13, 1993-11-21, 75004
Carl Sagan, http://upload.wikimedia.org/wikipedia/commons/thumb/b/be/Carl_Sagan_Planetary_Society.JPG/220px-Carl_Sagan_Planetary_Society.JPG, 1934-11-09, 1996-12-20, 90307
Omar Khayyam, http://upload.wikimedia.org/wikipedia/commons/thumb/f/f8/Omar_Khayyam_Profile.jpg/220px-Omar_Khayyam_Profile.jpg, , , 45899
Carolyn Porco, http://upload.wikimedia.org/wikipedia/commons/thumb/1/15/Carolyn_Porco_2016.jpg/180px-Carolyn_Porco_2016.jpg, 1953-03-06, , 26560
Pythagoras, http://upload.wikimedia.org/wikipedia/commons/thumb/1/1a/Kapitolinischer_Pythagoras_adjusted.jpg/220px-Kapitolinischer_Pythagoras_adjusted.jpg, , , 60907
Ptolemy, http://upload.wikimedia.org/wikipedia/commons/thumb/0/0b/PSM_V78_D326_Ptolemy.png/220px-PSM_V78_D326_Ptolemy.png, , , 38251
Edwin Hubble, http://upload.wikimedia.org/wikipedia/commons/e/e5/Edwin-hubble.jpg, 1889-11-20, 1953-09-28, 26232
John Archibald Wheeler, http://upload.wikimedia.org/wikipedia/commons/thumb/f/fe/John_Archibald_Wheeler_1985.jpg/220px-John_Archibald_Wheeler_1985.jpg, 1911-07-09, 2008-04-13, 56309
Chandra Wickramasinghe, http://upload.wikimedia.org/wikipedia/commons/thumb/1/15/Chandra-Wickramasinghe.jpg/220px-Chandra-Wickramasinghe.jpg, 1939-01-20, , 41885
James Clerk Maxwell, http://upload.wikimedia.org/wikipedia/commons/thumb/5/57/James_Clerk_Maxwell.png/225px-James_Clerk_Maxwell.png, 1831-06-13, 1879-11-05, 52846
Qutb al-Din al-Shirazi, http://upload.wikimedia.org/wikipedia/commons/thumb/9/94/Ghotb2.jpg/220px-Ghotb2.jpg, , , 23197
Charles H. Townes, http://upload.wikimedia.org/wikipedia/commons/thumb/c/c1/Charles_Hard_Townes-Nibib-2007-retouched.jpg/200px-Charles_Hard_Townes-Nibib-2007-retouched.jpg, 1915-07-28, 2015-01-27, 28761
Kip Thorne, http://upload.wikimedia.org/wikipedia/commons/thumb/2/22/Kip_Thorne_at_Caltech.jpg/240px-Kip_Thorne_at_Caltech.jpg, 1940-06-01, , 29690
Carolyn S. Shoemaker, http://upload.wikimedia.org/wikipedia/commons/thumb/8/8f/Carolyn_Shoemaker.jpg/220px-Carolyn_Shoemaker.jpg, 1929-06-24, , 19629
Fritz Zwicky, http://upload.wikimedia.org/wikipedia/en/e/ef/Fritz_Zwicky.png, , 1974-02-08, 26170
Shen Kuo, http://upload.wikimedia.org/wikipedia/commons/thumb/4/40/Shen_Kua.JPG/280px-Shen_Kua.JPG, , , 81089
Tycho Brahe, http://upload.wikimedia.org/wikipedia/commons/thumb/2/2b/Tycho_Brahe.JPG/220px-Tycho_Brahe.JPG, , 1601-10-24, 74073
Fred Hoyle, http://upload.wikimedia.org/wikipedia/en/thumb/f/ff/Fred_Hoyle.jpg/250px-Fred_Hoyle.jpg, 1915-06-24, 2001-08-20, 41672
Vera Rubin, http://upload.wikimedia.org/wikipedia/commons/6/6c/Vera_Rubin.jpg, 1928-07-23, 2016-12-25, 41364
Heinrich Wilhelm Matthias Olbers, http://upload.wikimedia.org/wikipedia/commons/thumb/7/7b/Heinrich_Wilhelm_Matthias_Olbers.jpg/200px-Heinrich_Wilhelm_Matthias_Olbers.jpg, 1758-10-11, 1840-03-02, 4735
Frank Watson Dyson, http://upload.wikimedia.org/wikipedia/commons/thumb/c/cd/Frank_Watson_Dyson.jpg/240px-Frank_Watson_Dyson.jpg, 1868-01-08, , 6803
Camille Flammarion, http://upload.wikimedia.org/wikipedia/commons/thumb/7/7b/Camille_Flammarion.003.jpg/170px-Camille_Flammarion.003.jpg, 1842-02-26, 1925-06-03, 20972
Andrew Ainslie Common, http://upload.wikimedia.org/wikipedia/commons/thumb/3/32/Common_Andrew_Ainslie.jpg/220px-Common_Andrew_Ainslie.jpg, , , 7614
Alexander Dalgarno, http://upload.wikimedia.org/wikipedia/commons/thumb/0/07/Alex_Dalgarno_at_Harvard.jpg/220px-Alex_Dalgarno_at_Harvard.jpg, 1928-01-05, 2015-04-09, 4092
Gérard de Vaucouleurs, http://upload.wikimedia.org/wikipedia/en/thumb/5/5a/G%C3%A9rard_de_Vaucouleurs00.jpg/225px-G%C3%A9rard_de_Vaucouleurs00.jpg, 1918-04-25, 1995-10-07, 3826
Willem de Sitter, http://upload.wikimedia.org/wikipedia/commons/thumb/3/35/WillemDeSitter3.jpg/220px-WillemDeSitter3.jpg, 1872-05-06, 1934-11-20, 8149
Jean Baptiste Joseph Delambre, http://upload.wikimedia.org/wikipedia/commons/thumb/0/00/Jean_Baptiste_Joseph_Delambre.png/250px-Jean_Baptiste_Joseph_Delambre.png, 1749-09-19, 1822-08-19, 8817
Guy Consolmagno, http://upload.wikimedia.org/wikipedia/commons/thumb/a/aa/Br_Guy_in_Lab.jpg/220px-Br_Guy_in_Lab.jpg, 1952-09-19, , 6577
Ewine van Dishoeck, http://upload.wikimedia.org/wikipedia/commons/thumb/f/f3/EwineVanDishoeck.jpg/220px-EwineVanDishoeck.jpg, 1955-06-13, , 4175
James W. Christy, http://upload.wikimedia.org/wikipedia/commons/thumb/2/2b/James_Christy_%26_Robert_Harrington_in_1978.jpg/220px-James_Christy_%26_Robert_Harrington_in_1978.jpg, 1938-09-15, , 3625
George Darwin, http://upload.wikimedia.org/wikipedia/commons/thumb/d/dc/George_Darwin_sepia_tone.jpg/240px-George_Darwin_sepia_tone.jpg, 1845-07-09, 1912-12-07, 11823
Charles-Eugène Delaunay, http://upload.wikimedia.org/wikipedia/commons/thumb/d/dd/Charles_Eugene_Delaunay.jpeg/150px-Charles_Eugene_Delaunay.jpeg, 1816-04-09, 1872-08-05, 2971
Roger Davies (astrophysicist), http://upload.wikimedia.org/wikipedia/commons/thumb/e/e5/Roger_Davies.jpg/220px-Roger_Davies.jpg, 1954-01-13, , 3910
Henry Draper, http://upload.wikimedia.org/wikipedia/commons/thumb/d/db/Henry_Draper2.jpg/220px-Henry_Draper2.jpg, 1837-03-07, 1882-11-20, 4148
William Rutter Dawes, http://upload.wikimedia.org/wikipedia/commons/thumb/c/c1/Dawes_William_Rutter.jpg/150px-Dawes_William_Rutter.jpg, 1799-03-19, 1868-02-15, 2453
Frank Drake, http://upload.wikimedia.org/wikipedia/commons/thumb/7/75/Frank_Drake_-_edit.jpg/150px-Frank_Drake_-_edit.jpg, 1930-05-28, , 7758
Jim Peebles, http://upload.wikimedia.org/wikipedia/commons/thumb/f/fb/Jim_Peebles.jpg/250px-Jim_Peebles.jpg, 1935-04-25, , 7817
Otto Struve, http://upload.wikimedia.org/wikipedia/commons/c/c7/Otto_Struve_US_post_1949crop.JPG, 1897-08-12, 1963-04-06, 26295
Joseph Hooton Taylor Jr., http://upload.wikimedia.org/wikipedia/commons/thumb/1/14/2008JosephTaylor.jpg/180px-2008JosephTaylor.jpg, 1941-03-29, , 13997
Nicholas B. Suntzeff, http://upload.wikimedia.org/wikipedia/commons/thumb/d/d2/Nbs2009_02.jpg/180px-Nbs2009_02.jpg, 1952-11-22, , 11966
Willebrord Snellius, http://upload.wikimedia.org/wikipedia/commons/thumb/b/b8/Willebrord_Snellius.jpg/200px-Willebrord_Snellius.jpg, , 1626-10-30, 7389
Hermann Struve, http://upload.wikimedia.org/wikipedia/commons/thumb/5/5e/Karl_Hermann_Struve.jpg/250px-Karl_Hermann_Struve.jpg, 1854-10-03, 1920-08-12, 12088
Lyman Spitzer, http://upload.wikimedia.org/wikipedia/commons/2/25/Lyman_Spitzer.jpg, 1914-06-26, 1997-03-31, 9769
Su Song, http://upload.wikimedia.org/wikipedia/commons/thumb/a/ab/%E8%98%87%E9%A0%8C%E5%85%A8%E8%BA%AB.jpg/220px-%E8%98%87%E9%A0%8C%E5%85%A8%E8%BA%AB.jpg, , , 31661
Yrjö Väisälä, http://upload.wikimedia.org/wikipedia/commons/thumb/0/0f/Yrj%C3%B6_V%C3%A4is%C3%A4l%C3%A4.jpg/180px-Yrj%C3%B6_V%C3%A4is%C3%A4l%C3%A4.jpg, 1891-09-06, 1971-07-21, 10278
Anne Sewell Young, http://upload.wikimedia.org/wikipedia/commons/thumb/d/de/Anne_Sewell_Young.jpg/220px-Anne_Sewell_Young.jpg, , 1961-08-15, 2796
Charles Augustus Young, http://upload.wikimedia.org/wikipedia/commons/thumb/2/2c/Charles_Augustus_Young.jpg/220px-Charles_Augustus_Young.jpg, 1834-12-15, 1908-01-03, 1973
Franz Xaver von Zach, http://upload.wikimedia.org/wikipedia/commons/thumb/e/e8/Franz_Xaver%2C_Baron_Von_Zach.jpg/150px-Franz_Xaver%2C_Baron_Von_Zach.jpg, 1754-06-04, 1832-09-02, 5154
John Zarnecki, http://upload.wikimedia.org/wikipedia/commons/thumb/5/56/Johnzarnecki_ras_meeting_11dec2015.jpg/220px-Johnzarnecki_ras_meeting_11dec2015.jpg, 1949-11-06, , 6985
Carl Gustav Witt, http://upload.wikimedia.org/wikipedia/commons/thumb/6/69/GustavWitt.jpg/150px-GustavWitt.jpg, 1866-10-29, 1946-01-03, 2316
Jill Tarter, http://upload.wikimedia.org/wikipedia/commons/thumb/b/b4/Jill_Tarter_at_TED_in_2009.jpg/220px-Jill_Tarter_at_TED_in_2009.jpg, 1944-01-16, , 6509
Yakov Borisovich Zel'dovich, http://upload.wikimedia.org/wikipedia/commons/thumb/2/23/RUSMARKA-1827.jpg/220px-RUSMARKA-1827.jpg, , 1987-12-02, 10655
Antonio de Ulloa, http://upload.wikimedia.org/wikipedia/commons/thumb/b/b6/Almirante_Antonio_de_Ulloa.jpg/200px-Almirante_Antonio_de_Ulloa.jpg, 1716-01-12, 1795-07-03, 11024
Mary Watson Whitney, http://upload.wikimedia.org/wikipedia/commons/thumb/d/da/Mary_Watson_Whitney.jpg/220px-Mary_Watson_Whitney.jpg, , 1921-01-21, 2987
Felix Ziegel, http://upload.wikimedia.org/wikipedia/en/thumb/4/41/Zigel_felix.jpg/200px-Zigel_felix.jpg, , , 22692
Vinod Johri, http://upload.wikimedia.org/wikipedia/commons/thumb/c/ca/VinodJohri.JPG/220px-VinodJohri.JPG, 1935-06-10, 2014-05-10, 10131
William Parsons, 3rd Earl of Rosse, http://upload.wikimedia.org/wikipedia/commons/thumb/b/b5/William_Parsons%2C_3rd_Earl_of_Rosse_photo.jpg/200px-William_Parsons%2C_3rd_Earl_of_Rosse_photo.jpg, 1800-06-17, 1867-10-31, 12610
Nicolaus Olahus, http://upload.wikimedia.org/wikipedia/commons/thumb/6/6c/Nicolaus_olahus.jpg/220px-Nicolaus_olahus.jpg, 1493-01-10, 1568-01-14, 7612
M. Shahid Qureshi, http://upload.wikimedia.org/wikipedia/commons/thumb/7/7e/Prof_Dr_M_Shahid_Qureshi.jpg/200px-Prof_Dr_M_Shahid_Qureshi.jpg, , , 12305
Samad Rizvi, http://upload.wikimedia.org/wikipedia/commons/thumb/2/2e/Samad_Hussain_Rizvi.jpg/220px-Samad_Hussain_Rizvi.jpg, 1924-07-23, 2009-12-17, 1913
Henry Kandrup, http://upload.wikimedia.org/wikipedia/commons/thumb/5/58/Henry_Emil_Kandrup.jpg/170px-Henry_Emil_Kandrup.jpg, 1955-07-24, 2003-10-18, 3868
James Edward Keeler, http://upload.wikimedia.org/wikipedia/commons/thumb/1/18/Keeler_James.jpg/150px-Keeler_James.jpg, 1857-09-10, 1900-08-12, 6070
Galileo Galilei, http://upload.wikimedia.org/wikipedia/commons/thumb/d/d4/Justus_Sustermans_-_Portrait_of_Galileo_Galilei%2C_1636.jpg/220px-Justus_Sustermans_-_Portrait_of_Galileo_Galilei%2C_1636.jpg, 1564-02-15, 1642-01-08, 117115
Stephen Hawking, http://upload.wikimedia.org/wikipedia/commons/thumb/e/eb/Stephen_Hawking.StarChild.jpg/220px-Stephen_Hawking.StarChild.jpg, 1942-01-08, , 91688
Albert Einstein, http://upload.wikimedia.org/wikipedia/commons/thumb/3/3e/Einstein_1921_by_F_Schmutzer_-_restoration.jpg/220px-Einstein_1921_by_F_Schmutzer_-_restoration.jpg, 1879-03-14, 1955-04-18, 115355
Brian May, http://upload.wikimedia.org/wikipedia/commons/thumb/7/78/Brian-May_with_red_special.jpg/220px-Brian-May_with_red_special.jpg, 1947-07-19, , 71004
Abdus Salam, http://upload.wikimedia.org/wikipedia/commons/thumb/5/53/Abdus_Salam_1987.jpg/250px-Abdus_Salam_1987.jpg, 1926-01-29, 1996-11-21, 72398
Niels Bohr, http://upload.wikimedia.org/wikipedia/commons/thumb/6/6d/Niels_Bohr.jpg/220px-Niels_Bohr.jpg, 1885-10-07, 1962-11-18, 67896
Roger Penrose, http://upload.wikimedia.org/wikipedia/commons/thumb/d/d5/Roger_Penrose_at_Festival_della_Scienza_Oct_29_2011.jpg/220px-Roger_Penrose_at_Festival_della_Scienza_Oct_29_2011.jpg, 1931-08-08, , 40719
Hans Bethe, http://upload.wikimedia.org/wikipedia/commons/thumb/5/5f/Hans_Bethe.jpg/220px-Hans_Bethe.jpg, 1906-07-02, 2005-03-06, 53850
Zhang Heng, http://upload.wikimedia.org/wikipedia/commons/thumb/4/47/Zhang_Heng.jpg/185px-Zhang_Heng.jpg, , , 67560
Freeman Dyson, http://upload.wikimedia.org/wikipedia/commons/thumb/3/3d/Freeman_Dyson.jpg/200px-Freeman_Dyson.jpg, 1923-12-15, , 55990
Ulugh Beg, http://upload.wikimedia.org/wikipedia/commons/thumb/c/cf/%D0%A3%D0%BB%D1%83%D0%B3%D0%B1%D0%B5%D0%BA_%D0%B2_%D0%A1%D0%B0%D0%BC%D0%B0%D1%80%D0%BA%D0%B0%D0%BD%D0%B4%D0%B5.jpg/250px-%D0%A3%D0%BB%D1%83%D0%B3%D0%B1%D0%B5%D0%BA_%D0%B2_%D0%A1%D0%B0%D0%BC%D0%B0%D1%80%D0%BA%D0%B0%D0%BD%D0%B4%D0%B5.jpg, , , 22539
Heinrich Louis d'Arrest, http://upload.wikimedia.org/wikipedia/commons/thumb/2/27/Heinrich_Louis_d%27Arrest.jpg/150px-Heinrich_Louis_d%27Arrest.jpg, , 1875-06-14, 2778
Henri-Alexandre Deslandres, http://upload.wikimedia.org/wikipedia/commons/thumb/4/4d/Anri_deslandres.jpg/150px-Anri_deslandres.jpg, 1853-07-24, 1948-01-15, 4320
Bengt Strömgren, http://upload.wikimedia.org/wikipedia/commons/thumb/8/88/Bengt_Str%C3%B6mgren_NYWTS.jpg/220px-Bengt_Str%C3%B6mgren_NYWTS.jpg, 1908-01-21, 1987-07-04, 6500
Robert H. Dicke, http://upload.wikimedia.org/wikipedia/en/thumb/c/cf/Robert_Henry_Dicke.jpg/220px-Robert_Henry_Dicke.jpg, 1916-05-06, 1997-03-04, 15900
Giovanni Battista Donati, http://upload.wikimedia.org/wikipedia/commons/thumb/9/9b/GB_Donati.jpg/250px-GB_Donati.jpg, 1826-12-16, 1873-09-20, 3201
Max Wolf, http://upload.wikimedia.org/wikipedia/commons/thumb/e/e0/Max_Wolf.jpg/150px-Max_Wolf.jpg, 1863-06-21, 1932-10-03, 18969
Heber Doust Curtis, http://upload.wikimedia.org/wikipedia/en/thumb/3/38/H._D._Curtis_Lick_Observatory.jpg/220px-H._D._Curtis_Lick_Observatory.jpg, 1872-06-27, 1942-01-09, 4256
Luís Cruls, http://upload.wikimedia.org/wikipedia/commons/thumb/9/94/Retrato_de_Luiz_Cruls-Cropped-Enhanced.png/220px-Retrato_de_Luiz_Cruls-Cropped-Enhanced.png, 1848-01-21, 1908-06-21, 11148
Sun, http://upload.wikimedia.org/wikipedia/commons/thumb/6/6f/Sun_symbol.svg/25px-Sun_symbol.svg.png, , , 106332
Hubble Space Telescope, http://upload.wikimedia.org/wikipedia/commons/thumb/3/3f/HST-SM4.jpeg/300px-HST-SM4.jpeg, , , 115434
Solar System, http://upload.wikimedia.org/wikipedia/commons/thumb/c/cb/Planets2013.svg/340px-Planets2013.svg.png, , , 88145
Albert Einstein, http://upload.wikimedia.org/wikipedia/commons/thumb/3/3e/Einstein_1921_by_F_Schmutzer_-_restoration.jpg/220px-Einstein_1921_by_F_Schmutzer_-_restoration.jpg, 1879-03-14, 1955-04-18, 115355
Leonardo da Vinci, http://upload.wikimedia.org/wikipedia/commons/thumb/f/f7/Francesco_Melzi_-_Portrait_of_Leonardo_-_WGA14795.jpg/220px-Francesco_Melzi_-_Portrait_of_Leonardo_-_WGA14795.jpg, 1452-04-15, 1519-05-02, 83249
Nicolaus Copernicus, http://upload.wikimedia.org/wikipedia/commons/thumb/f/f2/Nikolaus_Kopernikus.jpg/220px-Nikolaus_Kopernikus.jpg, 1473-02-19, 1543-05-24, 111489
Riazuddin (physicist), http://upload.wikimedia.org/wikipedia/commons/thumb/7/73/Riazuddin.jpg/220px-Riazuddin.jpg, 1930-11-10, 2013-09-09, 35765
Ingrid van Houten-Groeneveld, http://upload.wikimedia.org/wikipedia/commons/thumb/8/8f/Nederlandse_planetoiden.jpg/220px-Nederlandse_planetoiden.jpg, 1921-10-21, 2015-03-30, 233155
