name, img, birth, death, length 
André Marie Constant Duméril, http://upload.wikimedia.org/wikipedia/commons/thumb/8/82/Andr%C3%A9_Marie_Constant_Dum%C3%A9ril.jpg/220px-Andr%C3%A9_Marie_Constant_Dum%C3%A9ril.jpg, , 1860-08-15, 4770
St. George Jackson Mivart, http://upload.wikimedia.org/wikipedia/commons/thumb/6/6e/St._George_Jackson_Mivart._Photograph_by_Barraud_%26_Jerrard._Wellcome_V0026864.jpg/220px-St._George_Jackson_Mivart._Photograph_by_Barraud_%26_Jerrard._Wellcome_V0026864.jpg, 1827-11-30, 1900-04-01, 16337
Henri Milne-Edwards, http://upload.wikimedia.org/wikipedia/commons/thumb/0/0b/Henri_Milne-Edwards2.jpg/230px-Henri_Milne-Edwards2.jpg, 1800-10-23, 1885-07-29, 8163
Nicholas Miklouho-Maclay, http://upload.wikimedia.org/wikipedia/commons/thumb/6/67/Miklukho-Maklai.jpg/220px-Miklukho-Maklai.jpg, 1846-07-17, 1888-04-14, 22079
Félix Dujardin, http://upload.wikimedia.org/wikipedia/commons/thumb/d/dd/F%C3%A9lix_Dujardin_-_by_Louise_Dujardin_1847_-_Head.png/150px-F%C3%A9lix_Dujardin_-_by_Louise_Dujardin_1847_-_Head.png, , 1860-04-09, 3244
Johann Georg Gmelin, http://upload.wikimedia.org/wikipedia/commons/thumb/e/ee/Johann_Georg_Gmelin.jpg/220px-Johann_Georg_Gmelin.jpg, , 1755-05-21, 4439
Thomas Nuttall, http://upload.wikimedia.org/wikipedia/commons/thumb/8/88/Thomas_Nuttall.jpg/150px-Thomas_Nuttall.jpg, , 1859-09-11, 7113
Jacques Miller, http://upload.wikimedia.org/wikipedia/en/thumb/b/b9/Flag_of_Australia.svg/23px-Flag_of_Australia.svg.png, 1931-04-02, , 7962
Lorenz Oken, http://upload.wikimedia.org/wikipedia/commons/thumb/d/dd/Lorenz_Oken.jpg/200px-Lorenz_Oken.jpg, , 1851-08-11, 15678
Hugo von Mohl, http://upload.wikimedia.org/wikipedia/commons/thumb/e/e7/Hugo_von_mohl.jpg/220px-Hugo_von_mohl.jpg, , 1872-05, 4944
Lewis J. Feldman, http://upload.wikimedia.org/wikipedia/en/thumb/6/61/Searchtool.svg/16px-Searchtool.svg.png, 1945-10-10, , 11877
Robert K. Crane, http://upload.wikimedia.org/wikipedia/commons/thumb/c/c2/Robert_K._Crane.jpg/150px-Robert_K._Crane.jpg, 1919-12-20, 2010-10-31, 17535
Rembert Dodoens, http://upload.wikimedia.org/wikipedia/commons/thumb/5/5e/Rembert_Dodoens00.jpg/220px-Rembert_Dodoens00.jpg, 1517-06-29, 1585-03-10, 6334
David Douglas (botanist), http://upload.wikimedia.org/wikipedia/commons/thumb/d/da/David_Douglass00.jpg/200px-David_Douglass00.jpg, 1799-06-25, 1834-07-12, 9419
Luc Montagnier, http://upload.wikimedia.org/wikipedia/commons/thumb/3/3c/Luc_Montagnier-press_conference_Dec_06th%2C_2008-6.jpg/220px-Luc_Montagnier-press_conference_Dec_06th%2C_2008-6.jpg, 1932-08-18, , 29175
Titian Peale, http://upload.wikimedia.org/wikipedia/commons/thumb/5/58/Titian_Ramsay_Peale_2_1799-1885.jpg/220px-Titian_Ramsay_Peale_2_1799-1885.jpg, 1799-11-02, 1885-03-13, 9532
Edward Palmer (botanist), http://upload.wikimedia.org/wikipedia/commons/thumb/6/67/EdwardPalmerBotanist.jpg/175px-EdwardPalmerBotanist.jpg, 1829-01-12, 1911-04-10, 6416
Sir William Jardine, 7th Baronet, http://upload.wikimedia.org/wikipedia/commons/thumb/9/93/Sir-william-jardine.jpg/250px-Sir-william-jardine.jpg, 1800-02-23, 1874-11-21, 14791
Willi Hennig, http://upload.wikimedia.org/wikipedia/commons/thumb/9/9d/Willi_Hennig2.jpg/250px-Willi_Hennig2.jpg, 1913-04-20, 1976-11-05, 16467
Robert Broom, http://upload.wikimedia.org/wikipedia/commons/thumb/a/a1/Robert_Broom00.jpg/220px-Robert_Broom00.jpg, 1866-11-30, 1951-04-06, 7112
François Jacob, http://upload.wikimedia.org/wikipedia/commons/thumb/8/8b/Fran%C3%A7ois_Jacob_nobel.jpg/220px-Fran%C3%A7ois_Jacob_nobel.jpg, 1920-06-17, 2013-04-19, 19812
Adolphe-Théodore Brongniart, http://upload.wikimedia.org/wikipedia/commons/thumb/7/77/Adolphe_Th%C3%A9odore_Brongniart00.jpg/220px-Adolphe_Th%C3%A9odore_Brongniart00.jpg, 1801-01-14, 1876-02-18, 6565
Sidney Altman, http://upload.wikimedia.org/wikipedia/commons/5/57/Sidney_Altman_crop.jpg, 1939-05-07, , 10948
Warder Clyde Allee, http://upload.wikimedia.org/wikipedia/en/thumb/8/81/Warder_Clyde_Allee.jpg/90px-Warder_Clyde_Allee.jpg, , 1955-03-19, 12465
Edward Adrian Wilson, http://upload.wikimedia.org/wikipedia/commons/thumb/6/6c/Edward_A._Wilson.jpg/220px-Edward_A._Wilson.jpg, 1872-07-23, 1912-03-29, 17143
Joel Asaph Allen, http://upload.wikimedia.org/wikipedia/commons/thumb/5/57/Joel_Asaph_Allen_1838-1921.png/220px-Joel_Asaph_Allen_1838-1921.png, 1838-07-19, 1921-08-29, 5731
Charles Bonnet, http://upload.wikimedia.org/wikipedia/commons/thumb/0/0f/CharlesBonnet.jpg/220px-CharlesBonnet.jpg, 1720-03-13, 1793-05-20, 11324
Bruce Ames, http://upload.wikimedia.org/wikipedia/commons/0/0c/Bruce_Ames.jpg, 1928-12-16, , 21144
Alfred Brehm, http://upload.wikimedia.org/wikipedia/commons/thumb/a/a2/Alfred_Edmund_Brehm_from_Familj-Journalen1885.png/200px-Alfred_Edmund_Brehm_from_Familj-Journalen1885.png, 1829-02-02, 1884-11-11, 6279
Felisa Wolfe-Simon, http://upload.wikimedia.org/wikipedia/commons/thumb/6/6f/Felisa_Wolfe-Simon_2011_Shankbone.JPG/220px-Felisa_Wolfe-Simon_2011_Shankbone.JPG, , , 13242
Harry Forbes Witherby, http://upload.wikimedia.org/wikipedia/commons/thumb/5/53/Harry_Forbes_Witherby.jpg/220px-Harry_Forbes_Witherby.jpg, 1873-10-07, 1943-12-11, 4028
William Withering, http://upload.wikimedia.org/wikipedia/commons/thumb/b/b8/William_Withering.jpg/220px-William_Withering.jpg, , 1799-10-06, 15258
Wong Siew Te, http://upload.wikimedia.org/wikipedia/commons/thumb/7/74/BSBCC_Sabah_Wong-Siew-Te-01.jpg/220px-BSBCC_Sabah_Wong-Siew-Te-01.jpg, 1969-05-16, , 9464
William Thomas Blanford, http://upload.wikimedia.org/wikipedia/commons/thumb/b/b7/WTBlanford.jpg/220px-WTBlanford.jpg, 1832-10-07, 1905-06-23, 10198
Gerty Cori, http://upload.wikimedia.org/wikipedia/commons/thumb/d/d6/Gerty_Theresa_Cori.jpg/220px-Gerty_Theresa_Cori.jpg, 1896-08-15, 1957-10-26, 28790
Erik Acharius, http://upload.wikimedia.org/wikipedia/commons/thumb/f/fb/Erik_Acharius.jpg/220px-Erik_Acharius.jpg, , 1819-08-15, 2838
Boyd Alexander, http://upload.wikimedia.org/wikipedia/commons/thumb/3/34/BoydAlexanderIbis1910.jpg/220px-BoydAlexanderIbis1910.jpg, 1873-01-16, 1910-04-02, 2651
Jules Bordet, http://upload.wikimedia.org/wikipedia/commons/thumb/f/ff/Jules_Bordet_signed.jpg/240px-Jules_Bordet_signed.jpg, 1870-06-13, 1961-04-06, 7869
Johann Friedrich Blumenbach, http://upload.wikimedia.org/wikipedia/commons/thumb/2/26/Blumenbach%2C_Johann_Friedrich_%281752-1840%29.jpg/220px-Blumenbach%2C_Johann_Friedrich_%281752-1840%29.jpg, 1752-05-11, 1840-01-22, 24693
José Vicente Barbosa du Bocage, http://upload.wikimedia.org/wikipedia/en/thumb/c/cd/Barbosa-du-bocage-jv.jpg/220px-Barbosa-du-bocage-jv.jpg, , 1907-11-04, 4589
George Bentham, http://upload.wikimedia.org/wikipedia/commons/thumb/d/d4/GeorgeBentham.jpg/180px-GeorgeBentham.jpg, 1800-09-22, 1884-09-10, 12630
Henri Marie Ducrotay de Blainville, http://upload.wikimedia.org/wikipedia/commons/thumb/b/b4/Henri_Marie_Ducrotay_de_Blainville.jpg/220px-Henri_Marie_Ducrotay_de_Blainville.jpg, 1777-12-12, 1850-05-01, 3839
George Albert Boulenger, http://upload.wikimedia.org/wikipedia/commons/thumb/4/4e/Boulenger_George_1858-1937.png/220px-Boulenger_George_1858-1937.png, 1858 -10-19, 1937-11-23, 8124
Armand David, http://upload.wikimedia.org/wikipedia/commons/a/af/Mission_armand_david.jpg, 1826-09-07, 1900-11-10, 5028
Charles Lucien Bonaparte, http://upload.wikimedia.org/wikipedia/commons/thumb/b/b6/Bonaparte_Charles_Lucien_1803-1857.png/150px-Bonaparte_Charles_Lucien_1803-1857.png, 1803-05-24, 1857-07-29, 11928
Aimé Bonpland, http://upload.wikimedia.org/wikipedia/commons/thumb/5/5a/Bonpland_Aim%C3%A9_1773-1858.jpg/225px-Bonpland_Aim%C3%A9_1773-1858.jpg, , 1858-06, 9774
James Bond (ornithologist), http://upload.wikimedia.org/wikipedia/commons/thumb/2/2d/James_Bond_1974.jpg/220px-James_Bond_1974.jpg, 1900-01-04, 1989-02-14, 6704
Edward Blyth, http://upload.wikimedia.org/wikipedia/commons/thumb/a/a2/EdwardBlyth.jpg/220px-EdwardBlyth.jpg, 1810-12-23, 1873-12-27, 16408
Nicholas Culpeper, http://upload.wikimedia.org/wikipedia/commons/thumb/5/54/In_Effigiam_Nicholai_Culpeper_Equitis_by_Richard_Gaywood.jpg/200px-In_Effigiam_Nicholai_Culpeper_Equitis_by_Richard_Gaywood.jpg, , , 14175
Elliott Coues, http://upload.wikimedia.org/wikipedia/commons/thumb/3/37/Coues_Elliott_1842-1899.png/200px-Coues_Elliott_1842-1899.png, 1842-09-09, 1899-12-25, 7414
Stanley Cohen (biochemist), http://upload.wikimedia.org/wikipedia/commons/5/51/Stanley_Cohen-Biochemist.jpg, 1922-11-17, , 19037
David Sloan Wilson, http://upload.wikimedia.org/wikipedia/commons/thumb/6/6f/David-sloan-wilson-leaning.png/200px-David-sloan-wilson-leaning.png, , , 8033
Marjorie Courtenay-Latimer, http://upload.wikimedia.org/wikipedia/commons/thumb/a/aa/Marjorie_Courtenay-Latimer.jpg/220px-Marjorie_Courtenay-Latimer.jpg, 1907-02-24, 2004-05-17, 4949
Julius Axelrod, http://upload.wikimedia.org/wikipedia/commons/thumb/4/4e/Axelrod01.jpg/150px-Axelrod01.jpg, 1912-05-30, 2004-12-29, 14851
Thomas Bell (zoologist), http://upload.wikimedia.org/wikipedia/commons/thumb/d/d9/Zoologist_Thomas_Bell.jpg/220px-Zoologist_Thomas_Bell.jpg, 1792-10-11, 1880-03-13, 4515
Flossie Wong-Staal, http://upload.wikimedia.org/wikipedia/commons/thumb/d/d0/Nci-vol-8247-300_flossie_wong_staal.jpg/220px-Nci-vol-8247-300_flossie_wong_staal.jpg, 1947-08-27, , 6040
Richard Axel, http://upload.wikimedia.org/wikipedia/commons/thumb/4/49/Professor_Richard_Axel_ForMemRS.jpg/220px-Professor_Richard_Axel_ForMemRS.jpg, 1946-07-02, , 17107
Edgar Adrian, http://upload.wikimedia.org/wikipedia/commons/thumb/5/51/Edgar_Douglas_Adrian_nobel.jpg/220px-Edgar_Douglas_Adrian_nobel.jpg, 1889-11-30, 1977-08-04, 14974
Charlotte Auerbach, http://upload.wikimedia.org/wikipedia/en/thumb/2/2b/Charlotte_Auerbach.jpg/220px-Charlotte_Auerbach.jpg, 1899-05-14, 1994-03-17, 13434
Bruce Alberts, http://upload.wikimedia.org/wikipedia/commons/thumb/d/d9/Bruce_Alberts.png/220px-Bruce_Alberts.png, 1938-04-14, , 20707
Martha Chase, http://upload.wikimedia.org/wikipedia/commons/thumb/a/aa/Martha_Chase.jpg/220px-Martha_Chase.jpg, 1927-11-30, 2003-08-08, 3093
William Yarrell, http://upload.wikimedia.org/wikipedia/commons/4/4e/William_Yarrell_%281784-1856%29.jpg, 1784-06-03, 1856-09-01, 9483
Pieter Boddaert, http://upload.wikimedia.org/wikipedia/commons/thumb/b/b8/Pieter_Boddaert.jpg/220px-Pieter_Boddaert.jpg, , , 1903
George Allman (natural historian), http://upload.wikimedia.org/wikipedia/commons/thumb/1/15/George_James_Allman.JPG/150px-George_James_Allman.JPG, , , 3749
John Blackwall, http://upload.wikimedia.org/wikipedia/commons/4/45/JohnBlackwall.JPG, 1790-01-20, 1881-05-11, 2967
Ann Bishop (biologist), http://upload.wikimedia.org/wikipedia/en/thumb/1/1b/Ann_Bishop_%28biologist%29.jpg/220px-Ann_Bishop_%28biologist%29.jpg, 1899-12-19, 1990-05-07, 17034
Albert Francis Blakeslee, http://upload.wikimedia.org/wikipedia/commons/thumb/4/42/Sophia_A._Satina_%281879-1975%29_and_Albert_Francis_Blakeslee_%281874-1954%29%2C_shown_with_samples_of_mold_%283322781086%29.jpg/220px-Sophia_A._Satina_%281879-1975%29_and_Albert_Francis_Blakeslee_%281874-1954%29%2C_shown_with_samples_of_mold_%283322781086%29.jpg, , 1954-11-17, 8381
Alexander Agassiz, http://upload.wikimedia.org/wikipedia/commons/thumb/5/50/Portrait_of_Alexander_Emanuel_Agassiz.jpg/220px-Portrait_of_Alexander_Emanuel_Agassiz.jpg, 1835-12-17, 1910-03-27, 10343
Adam Afzelius, http://upload.wikimedia.org/wikipedia/commons/thumb/5/5c/Adam_Afzelius_by_CF_Breda.jpg/220px-Adam_Afzelius_by_CF_Breda.jpg, 1750-10-08, 1837-01-20, 3697
S. Stillman Berry, http://upload.wikimedia.org/wikipedia/commons/thumb/4/48/Samuel-stillman-berry-88-11259.jpg/220px-Samuel-stillman-berry-88-11259.jpg, 1887-03-16, , 2909
V. C. Wynne-Edwards, http://upload.wikimedia.org/wikipedia/en/thumb/2/28/V._C._Wynne-Edwards.gif/150px-V._C._Wynne-Edwards.gif, 1906-07-04, 1997-01-05, 5944
Thomas Bewick, http://upload.wikimedia.org/wikipedia/commons/thumb/9/9e/Thomas_Bewick_by_James_Ramsay.jpg/220px-Thomas_Bewick_by_James_Ramsay.jpg, , 1828-11-08, 35231
Martinus Beijerinck, http://upload.wikimedia.org/wikipedia/commons/thumb/5/51/Martinus_Willem_Beijerinck.png/220px-Martinus_Willem_Beijerinck.png, 1851-03-16, , 10105
Hans Berger, http://upload.wikimedia.org/wikipedia/commons/thumb/6/69/HansBerger_Univ_Jena.jpeg/200px-HansBerger_Univ_Jena.jpeg, 1873-05-21, 1941-06-01, 15426
Jean Victoire Audouin, http://upload.wikimedia.org/wikipedia/commons/thumb/d/d8/Victor_Audouin.jpg/220px-Victor_Audouin.jpg, 1797-04-27, 1841-11-09, 4579
David Bellamy, http://upload.wikimedia.org/wikipedia/commons/thumb/b/b1/David_Bellamy_4_Allan_Warren.jpg/147px-David_Bellamy_4_Allan_Warren.jpg, 1933-01-18, , 15385
Andrew J. Grayson, http://upload.wikimedia.org/wikipedia/commons/thumb/2/2b/Andrew_Jackson_Grayson.jpg/220px-Andrew_Jackson_Grayson.jpg, , , 3566
Carlos Bustamante, http://upload.wikimedia.org/wikipedia/commons/thumb/3/3e/Dr._Carlos_J._Bustamante_at_NIH.jpg/220px-Dr._Carlos_J._Bustamante_at_NIH.jpg, , , 5293
Louis Agassiz Fuertes, http://upload.wikimedia.org/wikipedia/commons/f/fe/LAFuertes.jpg, , 1927-08-22, 14535
Allvar Gullstrand, http://upload.wikimedia.org/wikipedia/commons/thumb/7/79/Allvar_Gullstrand.jpg/180px-Allvar_Gullstrand.jpg, 1862-06-05, 1930-07-28, 7239
Claude Bernard, http://upload.wikimedia.org/wikipedia/commons/thumb/2/23/Claude_Bernard.jpg/220px-Claude_Bernard.jpg, 1813-07-12, 1878-02-10, 22301
Rudolph Bergh, http://upload.wikimedia.org/wikipedia/commons/thumb/7/78/Rudolph_Bergh.jpg/220px-Rudolph_Bergh.jpg, 1824-10-15, 1909-07-20, 9830
Renato Dulbecco, http://upload.wikimedia.org/wikipedia/commons/thumb/3/3e/Renato_Dulbecco_crop.jpg/220px-Renato_Dulbecco_crop.jpg, 1914-02-22, 2012-02-19, 14310
Conrad Gessner, http://upload.wikimedia.org/wikipedia/commons/thumb/7/7a/Conrad_Gesner_by_Tobias_Stimmer.jpg/200px-Conrad_Gesner_by_Tobias_Stimmer.jpg, 1516-03-26, 1565-12-13, 21496
Jonas Carlsson Dryander, http://upload.wikimedia.org/wikipedia/commons/thumb/8/8f/Jonas_Dryander.jpeg/220px-Jonas_Dryander.jpeg, 1748-03-05, 1810-10-19, 1511
Rudolf Jakob Camerarius, http://upload.wikimedia.org/wikipedia/commons/thumb/2/26/Rudolf_jakob_camerarius.jpg/200px-Rudolf_jakob_camerarius.jpg, , , 2297
Günter Blobel, http://upload.wikimedia.org/wikipedia/commons/thumb/c/c3/Gunter_Blobel_2008_1.JPG/250px-Gunter_Blobel_2008_1.JPG, 1936-05-21, , 15264
Pere Alberch, http://upload.wikimedia.org/wikipedia/en/thumb/9/9a/Flag_of_Spain.svg/23px-Flag_of_Spain.svg.png, 1954-11-02, 1998-03-13, 4971
Thomas Blakiston, http://upload.wikimedia.org/wikipedia/commons/thumb/2/21/ThomasBlakiston.jpg/220px-ThomasBlakiston.jpg, 1832-12-27, 1891-10-15, 2781
Pieter Bleeker, http://upload.wikimedia.org/wikipedia/commons/thumb/1/14/Pieter_Bleeker.jpg/220px-Pieter_Bleeker.jpg, 1819-07-10, 1870-11-12, 4439
Carl Ferdinand Cori, http://upload.wikimedia.org/wikipedia/commons/thumb/3/31/Carl_Ferdinand_Cori.jpg/162px-Carl_Ferdinand_Cori.jpg, 1896-12-05, 1984-10-20, 12587
James Collins (bioengineer), http://upload.wikimedia.org/wikipedia/commons/4/4a/Jimcollins.jpg, 1965-06-26, , 10635
Robin Dunbar, http://upload.wikimedia.org/wikipedia/commons/thumb/a/a0/Robin_Dunbar_%286293027302%29.jpg/220px-Robin_Dunbar_%286293027302%29.jpg, 1947-06-28, , 11262
Frank Chapman (ornithologist), http://upload.wikimedia.org/wikipedia/commons/thumb/1/16/Portrait_of_Frank_Chapman.jpg/220px-Portrait_of_Frank_Chapman.jpg, 1864-06-12, 1945-11-15, 5108
John Gerard, http://upload.wikimedia.org/wikipedia/commons/thumb/f/f1/Gerard_John_1545-1612.jpg/240px-Gerard_John_1545-1612.jpg, , , 28864
Frederick Vernon Coville, http://upload.wikimedia.org/wikipedia/commons/thumb/9/9f/FVCoville.jpg/220px-FVCoville.jpg, , 1937-01-10, 6859
Allan Cunningham (botanist), http://upload.wikimedia.org/wikipedia/commons/thumb/7/75/Allan_Cunningham07.jpg/220px-Allan_Cunningham07.jpg, 1791-07-13, 1839-06-27, 12096
William Healey Dall, http://upload.wikimedia.org/wikipedia/commons/thumb/7/72/William_Healey_Dall_1845-1927.jpg/220px-William_Healey_Dall_1845-1927.jpg, 1845-08-21, 1927-03-27, 14046
Frederick DuCane Godman, http://upload.wikimedia.org/wikipedia/commons/thumb/0/0d/FDGodman_Ibis1919.jpg/220px-FDGodman_Ibis1919.jpg, 1834-01-15, 1919-02-19, 11390
Robert Gallo, http://upload.wikimedia.org/wikipedia/commons/thumb/c/cc/RobertGalloMontreal1995_064.jpg/220px-RobertGalloMontreal1995_064.jpg, 1937-03-23, , 21080
Frederick Griffith, http://upload.wikimedia.org/wikipedia/en/thumb/f/f4/Griffithm.jpg/140px-Griffithm.jpg, 1879, , 13507
Charles Frédéric Girard, http://upload.wikimedia.org/wikipedia/commons/thumb/8/8a/Girard_Charles_Fr%C3%A9d%C3%A9ric_1822-1895.png/220px-Girard_Charles_Fr%C3%A9d%C3%A9ric_1822-1895.png, 1822-04-08, 1895-01-29, 2565
Birutė Galdikas, http://upload.wikimedia.org/wikipedia/commons/thumb/1/19/Dr_Birute_Galdikas.jpg/220px-Dr_Birute_Galdikas.jpg, 1946-05-10, , 13430
Samuel Gottlieb Gmelin, http://upload.wikimedia.org/wikipedia/commons/thumb/6/60/Samuel_Gottlieb_Gmelin_01.jpg/220px-Samuel_Gottlieb_Gmelin_01.jpg, 1744-07-04, 1774-07-27, 2849
William Brewster (ornithologist), http://upload.wikimedia.org/wikipedia/commons/thumb/5/5d/William_Brewster_ornithologist.jpg/200px-William_Brewster_ornithologist.jpg, , 1919-07-11, 6370
David Bruce (microbiologist), http://upload.wikimedia.org/wikipedia/commons/thumb/e/e8/Davidbruce.JPG/210px-Davidbruce.JPG, , 1931-11-27, 13205
Theodosius Dobzhansky, http://upload.wikimedia.org/wikipedia/en/thumb/2/2f/Theodosius_Dobzhansky.jpg/200px-Theodosius_Dobzhansky.jpg, 1900-01-25, 1975-12-18, 26132
Eva J. Pell, http://upload.wikimedia.org/wikipedia/commons/thumb/e/e6/Eva_Joy_Pell.jpeg/220px-Eva_Joy_Pell.jpeg, 1948-03-11, , 8135
Kaspar Maria von Sternberg, http://upload.wikimedia.org/wikipedia/commons/thumb/0/04/KasparMariaVonSternberg.jpg/220px-KasparMariaVonSternberg.jpg, , , 3247
Nathaniel Lord Britton, http://upload.wikimedia.org/wikipedia/commons/a/ac/Nathaniel_Lord_Britton.jpg, 1859 -01-15, 1934-06-25, 9938
Thomas D. Brock, http://upload.wikimedia.org/wikipedia/commons/f/fb/Tdb-at-yellowstone-2002b.jpg, 1926-09-10, , 9739
Mathurin Jacques Brisson, http://upload.wikimedia.org/wikipedia/commons/thumb/0/0d/Brisson_Mathurin_Jacques_1723-1806.png/220px-Brisson_Mathurin_Jacques_1723-1806.png, 1723-04-30, 1806-06-23, 3737
Robert Brown (botanist, born 1773), http://upload.wikimedia.org/wikipedia/commons/thumb/3/32/Robert_Brown_%28botanist%29.jpg/220px-Robert_Brown_%28botanist%29.jpg, 1773-12-21, 1858-06-10, 20103
Édouard Ménétries, http://upload.wikimedia.org/wikipedia/commons/thumb/1/1a/Menetries.jpg/220px-Menetries.jpg, , 1861-04-11, 13240
Maud Menten, http://upload.wikimedia.org/wikipedia/commons/thumb/a/ae/Maud_Leonora_Menten_%281879-1960%29.jpg/220px-Maud_Leonora_Menten_%281879-1960%29.jpg, 1879-03-20, 1960-07-26, 12840
Linda B. Buck, http://upload.wikimedia.org/wikipedia/commons/thumb/1/1f/LindaBuck_cropped_1.jpg/220px-LindaBuck_cropped_1.jpg, 1947-01-29, , 13754
Motoo Kimura, http://upload.wikimedia.org/wikipedia/en/4/48/Motoo_Kimura.jpg, , 1994-11-14, 10598
Wilhelm Kobelt, http://upload.wikimedia.org/wikipedia/commons/thumb/a/a8/Wilhelm_Kobelt_%28um_1912%29.jpg/220px-Wilhelm_Kobelt_%28um_1912%29.jpg, 1840-02-20, 1916-03-26, 2047
Desmond Morris, http://upload.wikimedia.org/wikipedia/commons/thumb/b/b3/Desmond_Morris_%281969%29.jpg/220px-Desmond_Morris_%281969%29.jpg, 1928-01-24, , 11727
Louis Agassiz, http://upload.wikimedia.org/wikipedia/commons/thumb/0/02/Louis_Agassiz_H6.jpg/220px-Louis_Agassiz_H6.jpg, 1807-05-28, 1873-12-14, 45561
Sewall Wright, http://upload.wikimedia.org/wikipedia/en/thumb/8/81/Sewall_Wright.jpg/150px-Sewall_Wright.jpg, 1889-12-21, 1988-03-03, 24121
Carl Woese, http://upload.wikimedia.org/wikipedia/commons/thumb/d/da/Carl_Woese.jpg/220px-Carl_Woese.jpg, 1928-07-15, 2012-12-30, 36576
Georges Cuvier, http://upload.wikimedia.org/wikipedia/commons/thumb/f/f3/Georges_Cuvier.png/200px-Georges_Cuvier.png, 1769-08-23, 1832-05-13, 66119
Philip Henry Gosse, http://upload.wikimedia.org/wikipedia/commons/thumb/b/b4/PhilipHenryGosse%2C1855.jpg/220px-PhilipHenryGosse%2C1855.jpg, 1810-04-06, 1888-08-24, 30013
Maarten 't Hart, http://upload.wikimedia.org/wikipedia/commons/thumb/6/65/Maarten_t_Hart_01.jpg/250px-Maarten_t_Hart_01.jpg, 1944-11-25, , 3876
David Starr Jordan, http://upload.wikimedia.org/wikipedia/commons/thumb/b/bf/Picture_of_Prof._David_Starr_Jordan.png/220px-Picture_of_Prof._David_Starr_Jordan.png, 1851-01-19, 1931-09-19, 20552
Joseph LeConte, http://upload.wikimedia.org/wikipedia/commons/thumb/a/a7/Joseph_LeConte_1823-1901.jpg/220px-Joseph_LeConte_1823-1901.jpg, 1823-02-26, 1901-07-06, 11072
Charles Louis Alphonse Laveran, http://upload.wikimedia.org/wikipedia/commons/thumb/7/7f/Charles_Laveran_nobel.jpg/220px-Charles_Laveran_nobel.jpg, 1845-06-18, 1922-05-18, 13366
Camillo Golgi, http://upload.wikimedia.org/wikipedia/commons/thumb/5/5f/Camillo_Golgi.jpg/220px-Camillo_Golgi.jpg, 1843-07-07, 1926-01-21, 14588
David H. Hubel, http://upload.wikimedia.org/wikipedia/en/thumb/b/b0/David_H._Hubel.jpg/280px-David_H._Hubel.jpg, 1926-02-27, 2013-09-22, 15270
William King Gregory, http://upload.wikimedia.org/wikipedia/commons/thumb/b/bd/WilliamKingGregory.jpg/160px-WilliamKingGregory.jpg, 1876-05-19, 1970-12-29, 5206
David Lack, http://upload.wikimedia.org/wikipedia/en/thumb/e/e0/David_Lack.png/220px-David_Lack.png, 1910-07-16, 1973-03-12, 14067
Jack Horner (paleontologist), http://upload.wikimedia.org/wikipedia/commons/thumb/a/a5/2015JackHorner.jpg/250px-2015JackHorner.jpg, 1946-06-15, , 12548
Bernard de Jussieu, http://upload.wikimedia.org/wikipedia/commons/thumb/0/08/Bernard_de_Jussieu.jpg/150px-Bernard_de_Jussieu.jpg, 1699-08-17, 1777-11-06, 2875
William Jackson Hooker, http://upload.wikimedia.org/wikipedia/commons/thumb/a/a0/William_Jackson_Hooker%2C_1851.jpg/220px-William_Jackson_Hooker%2C_1851.jpg, , 1865-08-13, 8835
Stuart Kauffman, http://upload.wikimedia.org/wikipedia/commons/thumb/b/b9/Stuart_Kauffman.jpg/220px-Stuart_Kauffman.jpg, 1939-09-28, , 23606
Wilhelm Johannsen, http://upload.wikimedia.org/wikipedia/commons/thumb/3/36/Wilhelm_Johannsen_1857-1927.jpg/220px-Wilhelm_Johannsen_1857-1927.jpg, 1857-02-03, 1927-11-11, 5173
John Gould, http://upload.wikimedia.org/wikipedia/commons/thumb/6/6d/John_Gould.jpg/220px-John_Gould.jpg, 1804-09-14, 1881-02-03, 19829
André Michel Lwoff, http://upload.wikimedia.org/wikipedia/commons/thumb/f/fd/Andr%C3%A9_Lwoff_nobel.jpg/220px-Andr%C3%A9_Lwoff_nobel.jpg, 1902-05-08, 1994-09-30, 7560
Augustus Addison Gould, http://upload.wikimedia.org/wikipedia/commons/thumb/a/a5/Gould_Augustus_Addison_1805-1886.png/220px-Gould_Augustus_Addison_1805-1886.png, 1805-04-23, 1866-09-15, 3683
John Edward Gray, http://upload.wikimedia.org/wikipedia/commons/thumb/d/d3/John-Edward-Gray-1851.jpg/220px-John-Edward-Gray-1851.jpg, , 1875-03-07, 10526
Ernest Everett Just, http://upload.wikimedia.org/wikipedia/commons/0/0e/Ernest_Everett_Just.jpg, 1883-08-14, 1941-10-27, 22167
Antoine de Jussieu, http://upload.wikimedia.org/wikipedia/en/thumb/c/c3/Flag_of_France.svg/20px-Flag_of_France.svg.png, , 1758-04-22, 1881
Antoine Laurent de Jussieu, http://upload.wikimedia.org/wikipedia/commons/thumb/9/96/Jussieu_Antoine-Laurent_de_1748-1836.jpg/220px-Jussieu_Antoine-Laurent_de_1748-1836.jpg, 1748-04-12, 1836-09-17, 5099
Hermann August Hagen, http://upload.wikimedia.org/wikipedia/commons/thumb/6/63/Hermann_August_Hagen_1817-1893.jpg/220px-Hermann_August_Hagen_1817-1893.jpg, , 1893-11-10, 7073
Hans Hass, http://upload.wikimedia.org/wikipedia/commons/thumb/0/0c/Hans_Hass.jpg/220px-Hans_Hass.jpg, 1919-01-23, 2013-06-16, 17857
Albert Günther, http://upload.wikimedia.org/wikipedia/commons/thumb/4/47/Gunther_Albert_1830-1914.png/220px-Gunther_Albert_1830-1914.png, , 1914-02-01, 11259
W. D. Hamilton, http://upload.wikimedia.org/wikipedia/en/thumb/9/92/W_D_Hamilton.jpg/200px-W_D_Hamilton.jpg, 1936-08-01, 2000-03-07, 20382
William Henry Harvey, http://upload.wikimedia.org/wikipedia/commons/thumb/1/1e/Makers_of_British_botany%2C_Plate_17_%28William_Henry_Harvey%29.png/220px-Makers_of_British_botany%2C_Plate_17_%28William_Henry_Harvey%29.png, , 1866-05-16, 18084
Alister Hardy, http://upload.wikimedia.org/wikipedia/en/thumb/3/3a/Sir_Alister_Clavering_Hardy_1896-1985.jpg/220px-Sir_Alister_Clavering_Hardy_1896-1985.jpg, 1896-02-10, 1985-05-22, 16029
Henri Laborit, http://upload.wikimedia.org/wikipedia/commons/8/83/Henri_Laborit_%281991%29.jpg, 1914-11-21, 1995-05-18, 12934
Pierre André Latreille, http://upload.wikimedia.org/wikipedia/commons/thumb/2/23/Latreille_Pierre_Andr%C3%A9_1762-1833.png/250px-Latreille_Pierre_Andr%C3%A9_1762-1833.png, 1762-11-29, 1833-02-06, 10325
Johan Ernst Gunnerus, http://upload.wikimedia.org/wikipedia/commons/thumb/d/da/Johann_Ernst_Gunnerus.jpg/220px-Johann_Ernst_Gunnerus.jpg, 1718-02-26, 1773-09-23, 4154
John Claudius Loudon, http://upload.wikimedia.org/wikipedia/commons/thumb/b/be/John_Claudius_Loudon.png/225px-John_Claudius_Loudon.png, 1783-04-08, 1843-12-14, 12014
Alfred Grandidier, http://upload.wikimedia.org/wikipedia/commons/thumb/5/5f/Alfred_Grandidier.jpg/220px-Alfred_Grandidier.jpg, 1836-12-20, 1921-09-13, 4901
Adolfo Lutz, http://upload.wikimedia.org/wikipedia/commons/thumb/c/ca/Adolfo_Lutz_1955_Brazil_stamp.jpg/220px-Adolfo_Lutz_1955_Brazil_stamp.jpg, , 1940-12-18, 5064
Peter Wilhelm Lund, http://upload.wikimedia.org/wikipedia/commons/thumb/a/aa/Peter_Wilhelm_Lund.jpg/220px-Peter_Wilhelm_Lund.jpg, 1801-06-14, 1880-05-25, 10844
Trofim Lysenko, http://upload.wikimedia.org/wikipedia/commons/thumb/e/ee/Trofim_Lysenko_portrait.jpg/220px-Trofim_Lysenko_portrait.jpg, 1898-09-29, 1976-11-20, 22841
John Latham (ornithologist), http://upload.wikimedia.org/wikipedia/commons/thumb/7/79/Latham_John_1740-1837.png/220px-Latham_John_1740-1837.png, 1740-06-27, 1837-02-04, 8784
Elizabeth Blackburn, http://upload.wikimedia.org/wikipedia/commons/thumb/2/24/Elizabeth_Blackburn_CHF_Heritage_Day_2012_Rush_001.JPG/180px-Elizabeth_Blackburn_CHF_Heritage_Day_2012_Rush_001.JPG, 1948-11-26, , 20370
John Lindley, http://upload.wikimedia.org/wikipedia/commons/thumb/7/7f/Flore_des_serres_v16_093a.jpg/220px-Flore_des_serres_v16_093a.jpg, 1799-02-05, 1865-11-01, 18023
Friedrich Loeffler, http://upload.wikimedia.org/wikipedia/commons/thumb/f/fc/Friedrich_Loeffler_3.jpg/250px-Friedrich_Loeffler_3.jpg, , , 4526
Jacques Loeb, http://upload.wikimedia.org/wikipedia/commons/thumb/4/43/Jacques_Loeb.jpg/220px-Jacques_Loeb.jpg, , 1924-02-11, 6483
John Lightfoot (biologist), http://upload.wikimedia.org/wikipedia/commons/thumb/1/19/Flora_Scotica_by_The_Revd_John_Lightfoot_title_page.jpg/220px-Flora_Scotica_by_The_Revd_John_Lightfoot_title_page.jpg, , 1788-02-20, 8874
August Krogh, http://upload.wikimedia.org/wikipedia/commons/thumb/7/7e/August_Krogh_Bain_32006.jpg/150px-August_Krogh_Bain_32006.jpg, 1874-11-15, 1949-09-13, 13115
Richard Lydekker, http://upload.wikimedia.org/wikipedia/en/thumb/c/c9/Richard_Lydekker.jpg/220px-Richard_Lydekker.jpg, 1849-07-25, 1915-04-16, 9740
Joseph Leidy, http://upload.wikimedia.org/wikipedia/commons/thumb/c/c1/Joseph_Leidy_by_Gilbert_Studios_c1870.jpg/175px-Joseph_Leidy_by_Gilbert_Studios_c1870.jpg, 1823-09-09, 1891-04-30, 7892
Charles Alexandre Lesueur, http://upload.wikimedia.org/wikipedia/commons/thumb/7/77/Lesueur_Charles_Alexandre_%281778-1846%29.png/250px-Lesueur_Charles_Alexandre_%281778-1846%29.png, , 1846-12-12, 6018
Othniel Charles Marsh, http://upload.wikimedia.org/wikipedia/commons/thumb/0/01/Othniel_Charles_Marsh_-_Brady-Handy.jpg/220px-Othniel_Charles_Marsh_-_Brady-Handy.jpg, 1831-10-29, 1899-03-18, 9838
John Macadam, http://upload.wikimedia.org/wikipedia/commons/thumb/9/91/John_Macadam_%281827%E2%80%931865%29.png/220px-John_Macadam_%281827%E2%80%931865%29.png, , 1865-09-02, 24947
Barry Marshall, http://upload.wikimedia.org/wikipedia/commons/thumb/f/f1/Marshall_2008.JPG/220px-Marshall_2008.JPG, 1951-09-30, , 18139
Leo Margolis, http://upload.wikimedia.org/wikipedia/en/b/bd/Leo_Margolis.jpg, 1927-12-18, 1997-01-13, 2540
Carl Friedrich Philipp von Martius, http://upload.wikimedia.org/wikipedia/commons/thumb/a/a0/Carl_Friedrich_Philipp_von_Martius00.jpg/250px-Carl_Friedrich_Philipp_von_Martius00.jpg, , , 9005
William MacGillivray, http://upload.wikimedia.org/wikipedia/commons/thumb/f/f4/William_MacGillivray.jpg/220px-William_MacGillivray.jpg, 1796-01-25, 1852-09-04, 4405
Marcello Malpighi, http://upload.wikimedia.org/wikipedia/commons/thumb/a/a3/Marcello_Malpighi_by_Carlo_Cignani.jpg/220px-Marcello_Malpighi_by_Carlo_Cignani.jpg, 1628-03-10, 1694-11-29, 16573
Philip Sclater, http://upload.wikimedia.org/wikipedia/commons/thumb/b/bc/PLSclater.jpg/220px-PLSclater.jpg, 1829-11-04, 1913-06-27, 6451
Ramon Margalef, http://upload.wikimedia.org/wikipedia/commons/thumb/1/1c/Ramon_Margalef_i_Lopez.jpg/150px-Ramon_Margalef_i_Lopez.jpg, 1919-05-16, 2004-05-23, 4552
Étienne Geoffroy Saint-Hilaire, http://upload.wikimedia.org/wikipedia/commons/thumb/e/e7/Geoffroy72.jpg/220px-Geoffroy72.jpg, , 1844-06-19, 13058
Thomas Say, http://upload.wikimedia.org/wikipedia/commons/thumb/c/c8/Thomas_Say.jpg/220px-Thomas_Say.jpg, 1787-06-27, 1834-10-10, 9154
Isidore Geoffroy Saint-Hilaire, http://upload.wikimedia.org/wikipedia/commons/thumb/7/7e/Isidore_Geoffroy_Saint-Hilaire.jpg/150px-Isidore_Geoffroy_Saint-Hilaire.jpg, , 1861-11-10, 4268
Walter Rothschild, 2nd Baron Rothschild, http://upload.wikimedia.org/wikipedia/commons/thumb/4/4d/Walter_Rothschild.jpg/245px-Walter_Rothschild.jpg, , 1937-08-28, 13521
Julius von Sachs, http://upload.wikimedia.org/wikipedia/commons/thumb/8/8b/Julius_Sachs.jpg/300px-Julius_Sachs.jpg, 1832-10-02, 1897-05-30, 9450
Karl Eichwald, http://upload.wikimedia.org/wikipedia/commons/thumb/0/07/Karl_Eduard_von_Eichwald.gif/220px-Karl_Eduard_von_Eichwald.gif, , 1876-11-11, 2488
Christian Gottfried Ehrenberg, http://upload.wikimedia.org/wikipedia/commons/thumb/9/9d/Ehrenberg%2C_Christian_Gottfried%2C_by_Eduard_Radke.jpg/230px-Ehrenberg%2C_Christian_Gottfried%2C_by_Eduard_Radke.jpg, 1795-04-19, 1876-06-28, 9415
Salim Ali, http://upload.wikimedia.org/wikipedia/commons/thumb/d/dc/Salim_ali_mns.jpg/220px-Salim_ali_mns.jpg, 1896-11-12, 1987-06-20, 41058
Fritz Müller, http://upload.wikimedia.org/wikipedia/commons/thumb/5/59/Fritz-muller-1821-1897.jpg/230px-Fritz-muller-1821-1897.jpg, , , 13845
Christiane Nüsslein-Volhard, http://upload.wikimedia.org/wikipedia/commons/thumb/5/5c/Christiane_N%C3%BCsslein-Volhard_mg_4406.jpg/250px-Christiane_N%C3%BCsslein-Volhard_mg_4406.jpg, 1942-10-20, , 17526
E. O. Wilson, http://upload.wikimedia.org/wikipedia/commons/thumb/9/9d/Plos_wilson.jpg/220px-Plos_wilson.jpg, 1929-06-10, , 54621
Anders Sandøe Ørsted (botanist), http://upload.wikimedia.org/wikipedia/commons/thumb/3/3f/Anders_Sandoe_Oersted.jpg/220px-Anders_Sandoe_Oersted.jpg, 1816-06-21, 1872-09-03, 4460
Richard Owen, http://upload.wikimedia.org/wikipedia/commons/thumb/1/13/Richard-owen2.jpg/250px-Richard-owen2.jpg, 1804-07-20, 1892-12-18, 39847
John Needham, http://upload.wikimedia.org/wikipedia/commons/thumb/3/36/John_Turberville_Needham.jpg/220px-John_Turberville_Needham.jpg, , 1781-12-31, 2411
Masatoshi Nei, http://upload.wikimedia.org/wikipedia/commons/thumb/6/65/Masatoshi_Nei_-_2013.jpg/220px-Masatoshi_Nei_-_2013.jpg, 1931-01-02, , 18099
Mark A. O'Neill, http://upload.wikimedia.org/wikipedia/commons/thumb/3/39/Mark_A_ONeill.JPG/220px-Mark_A_ONeill.JPG, 1959-11-03, , 8556
Edward Drinker Cope, http://upload.wikimedia.org/wikipedia/commons/thumb/7/7a/Cope_Edward_Drinker_1840-1897.jpg/220px-Cope_Edward_Drinker_1840-1897.jpg, 1840-07-28, 1897-04-12, 56042
Kenneth R. Miller, http://upload.wikimedia.org/wikipedia/commons/thumb/e/ea/Dr_Kenneth_Miller.jpg/220px-Dr_Kenneth_Miller.jpg, 1948-07-14, , 9779
George Montagu (naturalist), http://upload.wikimedia.org/wikipedia/commons/thumb/1/12/Montagu_George_1751-1815.png/220px-Montagu_George_1751-1815.png, , , 4115
Juan Ignacio Molina, http://upload.wikimedia.org/wikipedia/commons/thumb/7/7a/AbateMolina.JPG/220px-AbateMolina.JPG, 1740-06-24, 1829-09-12, 4303
Jacques Monod, http://upload.wikimedia.org/wikipedia/commons/thumb/7/70/Jacques_Monod_nobel.jpg/220px-Jacques_Monod_nobel.jpg, 1910-02-09, 1976-05-31, 16787
André Michaux, http://upload.wikimedia.org/wikipedia/commons/thumb/8/82/Andre_Michaux02.jpg/220px-Andre_Michaux02.jpg, 1746-03-08, 1802-10-11, 10516
Leonor Michaelis, http://upload.wikimedia.org/wikipedia/commons/thumb/2/28/Leonor_Michaelis.jpg/220px-Leonor_Michaelis.jpg, 1875-01-16, 1949-10-08, 4492
Alfred Newton, http://upload.wikimedia.org/wikipedia/commons/thumb/4/47/Alfred_Newton72.jpg/220px-Alfred_Newton72.jpg, 1829-06-11, 1907-06-07, 18332
Frederick Octavius Pickard-Cambridge, http://upload.wikimedia.org/wikipedia/commons/thumb/a/aa/Frederick_Octavius_Pickard-Cambridge.jpg/220px-Frederick_Octavius_Pickard-Cambridge.jpg, , 1905-02-10, 5731
Paul Pelseneer, http://upload.wikimedia.org/wikipedia/commons/thumb/1/1c/Paul_Pelseneer.png/220px-Paul_Pelseneer.png, 1863-06-26, 1945-05-05, 10584
Margaret Morse Nice, http://upload.wikimedia.org/wikipedia/en/f/fc/Margaret_Morse_Nice.jpg, , 1974-06-26, 11824
William Paterson (explorer), http://upload.wikimedia.org/wikipedia/commons/thumb/8/88/William_Patterson.jpg/220px-William_Patterson.jpg, 1755-08-17, 1810-06-21, 6859
Daniel Pauly, http://upload.wikimedia.org/wikipedia/commons/thumb/2/2d/Daniel_Pauly_Pauly_Symposium.jpg/200px-Daniel_Pauly_Pauly_Symposium.jpg, 1946-05-02, , 10785
Thomas Pennant, http://upload.wikimedia.org/wikipedia/commons/thumb/3/34/ThomasPennant_oil.jpeg/220px-ThomasPennant_oil.jpeg, , , 35719
Henry Augustus Pilsbry, http://upload.wikimedia.org/wikipedia/commons/thumb/9/9b/Henry_Augustus_Pilsbry_2.png/220px-Henry_Augustus_Pilsbry_2.png, 1862-12-07, 1957-10-26, 14813
Constantine Phipps, 2nd Baron Mulgrave, http://upload.wikimedia.org/wikipedia/commons/thumb/2/21/Constantine_John_Phipps.jpg/220px-Constantine_John_Phipps.jpg, 1744-05-19, 1792-10-10, 7991
Josif Pančić, http://upload.wikimedia.org/wikipedia/commons/thumb/3/3c/Panc.JPG/220px-Panc.JPG, , 1888-02-25, 7343
Frederick W. True, http://upload.wikimedia.org/wikipedia/commons/thumb/c/c2/Frederick_William_True.jpeg/220px-Frederick_William_True.jpeg, 1858-07-08, 1914-06-25, 2772
R. I. Pocock, http://upload.wikimedia.org/wikipedia/en/thumb/c/cc/R._I._Pocock.jpg/220px-R._I._Pocock.jpg, 1863-03-04, 1947-08-09, 4116
Wilhelm Peters, http://upload.wikimedia.org/wikipedia/commons/thumb/5/56/Peters_Wilhelm_1815-1883.png/220px-Peters_Wilhelm_1815-1883.png, , , 3755
Gregory Goodwin Pincus, http://upload.wikimedia.org/wikipedia/en/thumb/8/86/Gregory_Pincus.jpg/220px-Gregory_Pincus.jpg, 1903-04-09, 1967-08-22, 8937
Carl Borivoj Presl, http://upload.wikimedia.org/wikipedia/commons/thumb/7/72/Karel_Borivoj_Presl_1794-1852.jpg/220px-Karel_Borivoj_Presl_1794-1852.jpg, 1794-02-17, 1852-10-02, 3161
Giuseppe Saverio Poli, http://upload.wikimedia.org/wikipedia/commons/4/4c/Giuseppe_Poli.jpg, 1746-10-26, 1825-04-07, 1688
Ludwig Karl Georg Pfeiffer, http://upload.wikimedia.org/wikipedia/commons/thumb/c/c2/Ludwig_Georg_Karl_Pfeiffer.jpg/220px-Ludwig_Georg_Karl_Pfeiffer.jpg, 1805-07-04, 1877-10-02, 9434
Octavius Pickard-Cambridge, http://upload.wikimedia.org/wikipedia/commons/thumb/6/6f/Reverend_Octavius_Pickard-Cambridge_1891.jpg/220px-Reverend_Octavius_Pickard-Cambridge_1891.jpg, 1828-11-03, 1917-03-09, 4287
Christiaan Hendrik Persoon, http://upload.wikimedia.org/wikipedia/commons/thumb/c/c4/Christiaan_Hendrik_Persoon.jpg/220px-Christiaan_Hendrik_Persoon.jpg, , 1836-11-17, 3598
Henry Baker Tristram, http://upload.wikimedia.org/wikipedia/commons/thumb/f/fb/HBTristram1908.jpg/220px-HBTristram1908.jpg, 1822-05-11, 1906-03-08, 4315
George Washington Tryon, http://upload.wikimedia.org/wikipedia/commons/thumb/c/c6/George_Washington_Tryon_1838-1888.png/220px-George_Washington_Tryon_1838-1888.png, 1838-05-20, 1888-02-05, 11690
Nikolai Vavilov, http://upload.wikimedia.org/wikipedia/commons/thumb/b/bd/Nikolai_Vavilov_NYWTS.jpg/220px-Nikolai_Vavilov_NYWTS.jpg, 1887-11-25, 1943-01-26, 14569
Hugo de Vries, http://upload.wikimedia.org/wikipedia/commons/thumb/e/e5/Hugo_de_Vries.jpg/150px-Hugo_de_Vries.jpg, 1848-02-16, 1935-05-21, 17498
Nathaniel Wallich, http://upload.wikimedia.org/wikipedia/commons/thumb/8/87/NathanielWallich.jpg/220px-NathanielWallich.jpg, 1786-01-28, 1854-04-28, 9960
George Wald, http://upload.wikimedia.org/wikipedia/commons/thumb/7/70/George_Wald_nobel.jpg/180px-George_Wald_nobel.jpg, 1906-11-18, 1997-04-12, 15295
Jakob von Uexküll, http://upload.wikimedia.org/wikipedia/commons/thumb/5/5e/Uex_photo_full.jpg/220px-Uex_photo_full.jpg, , 1944-07-25, 15849
Göran Wahlenberg, http://upload.wikimedia.org/wikipedia/commons/8/8a/G%C3%B6ran_Wahlenberg_with_medal.jpg, 1780-10-01, 1851-03-22, 3050
Selman Waksman, http://upload.wikimedia.org/wikipedia/commons/thumb/3/33/Selman_Waksman_NYWTS.jpg/220px-Selman_Waksman_NYWTS.jpg, 1888-07-22, 1973-08-16, 17763
Robin Warren, http://upload.wikimedia.org/wikipedia/commons/thumb/c/c0/Robin_Warren.jpg/220px-Robin_Warren.jpg, 1937-06-11, , 8477
Ruth Turner, http://upload.wikimedia.org/wikipedia/en/thumb/3/3e/Ruth_Dixon_Turner.jpg/220px-Ruth_Dixon_Turner.jpg, , , 2188
Sébastien Vaillant, http://upload.wikimedia.org/wikipedia/commons/thumb/b/b2/S%C3%A9bastien_Vaillant.jpg/240px-S%C3%A9bastien_Vaillant.jpg, , 1722-05-21, 2646
Frans de Waal, http://upload.wikimedia.org/wikipedia/commons/thumb/6/64/Frans_de_Waal.jpg/220px-Frans_de_Waal.jpg, 1948-10-29, , 15015
William Morton Wheeler, http://upload.wikimedia.org/wikipedia/commons/thumb/c/c2/William_Morton_Wheeler.jpg/220px-William_Morton_Wheeler.jpg, , 1937-04-19, 9371
Martin Vahl, http://upload.wikimedia.org/wikipedia/commons/thumb/9/95/Martin_Vahl.jpg/220px-Martin_Vahl.jpg, 1749-10-10, 1804-12-24, 2483
Carl Wernicke, http://upload.wikimedia.org/wikipedia/commons/thumb/f/fe/C._Wernicke.jpg/200px-C._Wernicke.jpg, , , 7269
Prince Maximilian of Wied-Neuwied, http://upload.wikimedia.org/wikipedia/commons/thumb/b/b6/Maximilian_zu_Wied-Neuwied.jpg/150px-Maximilian_zu_Wied-Neuwied.jpg, 1782-09-23, 1867-02-03, 8295
August Weismann, http://upload.wikimedia.org/wikipedia/commons/thumb/1/15/August_Weismann.jpg/220px-August_Weismann.jpg, 1834-01-17, 1914-11-05, 15210
Alexander Wetmore, http://upload.wikimedia.org/wikipedia/commons/thumb/1/14/Alexander_Wetmore_%281886-1978%29%2C_Annie_Beatrice_van_der_Biest_Thielan_Wetmore_%281910-1997%29%2C_and_John_Warren_Aldrich_%281906-1995%29.jpg/220px-Alexander_Wetmore_%281886-1978%29%2C_Annie_Beatrice_van_der_Biest_Thielan_Wetmore_%281910-1997%29%2C_and_John_Warren_Aldrich_%281906-1995%29.jpg, 1886-06-18, 1978-12-07, 4583
Gilbert White, http://upload.wikimedia.org/wikipedia/commons/thumb/d/dd/Gilbert_White.jpg/150px-Gilbert_White.jpg, 1720-07-18, 1793-06-26, 11510
Eric F. Wieschaus, http://upload.wikimedia.org/wikipedia/commons/thumb/b/bd/Wieschaus_ecal2011.jpg/220px-Wieschaus_ecal2011.jpg, 1947-06-08, , 10746
Alexander Wilson (ornithologist), http://upload.wikimedia.org/wikipedia/commons/thumb/b/b5/Wilson_Alexander_1766-1813.jpg/200px-Wilson_Alexander_1766-1813.jpg, , 1813-08-23, 8210
Francis Willughby, http://upload.wikimedia.org/wikipedia/commons/thumb/f/fa/FrancisWillughby.jpg/220px-FrancisWillughby.jpg, 1635-11-22, 1672-07-03, 5651
George C. Williams (biologist), http://upload.wikimedia.org/wikipedia/en/thumb/4/42/George_C._Williams.jpg/200px-George_C._Williams.jpg, 1926-05-12, 2010-09-08, 10210
Sergei Winogradsky, http://upload.wikimedia.org/wikipedia/commons/thumb/b/b5/Sergei_Winogradsky.jpg/220px-Sergei_Winogradsky.jpg, , , 7728
Stamford Raffles, http://upload.wikimedia.org/wikipedia/commons/thumb/8/81/StamfordRaffles.jpeg/220px-StamfordRaffles.jpeg, 1781-07-06, , 39016
Heinrich Gustav Reichenbach, http://upload.wikimedia.org/wikipedia/commons/thumb/0/0d/Heinrich_Gustav_Reichenbach_1823-1889.jpg/220px-Heinrich_Gustav_Reichenbach_1823-1889.jpg, 1823-01-03, 1889-05-06, 4744
George Gaylord Simpson, http://upload.wikimedia.org/wikipedia/en/a/ab/George_Gaylord_Simpson.jpg, 1902-06-16, 1984-10-06, 17743
George Shaw, http://upload.wikimedia.org/wikipedia/commons/thumb/1/16/George_Kearsley_Shaw.jpg/220px-George_Kearsley_Shaw.jpg, , 1813-07-23, 3562
Anton Dohrn, http://upload.wikimedia.org/wikipedia/commons/thumb/0/07/Felix_Anton_Dohrn2.jpg/220px-Felix_Anton_Dohrn2.jpg, 1840-09-29, 1909-09-26, 11195
Charles Richet, http://upload.wikimedia.org/wikipedia/commons/thumb/b/b1/Charles_Robert_Richet_3.jpg/220px-Charles_Robert_Richet_3.jpg, 1850-08-25, 1935-12-04, 23691
Max Delbrück, http://upload.wikimedia.org/wikipedia/commons/thumb/b/bb/Max_Delbruck.jpg/220px-Max_Delbruck.jpg, 1906-09-04, 1981-03-09, 17797
Hugh Falconer, http://upload.wikimedia.org/wikipedia/commons/thumb/9/96/Hugh_Falconer.jpeg/220px-Hugh_Falconer.jpeg, 1808-02-29, 1865-01-31, 9718
Johann Jacob Dillenius, http://upload.wikimedia.org/wikipedia/commons/thumb/1/12/Johann_Jakob_Dillenius.jpg/220px-Johann_Jakob_Dillenius.jpg, , 1747-04-02, 3604
Johann Christian Polycarp Erxleben, http://upload.wikimedia.org/wikipedia/commons/thumb/b/b1/Erxleben_1.jpg/150px-Erxleben_1.jpg, , 1777-08-20, 2845
David Fairchild, http://upload.wikimedia.org/wikipedia/commons/thumb/7/7e/David_Fairchild.jpg/220px-David_Fairchild.jpg, 1869-04-07, 1954-08-06, 7782
Charles Davenport, http://upload.wikimedia.org/wikipedia/commons/thumb/e/e1/Charles_Benedict_Davenport.jpg/220px-Charles_Benedict_Davenport.jpg, 1866-06-01, 1944-02-18, 21347
Walter Baldwin Spencer, http://upload.wikimedia.org/wikipedia/commons/thumb/5/53/Walter_Baldwin_Spencer.jpg/220px-Walter_Baldwin_Spencer.jpg, , 1929-07-14, 9151
Erasmus Darwin, http://upload.wikimedia.org/wikipedia/commons/thumb/b/be/Portrait_of_Erasmus_Darwin_by_Joseph_Wright_of_Derby_%281792%29.jpg/220px-Portrait_of_Erasmus_Darwin_by_Joseph_Wright_of_Derby_%281792%29.jpg, 1731-12-12, 1802-04-18, 29362
Otto Fritz Meyerhof, http://upload.wikimedia.org/wikipedia/commons/thumb/0/05/Otto_Fritz_Meyerhof.jpg/220px-Otto_Fritz_Meyerhof.jpg, 1884-04-12, 1951-10-06, 8947
Bernard Germain de Lacépède, http://upload.wikimedia.org/wikipedia/commons/thumb/e/e0/B_G_de_Lac%C3%A9p%C3%A8de.jpg/200px-B_G_de_Lac%C3%A9p%C3%A8de.jpg, , , 8840
Robert May, Baron May of Oxford, http://upload.wikimedia.org/wikipedia/commons/thumb/e/ed/BobMayHarvard.jpg/220px-BobMayHarvard.jpg, 1936-01-08, , 11064
Charles Francis Laseron, http://upload.wikimedia.org/wikipedia/commons/thumb/7/73/Correll_%26_Laseron%2C_taken_on_floe_ice_at_the_Western_Base_A128123h.jpg/220px-Correll_%26_Laseron%2C_taken_on_floe_ice_at_the_Western_Base_A128123h.jpg, 1887-12-06, 1959-06-27, 5783
Kewal Krishan (forensic anthropologist), http://upload.wikimedia.org/wikipedia/commons/thumb/5/53/Dr_Kewal_Krishan_attending_American_Academy_of_Forensic_Sciences_Conference_in_Las_Vegas%2C_February_2016.jpg/220px-Dr_Kewal_Krishan_attending_American_Academy_of_Forensic_Sciences_Conference_in_Las_Vegas%2C_February_2016.jpg, 1973-11-24, , 5441
Johann Friedrich Naumann, http://upload.wikimedia.org/wikipedia/commons/thumb/d/db/Johann_Friedrich_Naumann.png/220px-Johann_Friedrich_Naumann.png, 1780-02-14, 1857-08-15, 3262
Armen Takhtajan, http://upload.wikimedia.org/wikipedia/en/5/50/%D0%A2%D0%B0%D1%85%D1%82%D0%B0%D0%B4%D0%B6%D1%8F%D0%BD%2C_%D0%90%D1%80%D0%BC%D0%B5%D0%BD_%D0%9B%D0%B5%D0%BE%D0%BD%D0%BE%D0%B2%D0%B8%D1%87.jpg, 1910-06-10, 2009-11-13, 11122
Carl Nägeli, http://upload.wikimedia.org/wikipedia/commons/thumb/9/98/Carl_Wilhelm_von_Naegeli.jpg/230px-Carl_Wilhelm_von_Naegeli.jpg, , 1891-05-11, 6035
John Murray (oceanographer), http://upload.wikimedia.org/wikipedia/commons/9/9e/SirJMurrayatwork.jpg, 1841-03-03, 1914-03-16, 16176
Ferdinand von Mueller, http://upload.wikimedia.org/wikipedia/commons/thumb/2/21/Von_mueller.jpg/150px-Von_mueller.jpg, , 1896-10-11, 16408
William Charles Osman Hill, http://upload.wikimedia.org/wikipedia/en/thumb/8/8f/William_Charles_Osman_Hill.jpg/220px-William_Charles_Osman_Hill.jpg, 1901-07-13, 1975-01-25, 23576
George Ord, http://upload.wikimedia.org/wikipedia/commons/thumb/a/a2/George_Ord%2C_in_Rhoads_reprint.jpg/220px-George_Ord%2C_in_Rhoads_reprint.jpg, 1781-03-04, 1866-01-24, 2434
Alexander Oparin, http://upload.wikimedia.org/wikipedia/en/3/37/Alexander_Oparin.jpg, 1894-03-02, 1980-04-21, 7934
Howard T. Odum, http://upload.wikimedia.org/wikipedia/commons/thumb/0/0e/Odum%2C_Howard_T.jpg/220px-Odum%2C_Howard_T.jpg, 1924-09-01, 2002-09-11, 44260
Eleanor Anne Ormerod, http://upload.wikimedia.org/wikipedia/commons/4/4e/EleanorAnneOrmerod.jpg, 1828-05-11, 1901-07-19, 6299
Halszka Osmólska, http://upload.wikimedia.org/wikipedia/en/1/12/Halszka_Osm%C3%B3lska.jpg, 1930-09-15, 2008-03-31, 6696
Jan Evangelista Purkyně, http://upload.wikimedia.org/wikipedia/commons/thumb/b/bc/Jan_Evangelista_Purkyne_2.jpg/220px-Jan_Evangelista_Purkyne_2.jpg, 1787-12-17, 1869-07-28, 6000
Santiago Ramón y Cajal, http://upload.wikimedia.org/wikipedia/commons/thumb/3/30/Cajal-Restored.jpg/220px-Cajal-Restored.jpg, 1852-05-01, 1934-10-17, 20068
Jean Louis Armand de Quatrefages de Bréau, http://upload.wikimedia.org/wikipedia/commons/thumb/e/ed/Quatrefages_de_Breau.jpg/220px-Quatrefages_de_Breau.jpg, 1810-02-10, 1892-01-02, 5408
Suresh Rattan, http://upload.wikimedia.org/wikipedia/commons/thumb/0/0a/Rattan_FacePol2013.jpg/220px-Rattan_FacePol2013.jpg, , , 8395
Bernhard Rensch, http://upload.wikimedia.org/wikipedia/en/f/f2/Bernhard_Rensch.jpg, , 1990-04-05, 5126
Thomas Powys, 4th Baron Lilford, http://upload.wikimedia.org/wikipedia/commons/thumb/4/4b/LilfordPowys.jpg/220px-LilfordPowys.jpg, , 1896-06-18, 3631
Constantine Samuel Rafinesque, http://upload.wikimedia.org/wikipedia/commons/thumb/1/1d/Rafinesque_Constantine_Samuel_1783-1840.png/150px-Rafinesque_Constantine_Samuel_1783-1840.png, , 1840-09-18, 25230
John Ray, http://upload.wikimedia.org/wikipedia/commons/thumb/b/bc/John_Ray_from_NPG.jpg/200px-John_Ray_from_NPG.jpg, 1627-11-29, 1705-01-17, 26486
Francesco Redi, http://upload.wikimedia.org/wikipedia/commons/thumb/2/21/Francesco_Redi.jpg/220px-Francesco_Redi.jpg, 1626-02-18, 1697-03-01, 16464
Joel Roberts Poinsett, http://upload.wikimedia.org/wikipedia/commons/thumb/f/f2/JRP-SoW%2C_S.jpg/220px-JRP-SoW%2C_S.jpg, 1779-03-02, 1851-12-12, 31353
Nikolay Przhevalsky, http://upload.wikimedia.org/wikipedia/commons/thumb/b/b4/Nikolay_Przhevalsky_photoportrait_and_signature.jpg/220px-Nikolay_Przhevalsky_photoportrait_and_signature.jpg, 1839-04-12, 1888-11-01, 14803
Felipe Poey, http://upload.wikimedia.org/wikipedia/commons/thumb/6/64/PSM_V25_D446_Felipe_Poey.jpg/220px-PSM_V25_D446_Felipe_Poey.jpg, , , 2905
George Romanes, http://upload.wikimedia.org/wikipedia/commons/thumb/e/e5/George_John_Romanes%2C_photograph_by_Elliott_%26_Fry.jpg/220px-George_John_Romanes%2C_photograph_by_Elliott_%26_Fry.jpg, 1848-05-20, 1894-05-23, 19795
James Edward Smith, http://upload.wikimedia.org/wikipedia/commons/thumb/a/a4/James_Edward_Smith.jpg/220px-James_Edward_Smith.jpg, 1759-12-02, 1828-03-17, 6825
Henry Nicholas Ridley, http://upload.wikimedia.org/wikipedia/commons/thumb/5/5d/H_N_Ridley.jpg/220px-H_N_Ridley.jpg, 1855-12-10, 1956-10-24, 7830
Edgar Albert Smith, http://upload.wikimedia.org/wikipedia/commons/thumb/1/19/Edgar_Albert_Smith.jpg/220px-Edgar_Albert_Smith.jpg, 1847-11-29, 1916-07-22, 15925
Alfred Romer, http://upload.wikimedia.org/wikipedia/en/thumb/f/fa/Alfred_Sherwood_Romer.jpg/220px-Alfred_Sherwood_Romer.jpg, , , 6505
John Maynard Smith, http://upload.wikimedia.org/wikipedia/commons/thumb/e/e2/John_Maynard_Smith.jpg/220px-John_Maynard_Smith.jpg, 1920-01-06, 2004-04-19, 11879
Nikolai Severtzov, http://upload.wikimedia.org/wikipedia/commons/thumb/1/17/%D0%A1%D0%B5%D0%B2%D0%B5%D1%80%D1%86%D0%BE%D0%B2_%D0%9D%D0%B8%D0%BA%D0%BE%D0%BB%D0%B0%D0%B9_%D0%90%D0%BB%D0%B5%D0%BA%D1%81%D0%B5%D0%B5%D0%B2%D0%B8%D1%87.jpg/220px-%D0%A1%D0%B5%D0%B2%D0%B5%D1%80%D1%86%D0%BE%D0%B2_%D0%9D%D0%B8%D0%BA%D0%BE%D0%BB%D0%B0%D0%B9_%D0%90%D0%BB%D0%B5%D0%BA%D1%81%D0%B5%D0%B5%D0%B2%D0%B8%D1%87.jpg, , 1885-02-08, 2286
Martin Rodbell, http://upload.wikimedia.org/wikipedia/commons/thumb/e/e8/Rodbell%2C_Martin_%281925-1998%29.jpg/200px-Rodbell%2C_Martin_%281925-1998%29.jpg, 1925-12-01, 1998-12-07, 16574
Joseph Sabine, http://upload.wikimedia.org/wikipedia/commons/thumb/0/0a/Joseph_Sabine_engraving.jpg/220px-Joseph_Sabine_engraving.jpg, 1770-06-06, 1837-01-24, 2823
Charles Wallace Richmond, http://upload.wikimedia.org/wikipedia/commons/thumb/c/cd/CharlesWRichmond.jpg/220px-CharlesWRichmond.jpg, 1868-12-31, 1932-05-19, 3538
John Richardson (naturalist), http://upload.wikimedia.org/wikipedia/commons/thumb/c/ca/Sir_John_Richardson.jpg/230px-Sir_John_Richardson.jpg, , 1865-06-06, 10326
Ralf Reski, http://upload.wikimedia.org/wikipedia/commons/thumb/f/f1/RalfReski.JPG/220px-RalfReski.JPG, 1958-11-18, , 13265
Theodor Schwann, http://upload.wikimedia.org/wikipedia/commons/thumb/a/a5/Theodor_Schwann_Litho.jpg/200px-Theodor_Schwann_Litho.jpg, 1810-12-07, 1882-01-11, 10492
Giovanni Antonio Scopoli, http://upload.wikimedia.org/wikipedia/commons/thumb/2/28/Scopoli_Giovanni_Antonio_1723-1788.jpg/220px-Scopoli_Giovanni_Antonio_1723-1788.jpg, 1723-06-03, 1788-05-08, 8767
Stephen Jay Gould, http://upload.wikimedia.org/wikipedia/en/thumb/2/21/Stephen_Jay_Gould_2015%2C_portrait_%28unknown_date%29.jpg/220px-Stephen_Jay_Gould_2015%2C_portrait_%28unknown_date%29.jpg, , 2002-05-20, 65237
Edward Grey, 1st Viscount Grey of Fallodon, http://upload.wikimedia.org/wikipedia/commons/thumb/9/95/Edward_Grey_1914.jpg/200px-Edward_Grey_1914.jpg, 1862-04-25, 1933-09-08, 38115
Michel Adanson, http://upload.wikimedia.org/wikipedia/commons/thumb/c/c5/Adanson_Michel_1727-1806.jpg/220px-Adanson_Michel_1727-1806.jpg, , 1806-08-04, 10712
Aziz Ab'Sáber, http://upload.wikimedia.org/wikipedia/commons/thumb/2/29/AZIZ-AB-SABER.jpg/220px-AZIZ-AB-SABER.jpg, 1924-10-24, 2012-03-16, 4111
William Adamson, http://upload.wikimedia.org/wikipedia/commons/1/10/Cropped_photograph_of_William_Adamson.jpg, 1863-04-02, , 10395
Peter Simon Pallas, http://upload.wikimedia.org/wikipedia/commons/thumb/2/2c/Pallas_PS_by_Tardier_grey.jpg/220px-Pallas_PS_by_Tardier_grey.jpg, , 1811-09-08, 10745
Johann Friedrich von Brandt, http://upload.wikimedia.org/wikipedia/commons/thumb/4/49/Johann-Friedrich-Brandt.jpg/220px-Johann-Friedrich-Brandt.jpg, 1802-05-25, 1879-06-15, 5159
Walter Buller, http://upload.wikimedia.org/wikipedia/commons/thumb/1/11/Ethel_Mortlock_%281878-1928%29_-_Sir_Walter_Lawry_Buller.jpg/220px-Ethel_Mortlock_%281878-1928%29_-_Sir_Walter_Lawry_Buller.jpg, 1838-10-09, 1906-07-19, 5103
Ernesto Bustamante, http://upload.wikimedia.org/wikipedia/commons/6/65/ErnestoBustamante_201407.jpg, 1950-05-19, , 14054
Luther Burbank, http://upload.wikimedia.org/wikipedia/commons/thumb/9/93/Luther_Burbank_cph.3a00184.jpg/180px-Luther_Burbank_cph.3a00184.jpg, 1849-03-07, 1926-04-11, 28986
Alexander Bunge, http://upload.wikimedia.org/wikipedia/commons/3/37/Alexander_von_Bunge.jpg, , 1890-07-19, 4616
Georges-Louis Leclerc, Comte de Buffon, http://upload.wikimedia.org/wikipedia/commons/thumb/5/5e/Buffon_1707-1788.jpg/220px-Buffon_1707-1788.jpg, 1707-09-07, 1788-04-16, 25829
Johann Baptist von Spix, http://upload.wikimedia.org/wikipedia/commons/thumb/5/55/Johann_Baptist_von_Spix.jpg/190px-Johann_Baptist_von_Spix.jpg, 1781-01-09, 1826-03-13, 10400
Leonhard Stejneger, http://upload.wikimedia.org/wikipedia/commons/thumb/4/45/Stejnegger_Leonhard_1851-1943.png/200px-Stejnegger_Leonhard_1851-1943.png, , , 6473
Nettie Stevens, http://upload.wikimedia.org/wikipedia/commons/thumb/d/d7/Nettie_Stevens.jpg/220px-Nettie_Stevens.jpg, 1861-07-07, 1912-05-04, 16157
Lazzaro Spallanzani, http://upload.wikimedia.org/wikipedia/commons/thumb/2/2c/Spallanzani.jpg/400px-Spallanzani.jpg, 1729-01-10, 1799-02-13, 11197
Francis Crick, http://upload.wikimedia.org/wikipedia/commons/thumb/9/99/Francis_Crick_crop.jpg/250px-Francis_Crick_crop.jpg, , 2004-07-28, 93355
John James Audubon, http://upload.wikimedia.org/wikipedia/commons/thumb/8/8e/John_James_Audubon_1826.jpg/200px-John_James_Audubon_1826.jpg, , 1851-01-27, 56944
Johann Friedrich Gmelin, http://upload.wikimedia.org/wikipedia/commons/thumb/d/d1/Johann_Friedrich_Gmelin.jpg/200px-Johann_Friedrich_Gmelin.jpg, 1748-08-08, 1804-11-01, 5864
Clinton Hart Merriam, http://upload.wikimedia.org/wikipedia/commons/thumb/0/01/Picture_of_Clinton_Hart_Merriam.jpg/220px-Picture_of_Clinton_Hart_Merriam.jpg, 1855-12-05, 1942-03-19, 19303
Min Chueh Chang, http://upload.wikimedia.org/wikipedia/en/thumb/a/a0/MCChang.gif/200px-MCChang.gif, 1908-10-10, 1991-06-05, 10044
Alexander von Humboldt, http://upload.wikimedia.org/wikipedia/commons/thumb/3/36/Stieler%2C_Joseph_Karl_-_Alexander_von_Humboldt_-_1843.jpg/250px-Stieler%2C_Joseph_Karl_-_Alexander_von_Humboldt_-_1843.jpg, , 1859-05-06, 135484
George Washington Carver, http://upload.wikimedia.org/wikipedia/commons/thumb/d/d0/George_Washington_Carver_c1910_-_Restoration.jpg/220px-George_Washington_Carver_c1910_-_Restoration.jpg, , 1943-01-05, 50755
Sydney Brenner, http://upload.wikimedia.org/wikipedia/commons/thumb/f/fd/EMLederberg_GStent_SBrenner_JLederberg_1965_wiki.jpg/270px-EMLederberg_GStent_SBrenner_JLederberg_1965_wiki.jpg, 1927-01-13, , 26420
Gregor Mendel, http://upload.wikimedia.org/wikipedia/commons/thumb/3/3d/Gregor_Mendel_oval.jpg/260px-Gregor_Mendel_oval.jpg, 1822-07-20, 1884-01-06, 31966
Jane Goodall, http://upload.wikimedia.org/wikipedia/commons/thumb/c/cc/Jane_Goodall_2015.jpg/220px-Jane_Goodall_2015.jpg, 1934-04-03, , 44562
Antonie van Leeuwenhoek, http://upload.wikimedia.org/wikipedia/commons/thumb/1/1f/Anthonie_van_Leeuwenhoek_%281632-1723%29._Natuurkundige_te_Delft_Rijksmuseum_SK-A-957.jpeg/220px-Anthonie_van_Leeuwenhoek_%281632-1723%29._Natuurkundige_te_Delft_Rijksmuseum_SK-A-957.jpeg, 1632-10-24, 1723-08-26, 41250
Eric Kandel, http://upload.wikimedia.org/wikipedia/commons/thumb/c/ca/Eric_Kandel_01.JPG/220px-Eric_Kandel_01.JPG, 1929-11-07, , 45754
Konrad Lorenz, http://upload.wikimedia.org/wikipedia/commons/thumb/a/a1/Konrad_Lorenz.JPG/220px-Konrad_Lorenz.JPG, 1903-11-07, 1989-02-27, 41406
J. B. S. Haldane, http://upload.wikimedia.org/wikipedia/commons/3/3b/J._B._S._Haldane.jpg, 1892-11-05, 1964-12-01, 48013
Ernst Haeckel, http://upload.wikimedia.org/wikipedia/commons/thumb/8/81/Ernst_Haeckel_5.jpg/220px-Ernst_Haeckel_5.jpg, 1834-02-16, 1919-08-09, 51084
Salvador Luria, http://upload.wikimedia.org/wikipedia/commons/thumb/3/3d/Salvador_E._Luria_ca.1969.jpg/220px-Salvador_E._Luria_ca.1969.jpg, , 1991-02-06, 25742
Norman Borlaug, http://upload.wikimedia.org/wikipedia/commons/thumb/b/ba/Norman_Borlaug.jpg/220px-Norman_Borlaug.jpg, 1914-03-25, 2009-09-12, 82311
Temple Grandin, http://upload.wikimedia.org/wikipedia/commons/thumb/4/47/TempleGrandin.jpg/220px-TempleGrandin.jpg, 1947-08-29, , 43637
James Lovelock, http://upload.wikimedia.org/wikipedia/commons/thumb/4/44/James_Lovelock_in_2005.jpg/220px-James_Lovelock_in_2005.jpg, 1919-07-26, , 38736
Edward B. Lewis, http://upload.wikimedia.org/wikipedia/en/thumb/6/68/EdwardBLewis.jpg/100px-EdwardBLewis.jpg, , , 24583
Lynn Margulis, http://upload.wikimedia.org/wikipedia/commons/thumb/0/08/Lynn_Margulis.jpg/220px-Lynn_Margulis.jpg, 1938-03-05, 2011-11-22, 48399
Richard Dawkins, http://upload.wikimedia.org/wikipedia/commons/thumb/a/a0/Richard_Dawkins_Cooper_Union_Shankbone.jpg/220px-Richard_Dawkins_Cooper_Union_Shankbone.jpg, 1941-03-26, , 71204
Thomas Hunt Morgan, http://upload.wikimedia.org/wikipedia/commons/thumb/8/8f/Thomas_Hunt_Morgan.jpg/220px-Thomas_Hunt_Morgan.jpg, 1866-09-25, 1945-12-04, 34449
Kary Mullis, http://upload.wikimedia.org/wikipedia/commons/thumb/7/7f/Kary_Mullis.jpg/220px-Kary_Mullis.jpg, 1944-12-28, , 27220
George Emil Palade, http://upload.wikimedia.org/wikipedia/commons/thumb/3/3a/RO033-16.jpg/220px-RO033-16.jpg, 1912-11-19, 2008-10-08, 28217
Ivan Pavlov, http://upload.wikimedia.org/wikipedia/commons/thumb/7/7d/Ivan_Pavlov_NLM3.jpg/220px-Ivan_Pavlov_NLM3.jpg, 1849-09-26, 1936-02-27, 34668
Paracelsus, http://upload.wikimedia.org/wikipedia/commons/thumb/4/4a/Paracelsus.jpg/220px-Paracelsus.jpg, 1493-11-111493-12-17, 1541-09-24, 36919
Pliny the Elder, http://upload.wikimedia.org/wikipedia/commons/4/49/Pliny_the_Elder.png, , , 46033
Ronald Plasterk, http://upload.wikimedia.org/wikipedia/commons/thumb/f/f0/Ronald_Plasterk_2015_%281%29.jpg/250px-Ronald_Plasterk_2015_%281%29.jpg, 1957-04-12, , 25553
Craig Venter, http://upload.wikimedia.org/wikipedia/commons/thumb/8/8f/Craigventer2.jpg/220px-Craigventer2.jpg, 1946-10-14, , 46046
Rudolf Virchow, http://upload.wikimedia.org/wikipedia/commons/thumb/9/9c/Rudolf_Virchow_NLM3.jpg/220px-Rudolf_Virchow_NLM3.jpg, 1821-10-13, 1902-09-05, 67385
Bert Vogelstein, http://upload.wikimedia.org/wikipedia/commons/thumb/2/23/Bert_Vogelstein_giving_the_Trent_Lecture.jpg/220px-Bert_Vogelstein_giving_the_Trent_Lecture.jpg, 1949-06-02, , 23227
Torsten Wiesel, http://upload.wikimedia.org/wikipedia/commons/thumb/8/85/Nobel_Laureate_Torsten_Wiesel_in_2011_Photo_by_Markus_Marcetic_for_Young_Academy_of_Sweden.jpg/220px-Nobel_Laureate_Torsten_Wiesel_in_2011_Photo_by_Markus_Marcetic_for_Young_Academy_of_Sweden.jpg, 1924-06-03, , 27780
Charles Wilkes, http://upload.wikimedia.org/wikipedia/commons/thumb/5/54/Charles-Wilkes.jpg/190px-Charles-Wilkes.jpg, 1798-04-03, 1877-02-08, 24307
Robert Ridgway, http://upload.wikimedia.org/wikipedia/commons/thumb/3/3e/Robert_Ridgway_sitting.jpg/220px-Robert_Ridgway_sitting.jpg, 1850-07-02, 1929-03-25, 37520
Jean-Baptiste Lamarck, http://upload.wikimedia.org/wikipedia/commons/thumb/f/f0/Jean-baptiste_lamarck2.jpg/220px-Jean-baptiste_lamarck2.jpg, 1744-08-01, 1829-12-18, 39228
Ernst Mayr, http://upload.wikimedia.org/wikipedia/commons/thumb/a/af/Ernst_Mayr_PLoS.jpg/220px-Ernst_Mayr_PLoS.jpg, 1904-07-05, 2005-02-03, 40038
Hans Adolf Krebs, http://upload.wikimedia.org/wikipedia/commons/thumb/b/ba/Hans_Adolf_Krebs.jpg/180px-Hans_Adolf_Krebs.jpg, 1900-08-25, 1981-11-22, 26530
Rita Levi-Montalcini, http://upload.wikimedia.org/wikipedia/en/thumb/7/78/Rita_Levi-Montalcini_bandw.jpg/220px-Rita_Levi-Montalcini_bandw.jpg, 1909-04-22, 2012-12-30, 41531
Charles Scott Sherrington, http://upload.wikimedia.org/wikipedia/commons/thumb/c/c4/Charles_Scott_Sherrington2.jpg/220px-Charles_Scott_Sherrington2.jpg, 1857-11-27, 1952-03-04, 33887
Asa Gray, http://upload.wikimedia.org/wikipedia/commons/thumb/c/c4/Asa_Gray_1870s.jpg/240px-Asa_Gray_1870s.jpg, 1810-11-18, 1888-01-30, 59749
Benjamin Dann Walsh, http://upload.wikimedia.org/wikipedia/commons/thumb/4/45/Benjamin_Dann_Walsh.JPG/220px-Benjamin_Dann_Walsh.JPG, 1808-09-21, 1869-11-18, 11871
William Grey Walter, http://upload.wikimedia.org/wikipedia/en/thumb/c/c3/William_Grey_Walter.jpg/220px-William_Grey_Walter.jpg, , 1977-05-06, 9720
Jeremy Wade, http://upload.wikimedia.org/wikipedia/commons/thumb/6/6f/Jeremy_Wade_2011_Shankbone.jpg/220px-Jeremy_Wade_2011_Shankbone.jpg, 1956-03-23, , 6805
Achille Valenciennes, http://upload.wikimedia.org/wikipedia/commons/thumb/e/ef/Achille_Valenciennes01.jpg/220px-Achille_Valenciennes01.jpg, 1794-08-09, 1865-04-13, 2123
Mary Voytek, http://upload.wikimedia.org/wikipedia/commons/6/67/Mary_Voytek%2C_from_USGS.gov.jpg, , , 3379
Edward Tuckerman, http://upload.wikimedia.org/wikipedia/commons/thumb/0/0f/Edward_Tuckerman_1855-1886.jpg/175px-Edward_Tuckerman_1855-1886.jpg, 1817-12-07, 1886-03-15, 5676
Philipp Franz von Siebold, http://upload.wikimedia.org/wikipedia/commons/thumb/3/30/Bundespost_Philipp_Franz_von_Siebold.jpg/220px-Bundespost_Philipp_Franz_von_Siebold.jpg, 1796-02-17, 1866-10-18, 30001
Jean-Henri Fabre, http://upload.wikimedia.org/wikipedia/commons/thumb/f/ff/Jean-henri_fabre.jpg/220px-Jean-henri_fabre.jpg, 1823-12-22, 1915-10-11, 12794
Adolf Engler, http://upload.wikimedia.org/wikipedia/commons/thumb/4/4d/Engler_in_NYPL.jpg/200px-Engler_in_NYPL.jpg, , 1930-10-11, 9801
Albert von Kölliker, http://upload.wikimedia.org/wikipedia/commons/thumb/2/22/K%C3%B6lliker_Rudolph_Albert_von_1818-1902.jpg/250px-K%C3%B6lliker_Rudolph_Albert_von_1818-1902.jpg, 1817-07-06, 1905-11-02, 11377
Robert Koch, http://upload.wikimedia.org/wikipedia/commons/thumb/9/99/Robert_Koch_BeW.jpg/220px-Robert_Koch_BeW.jpg, 1843-12-11, 1910-05-27, 19433
Albrecht Kossel, http://upload.wikimedia.org/wikipedia/commons/thumb/e/eb/Albrecht_Kossel_nobel.jpg/220px-Albrecht_Kossel_nobel.jpg, 1853-09-16, , 16090
Karl Koch (botanist), http://upload.wikimedia.org/wikipedia/en/thumb/0/0d/KarlKoch.jpg/220px-KarlKoch.jpg, , 1879-05-26, 2817
Eugene Odum, http://upload.wikimedia.org/wikipedia/en/thumb/6/67/Eugene_Odum_by_James_Stawser.jpg/220px-Eugene_Odum_by_James_Stawser.jpg, 1913-09-17, 2002-08-10, 9198
Alcide d'Orbigny, http://upload.wikimedia.org/wikipedia/commons/thumb/8/8c/Alcide_Dessalines_d%27Orbigny_1802.jpg/200px-Alcide_Dessalines_d%27Orbigny_1802.jpg, , 1857-07-01, 8380
Daniel Solander, http://upload.wikimedia.org/wikipedia/commons/thumb/3/35/Omai_%28Mai%29%2C_Sir_Joseph_Banks_and_Daniel_Charles_Solander_by_William_Parry.jpg/220px-Omai_%28Mai%29%2C_Sir_Joseph_Banks_and_Daniel_Charles_Solander_by_William_Parry.jpg, 1733-02-19, 1782-05-13, 8676
Japetus Steenstrup, http://upload.wikimedia.org/wikipedia/commons/thumb/f/f3/Japetus_Steenstrup_%28Jerndorff%29.jpg/220px-Japetus_Steenstrup_%28Jerndorff%29.jpg, 1813-03-08, , 4109
Henry Fairfield Osborn, http://upload.wikimedia.org/wikipedia/commons/thumb/8/8c/H._F._Osborn.jpg/220px-H._F._Osborn.jpg, , 1935-11-07, 13505
Solomon H. Snyder, http://upload.wikimedia.org/wikipedia/commons/thumb/2/2e/Solomon_H._Snyder.jpg/220px-Solomon_H._Snyder.jpg, 1938-12-26, , 17747
Prospero Alpini, http://upload.wikimedia.org/wikipedia/commons/thumb/5/5b/Alpino-Portrait-1616.png/220px-Alpino-Portrait-1616.png, 1553-11-23, 1617-02-03, 5148
John Struthers (anatomist), http://upload.wikimedia.org/wikipedia/commons/thumb/f/fe/John_Struthers_b1823.jpg/220px-John_Struthers_b1823.jpg, 1823-02-21, 1899-02-24, 23232
Charles Wyville Thomson, http://upload.wikimedia.org/wikipedia/commons/thumb/0/02/FMIB_36374_Sir_Wyville_Thomson.jpeg/220px-FMIB_36374_Sir_Wyville_Thomson.jpeg, 1830-03-05, 1882-03-10, 6229
Susumu Tonegawa, http://upload.wikimedia.org/wikipedia/commons/thumb/1/16/ST_Photo.jpg/220px-ST_Photo.jpg, 1939-09-05, , 14181
Jan Swammerdam, http://upload.wikimedia.org/wikipedia/commons/thumb/1/1b/Jan_Swammerdam.jpg/150px-Jan_Swammerdam.jpg, 1637-02-12, 1680-02-17, 15467
Oldfield Thomas, http://upload.wikimedia.org/wikipedia/commons/thumb/4/4f/Portrait_of_Michael_Rogers_Oldfield_Thomas_-_ZooKeys-255-103-g003-bottom_right.jpeg/200px-Portrait_of_Michael_Rogers_Oldfield_Thomas_-_ZooKeys-255-103-g003-bottom_right.jpeg, , 1929-06-16, 2956
Joseph Pitton de Tournefort, http://upload.wikimedia.org/wikipedia/commons/thumb/6/61/Tournefort_Joseph_Pitton_de_1656-1708.jpg/230px-Tournefort_Joseph_Pitton_de_1656-1708.jpg, , , 5223
Agustín Stahl, http://upload.wikimedia.org/wikipedia/commons/8/80/Agustin_stahl.jpg, , , 8577
Henry Suter, http://upload.wikimedia.org/wikipedia/commons/thumb/a/aa/Henry_Suter.jpg/220px-Henry_Suter.jpg, 1841-03-09, 1918-07-31, 10039
Horace Alexander, http://upload.wikimedia.org/wikipedia/en/thumb/0/01/Horace_Alexander.jpg/220px-Horace_Alexander.jpg, 1889-04-18, 1989-09-30, 14316
Olof Swartz, http://upload.wikimedia.org/wikipedia/commons/thumb/c/c1/Olof_Peter_Swartz00.jpg/220px-Olof_Peter_Swartz00.jpg, , 1818-09-20, 3835
William John Swainson, http://upload.wikimedia.org/wikipedia/commons/thumb/c/ce/Swainson_William_1789-1855.jpg/250px-Swainson_William_1789-1855.jpg, 1789-10-08, 1855-12-06, 19113
Abraham Trembley, http://upload.wikimedia.org/wikipedia/commons/thumb/3/32/Abraham_Trembley.jpg/150px-Abraham_Trembley.jpg, , 1784-05-13, 5142
Coenraad Jacob Temminck, http://upload.wikimedia.org/wikipedia/commons/thumb/2/26/Temminck_Coenraad_Jacob_1770-1858.jpg/220px-Temminck_Coenraad_Jacob_1770-1858.jpg, 1778-03-31, 1858-01-30, 6506
John Torrey, http://upload.wikimedia.org/wikipedia/commons/thumb/5/55/John_Torrey_daguerreotype.jpeg/220px-John_Torrey_daguerreotype.jpeg, , 1873-03-10, 12765
Carl Peter Thunberg, http://upload.wikimedia.org/wikipedia/commons/f/f5/Carl_Peter_Thunberg.jpg, 1743-11-11, 1828-08-08, 19117
John Kirk Townsend, http://upload.wikimedia.org/wikipedia/commons/thumb/5/56/JohnKirkTownsend.jpg/220px-JohnKirkTownsend.jpg, 1809-08-10, 1851-02-07, 4843
Humayun Abdulali, http://upload.wikimedia.org/wikipedia/commons/thumb/2/23/Portrait_of_Humayun_Abdulali.jpg/220px-Portrait_of_Humayun_Abdulali.jpg, 1914-05-19, 2001-06-03, 25530
John Muir, http://upload.wikimedia.org/wikipedia/commons/thumb/9/92/John_Muir_c1902.jpg/240px-John_Muir_c1902.jpg, 1838-04-21, 1914-12-24, 65913
Karl Maximovich, http://upload.wikimedia.org/wikipedia/commons/thumb/8/8c/Carl_Maximowicz.jpg/200px-Carl_Maximowicz.jpg, 1827-11-23, 1891-02-16, 5003
Carl Linnaeus, http://upload.wikimedia.org/wikipedia/commons/thumb/6/68/Carl_von_Linn%C3%A9.jpg/220px-Carl_von_Linn%C3%A9.jpg, 1707-05-23, 1778-01-10, 90726
Leonardo da Vinci, http://upload.wikimedia.org/wikipedia/commons/thumb/f/f7/Francesco_Melzi_-_Portrait_of_Leonardo_-_WGA14795.jpg/220px-Francesco_Melzi_-_Portrait_of_Leonardo_-_WGA14795.jpg, 1452-04-15, 1519-05-02, 83249
Louis Pasteur, http://upload.wikimedia.org/wikipedia/commons/thumb/9/96/Louis_Pasteur%2C_foto_av_F%C3%A9lix_Nadar_Crisco_edit.jpg/220px-Louis_Pasteur%2C_foto_av_F%C3%A9lix_Nadar_Crisco_edit.jpg, 1822-12-27, 1895-09-28, 67670
Alfred Russel Wallace, http://upload.wikimedia.org/wikipedia/commons/thumb/d/d4/Alfred-Russel-Wallace-c1895.jpg/220px-Alfred-Russel-Wallace-c1895.jpg, 1823-01-08, 1913-11-07, 98215
James Watson, http://upload.wikimedia.org/wikipedia/commons/thumb/8/8b/James_D_Watson.jpg/220px-James_D_Watson.jpg, 1928-04-06, , 85966
Charles Darwin, http://upload.wikimedia.org/wikipedia/commons/thumb/2/2e/Charles_Darwin_seated_crop.jpg/220px-Charles_Darwin_seated_crop.jpg, 1809-02-12, 1882-04-19, 99520
Barbara McClintock, http://upload.wikimedia.org/wikipedia/commons/thumb/1/14/Barbara_McClintock_%281902-1992%29_shown_in_her_laboratory_in_1947.jpg/220px-Barbara_McClintock_%281902-1992%29_shown_in_her_laboratory_in_1947.jpg, 1902-06-16, 1992-09-02, 70536
Emil Theodor Kocher, http://upload.wikimedia.org/wikipedia/commons/thumb/5/51/Emil_Theodor_Kocher.jpg/220px-Emil_Theodor_Kocher.jpg, 1841-08-25, 1917-07-27, 32951
Arthur Kornberg, http://upload.wikimedia.org/wikipedia/commons/thumb/a/ad/Arthur_Kornberg.jpg/220px-Arthur_Kornberg.jpg, 1918-03-03, 2007-10-26, 26614
Roger Wolcott Sperry, http://upload.wikimedia.org/wikipedia/en/e/e0/Roger_Wolcott_Sperry.jpg, 2009-08-20, , 43653
Nobel Prize in Physiology or Medicine, http://upload.wikimedia.org/wikipedia/en/thumb/e/ed/Nobel_Prize.png/220px-Nobel_Prize.png, , , 37820
Theophrastus, http://upload.wikimedia.org/wikipedia/commons/thumb/d/d3/Teofrasto_Orto_botanico_detail.jpg/200px-Teofrasto_Orto_botanico_detail.jpg, , , 50488
Nikolaas Tinbergen, http://upload.wikimedia.org/wikipedia/commons/thumb/8/84/Nikolaas_Tinbergen_1978.jpg/200px-Nikolaas_Tinbergen_1978.jpg, 1907-04-15, 1988-12-21, 25903
Élie Metchnikoff, http://upload.wikimedia.org/wikipedia/commons/thumb/d/d0/Ilya_Mechnikov_nobel.jpg/220px-Ilya_Mechnikov_nobel.jpg, , 1916-07-15, 24320
Johann Reinhold Forster, http://upload.wikimedia.org/wikipedia/commons/thumb/b/bf/Forster.jpg/220px-Forster.jpg, 1729-10-22, 1798-12-09, 6684
Elias Magnus Fries, http://upload.wikimedia.org/wikipedia/commons/thumb/7/74/Elias_Magnus_Fries.jpg/220px-Elias_Magnus_Fries.jpg, 1794-08-15, 1878-02-08, 4444
Walther Flemming, http://upload.wikimedia.org/wikipedia/commons/thumb/8/82/Walther_flemming_2.jpg/220px-Walther_flemming_2.jpg, , 1905-08-05, 6055
Peter Forsskål, http://upload.wikimedia.org/wikipedia/commons/thumb/f/f7/Peter_Forsskaal_year1760.jpg/198px-Peter_Forsskaal_year1760.jpg, , 1763-07-11, 9059
James Fisher (naturalist), http://upload.wikimedia.org/wikipedia/commons/thumb/6/63/Rockall_James_Fisher.jpg/220px-Rockall_James_Fisher.jpg, 1912-09-03, 1970-09-25, 6671
E. B. Ford, http://upload.wikimedia.org/wikipedia/en/c/cc/E_B_Ford.jpg, 1901-04-23, 1988-01-02, 14478
Howard Florey, http://upload.wikimedia.org/wikipedia/commons/thumb/d/d2/Howard_Walter_Florey_1945.jpg/180px-Howard_Walter_Florey_1945.jpg, 1898-09-24, 1968-02-22, 19298
Gotthelf Fischer von Waldheim, http://upload.wikimedia.org/wikipedia/commons/thumb/c/c2/Fischer_von_Waldheim_1771-1853.jpg/220px-Fischer_von_Waldheim_1771-1853.jpg, , 1853-10-18, 4688
Émil Goeldi, http://upload.wikimedia.org/wikipedia/commons/thumb/a/a3/Goeldi_Emilio_Augusto_1859-1917.jpg/220px-Goeldi_Emilio_Augusto_1859-1917.jpg, , 1917-07-06, 7940
Johann Centurius Hoffmannsegg, http://upload.wikimedia.org/wikipedia/en/thumb/8/82/Johann_Centurius_Hoffmann_Graf_von_Hoffmannsegg_%281766%E2%80%931849%29.jpg/220px-Johann_Centurius_Hoffmann_Graf_von_Hoffmannsegg_%281766%E2%80%931849%29.jpg, 1766-08-23, 1849-12-13, 2025
Bruno Hofer, http://upload.wikimedia.org/wikipedia/commons/2/23/Bruno_Hofer.jpg, , 1916-07-08, 4800
Leroy Hood, http://upload.wikimedia.org/wikipedia/commons/thumb/f/f5/Lee_Hood%2C_MD%2C_PhD%2C_President_and_Co-found_of_the_Institute_for_Systems_Biology.jpg/220px-Lee_Hood%2C_MD%2C_PhD%2C_President_and_Co-found_of_the_Institute_for_Systems_Biology.jpg, 1938-10-10, , 26437
Archibald Hill, http://upload.wikimedia.org/wikipedia/commons/thumb/c/c9/Archibald_Vivian_Hill.jpg/162px-Archibald_Vivian_Hill.jpg, 1886-09-26, 1977-06-03, 16093
Thomas C. Jerdon, http://upload.wikimedia.org/wikipedia/commons/thumb/3/30/Jerdon_Thomas_1811-1872.jpg/220px-Jerdon_Thomas_1811-1872.jpg, 1811-11-12, 1872-12-12, 17241
Albert William Herre, http://upload.wikimedia.org/wikipedia/commons/thumb/2/22/Albert_William_Herre.jpg/220px-Albert_William_Herre.jpg, 1868-09-16, 1962-01-16, 2987
James Hector, http://upload.wikimedia.org/wikipedia/commons/thumb/3/30/James_Hector_1900.jpg/210px-James_Hector_1900.jpg, 1834-03-16, 1907-11-06, 12409
Alfred Hershey, http://upload.wikimedia.org/wikipedia/commons/thumb/9/9f/Alfred_Hershey.jpg/150px-Alfred_Hershey.jpg, 1908-12-04, 1997-05-22, 11615
John Stevens Henslow, http://upload.wikimedia.org/wikipedia/commons/c/c1/John_Stevens_Henslow.jpg, 1796-02-06, 1861-05-16, 14992
Alpheus Hyatt, http://upload.wikimedia.org/wikipedia/commons/thumb/f/f2/Alpheus_Hyatt.jpg/220px-Alpheus_Hyatt.jpg, 1838-04-05, 1902-01-15, 4435
Hermann von Ihering, http://upload.wikimedia.org/wikipedia/commons/thumb/5/5b/Hermann_von_Ihering.jpg/220px-Hermann_von_Ihering.jpg, 1850-10-09, 1930-02-24, 6224
Jan Ingenhousz, http://upload.wikimedia.org/wikipedia/commons/thumb/c/cf/Jan_Ingenhousz.jpg/230px-Jan_Ingenhousz.jpg, , , 7411
Tom Iredale, http://upload.wikimedia.org/wikipedia/commons/8/8f/Tom_Iredale.jpg, 1880-03-24, 1972-04-12, 7664
Libbie Hyman, http://upload.wikimedia.org/wikipedia/commons/thumb/f/f6/Libbie_Hyman.jpg/220px-Libbie_Hyman.jpg, 1888-12-06, 1969-08-04, 10259
Albert Howard, http://upload.wikimedia.org/wikipedia/en/9/9d/Albert_Howard.jpg, 1873-12-08, 1947-10-20, 14281
William Henry Hudson, http://upload.wikimedia.org/wikipedia/commons/thumb/5/5d/Hudson_William_Henry.jpg/150px-Hudson_William_Henry.jpg, 1841-08-04, 1922-08-18, 6276
Bernardo Houssay, http://upload.wikimedia.org/wikipedia/commons/thumb/f/f0/Bernado_Houssay.JPG/160px-Bernado_Houssay.JPG, 1887-04-10, 1971-09-21, 10898
Martinus Houttuyn, http://upload.wikimedia.org/wikipedia/commons/thumb/6/66/Houttuyn_Natuurlijke_Historie.jpg/220px-Houttuyn_Natuurlijke_Historie.jpg, , , 1872
William Kirby (entomologist), http://upload.wikimedia.org/wikipedia/commons/thumb/8/88/Kirby_William_1759-1850.jpg/230px-Kirby_William_1759-1850.jpg, , 1850-07-05, 10517
Georg August Schweinfurth, http://upload.wikimedia.org/wikipedia/commons/thumb/6/69/Georgschweinfurth.jpg/200px-Georgschweinfurth.jpg, , 1925-11-20, 5057
William Roxburgh, http://upload.wikimedia.org/wikipedia/commons/thumb/9/95/William_Roxburgh.jpg/220px-William_Roxburgh.jpg, , 1815-04-10, 8021
Matthias Jakob Schleiden, http://upload.wikimedia.org/wikipedia/commons/thumb/0/0a/PSM_V22_D156_Matthias_Jacob_Schleiden.jpg/220px-PSM_V22_D156_Matthias_Jacob_Schleiden.jpg, 1804-04-05, 1881-06-23, 3105
Michael Sars, http://upload.wikimedia.org/wikipedia/commons/thumb/5/5f/Sars_Michael_1805-1869.jpg/220px-Sars_Michael_1805-1869.jpg, 1805-08-30, 1869-10-22, 4475
George Schaller, http://upload.wikimedia.org/wikipedia/commons/thumb/6/69/George_Schaller.jpg/220px-George_Schaller.jpg, , , 18915
Robert Sapolsky, http://upload.wikimedia.org/wikipedia/commons/thumb/b/b1/Robert_Sapolsky-edited.jpg/220px-Robert_Sapolsky-edited.jpg, , , 8691
Eduard Rüppell, http://upload.wikimedia.org/wikipedia/commons/thumb/3/33/R%C3%BCppell_Eduard_1794-1844.png/250px-R%C3%BCppell_Eduard_1794-1844.png, , 1884-12-11, 2900
Johann Christian Daniel von Schreber, http://upload.wikimedia.org/wikipedia/commons/thumb/b/b3/Schreber_Johann_Christian_Daniel_von_1739-1810.jpg/220px-Schreber_Johann_Christian_Daniel_von_1739-1810.jpg, , 1810-12-10, 3157
Karl Rudolphi, http://upload.wikimedia.org/wikipedia/commons/thumb/e/ea/Karl_Rudolphi.jpg/250px-Karl_Rudolphi.jpg, , 1832-11-30, 3296
Miriam Rothschild, http://upload.wikimedia.org/wikipedia/en/4/48/Miriam_Rothschild.jpg, 1908-08-05, 2005-01-20, 10110
Margarete Zuelzer, http://upload.wikimedia.org/wikipedia/commons/thumb/7/7b/Margarete_Zuelzer_als_Studentin_in_Heidelberg.jpg/220px-Margarete_Zuelzer_als_Studentin_in_Heidelberg.jpg, 1877-02-02, 1943-08-29, 5590
Gaspard Bauhin, http://upload.wikimedia.org/wikipedia/commons/thumb/2/22/Bauhin_Gaspard_1550-1624.jpg/220px-Bauhin_Gaspard_1550-1624.jpg, 1560-01-17, 1624-12-05, 6479
John Bachman, http://upload.wikimedia.org/wikipedia/commons/d/d9/BachmanJohnMugColor01t.jpg, , , 8751
John Hutton Balfour, http://upload.wikimedia.org/wikipedia/commons/thumb/b/b7/John_Hutton_Balfour_1878.jpg/220px-John_Hutton_Balfour_1878.jpg, 1808-09-15, 1884-02-11, 5741
Henry Walter Bates, http://upload.wikimedia.org/wikipedia/commons/thumb/6/6a/HenryWalterBates.JPG/220px-HenryWalterBates.JPG, 1825-02-08, 1892-02-16, 18122
Benjamin Smith Barton, http://upload.wikimedia.org/wikipedia/commons/thumb/5/5a/BenjaminSmithBarton.jpg/175px-BenjaminSmithBarton.jpg, 1766-02-10, 1815-12-19, 8241
John Bartram, http://upload.wikimedia.org/wikipedia/commons/thumb/4/46/John_bartram00.jpg/150px-John_bartram00.jpg, , 1777-09-22, 10123
Róbert Bárány, http://upload.wikimedia.org/wikipedia/commons/thumb/6/61/Robert_Barany.jpg/220px-Robert_Barany.jpg, 1876-04-22, 1936-04-08, 9668
Nicolas Baudin, http://upload.wikimedia.org/wikipedia/en/thumb/2/29/Nicolas_Baudin_2.jpeg/150px-Nicolas_Baudin_2.jpeg, , 1803-09-16, 20306
Karl Ernst von Baer, http://upload.wikimedia.org/wikipedia/commons/thumb/7/7a/Voyages_de_la_Commission_scientifique_du_Nord%2C_en_Scandinavie%2C_en_Laponie%2C_au_Spitzberg_et_aux_Fer%C3%B6e_-_no-nb_digibok_2009040211001-118.jpg/225px-Voyages_de_la_Commission_scientifique_du_Nord%2C_en_Scandinavie%2C_en_Laponie%2C_au_Spitzberg_et_aux_Fer%C3%B6e_-_no-nb_digibok_2009040211001-118.jpg, 1792-02-17, 1876-11-16, 14683
Liberty Hyde Bailey, http://upload.wikimedia.org/wikipedia/commons/thumb/f/f1/Liberty_Hyde_Bailey_1858-1954.jpg/230px-Liberty_Hyde_Bailey_1858-1954.jpg, 1858-03-15, 1954-12-25, 18840
William Bartram, http://upload.wikimedia.org/wikipedia/commons/thumb/a/a7/WilliamBartram.jpeg/150px-WilliamBartram.jpeg, 1739-04-20, 1823-07-22, 23233
Spencer Fullerton Baird, http://upload.wikimedia.org/wikipedia/commons/thumb/6/67/Portrait_of_Spencer_Fullerton_Baird_-_1867.jpg/200px-Portrait_of_Spencer_Fullerton_Baird_-_1867.jpg, 1823-02-03, 1887-08-19, 19304
Carlos Chagas, http://upload.wikimedia.org/wikipedia/commons/thumb/2/22/Carlos_chagas_2.jpg/220px-Carlos_chagas_2.jpg, , 1934-11-08, 11289
Adelbert von Chamisso, http://upload.wikimedia.org/wikipedia/commons/thumb/c/c4/Chamisso_Adelbert_von_1781-1838.png/200px-Chamisso_Adelbert_von_1781-1838.png, 1781-01-30, 1838-08-21, 14451
Augustin Pyramus de Candolle, http://upload.wikimedia.org/wikipedia/commons/thumb/7/7c/Candolle_Augustin_Pyrame_de_1778-1841.jpg/220px-Candolle_Augustin_Pyrame_de_1778-1841.jpg, , 1841-09-09, 18195
Sean B. Carroll, http://upload.wikimedia.org/wikipedia/commons/thumb/a/af/Sean_B_Carroll.jpg/300px-Sean_B_Carroll.jpg, 1960-09-17, , 8061
George Engelmann, http://upload.wikimedia.org/wikipedia/commons/thumb/7/7d/George_Engelmann_botanist.jpg/220px-George_Engelmann_botanist.jpg, , 1884-02-05, 16459
Johann Friedrich von Eschscholtz, http://upload.wikimedia.org/wikipedia/commons/thumb/5/50/Johann_Friedrich_von_Eschscholtz.jpg/220px-Johann_Friedrich_von_Eschscholtz.jpg, , 1831-05-20, 3725
Andrea Cesalpino, http://upload.wikimedia.org/wikipedia/commons/thumb/a/ab/Cesalpino.jpg/230px-Cesalpino.jpg, , 1603-02-24, 13073
George Eliava, http://upload.wikimedia.org/wikipedia/commons/thumb/2/27/George_Eliava_1892%E2%80%931937.jpg/180px-George_Eliava_1892%E2%80%931937.jpg, , 1937-07-11, 1815
Johan Christian Fabricius, http://upload.wikimedia.org/wikipedia/commons/3/3a/J._C._Fabricius_%28d%C3%A9tail%29.jpg, 1745-01-07, 1808-03-03, 11268
Stephan Endlicher, http://upload.wikimedia.org/wikipedia/commons/thumb/0/0e/Endlicher.jpg/220px-Endlicher.jpg, , 1849-03-29, 6483
Philip Pearsall Carpenter, http://upload.wikimedia.org/wikipedia/commons/thumb/5/55/Philip_Pearsall_Carpenter.jpg/220px-Philip_Pearsall_Carpenter.jpg, 1819-04-11, 1877-05-24, 7259
John Eccles (neurophysiologist), http://upload.wikimedia.org/wikipedia/commons/thumb/9/97/Eccles_lab.jpg/200px-Eccles_lab.jpg, 1903-01-27, 1997-05-02, 24570
Aristotle, http://upload.wikimedia.org/wikipedia/commons/thumb/a/ae/Aristotle_Altemps_Inv8575.jpg/220px-Aristotle_Altemps_Inv8575.jpg, , , 112548
Karl von Frisch, http://upload.wikimedia.org/wikipedia/en/thumb/b/bb/Karl_von_Frisch.jpg/220px-Karl_von_Frisch.jpg, 1886-11-20, 1982-06-12, 27946
Dian Fossey, http://upload.wikimedia.org/wikipedia/en/thumb/b/b9/Dian_Fossey.jpg/220px-Dian_Fossey.jpg, , 1985-12-26, 40399
Georg Forster, http://upload.wikimedia.org/wikipedia/commons/thumb/4/4a/Georg_Forster.jpg/220px-Georg_Forster.jpg, 1754-11-27, 1794-01-10, 36709
Ronald Fisher, http://upload.wikimedia.org/wikipedia/commons/thumb/3/37/Biologist_and_statistician_Ronald_Fisher.jpg/220px-Biologist_and_statistician_Ronald_Fisher.jpg, 1890-02-17, 1962-07-29, 46817
Tim Flannery, http://upload.wikimedia.org/wikipedia/commons/thumb/2/22/Tim_Flannery.jpg/220px-Tim_Flannery.jpg, 1956-01-28, , 34139
Alexander Fleming, http://upload.wikimedia.org/wikipedia/commons/thumb/b/bf/Synthetic_Production_of_Penicillin_TR1468.jpg/220px-Synthetic_Production_of_Penicillin_TR1468.jpg, 1881-08-06, 1955-03-11, 28819
Robert Hooke, http://upload.wikimedia.org/wikipedia/commons/thumb/1/10/13_Portrait_of_Robert_Hooke.JPG/220px-13_Portrait_of_Robert_Hooke.JPG, , , 64041
Joseph Dalton Hooker, http://upload.wikimedia.org/wikipedia/commons/thumb/3/32/Joseph_Dalton_Hooker_NLM3.jpg/220px-Joseph_Dalton_Hooker_NLM3.jpg, 1817-06-30, 1911-12-10, 44187
G. Evelyn Hutchinson, http://upload.wikimedia.org/wikipedia/en/thumb/2/2b/G_Evelyn_Hutchinson_1935.jpg/220px-G_Evelyn_Hutchinson_1935.jpg, 1903-01-30, 1991-05-17, 26260
Julian Huxley, http://upload.wikimedia.org/wikipedia/commons/thumb/c/cc/Julian_Huxley_1964.jpg/220px-Julian_Huxley_1964.jpg, 1887-06-22, 1975-02-15, 67425
Jonas Salk, http://upload.wikimedia.org/wikipedia/commons/thumb/5/59/Jonas_Salk_candid.jpg/220px-Jonas_Salk_candid.jpg, 1914-10-28, 1995-06-23, 69792
Joseph Banks, http://upload.wikimedia.org/wikipedia/commons/thumb/6/6e/Joseph_Banks_1773_Reynolds.jpg/220px-Joseph_Banks_1773_Reynolds.jpg, 1743-02-24, 1820-06-19, 34015
William Beebe, http://upload.wikimedia.org/wikipedia/commons/thumb/7/77/BeebeGuiana.png/220px-BeebeGuiana.png, 1877-07-29, 1962-06-04, 83596
Paul Ehrlich, http://upload.wikimedia.org/wikipedia/commons/thumb/0/05/Paul_Ehrlich_1915.jpg/220px-Paul_Ehrlich_1915.jpg, 1854-03-14, 1915-08-21, 37830
Sylvia Earle, http://upload.wikimedia.org/wikipedia/commons/thumb/5/5e/SylviaEarle.jpg/220px-SylviaEarle.jpg, 1935-08-30, , 24974
Jacques Cousteau, http://upload.wikimedia.org/wikipedia/commons/thumb/1/10/Cousteau1972_%28cropped%29.jpg/220px-Cousteau1972_%28cropped%29.jpg, 1910-06-11, 1997-06-25, 43415
Gerald Edelman, http://upload.wikimedia.org/wikipedia/commons/thumb/3/3b/Professor_Gerald_M._Edelman_%28cropped%29.jpg/220px-Professor_Gerald_M._Edelman_%28cropped%29.jpg, 1929-07-01, 2014-05-17, 26989
Gerald Durrell, http://upload.wikimedia.org/wikipedia/commons/thumb/6/6c/Gerald_Durrell%2C_Askania_Nova.jpg/220px-Gerald_Durrell%2C_Askania_Nova.jpg, 1925-01-07, 1995-01-30, 47112
David Baltimore, http://upload.wikimedia.org/wikipedia/commons/thumb/e/e1/Dr._David_Baltimore2.jpg/220px-Dr._David_Baltimore2.jpg, 1938-03-07, , 56636
Alexis Carrel, http://upload.wikimedia.org/wikipedia/commons/thumb/9/9e/Alexis_Carrel_02.jpg/220px-Alexis_Carrel_02.jpg, 1873-06-28, 1944-11-05, 35701
Rudolf Schlechter, http://upload.wikimedia.org/wikipedia/commons/thumb/a/a2/Rudolf_Schlechter.jpg/220px-Rudolf_Schlechter.jpg, 1872-10-16, 1925-11-16, 2599
Rosalind Franklin, http://upload.wikimedia.org/wikipedia/en/thumb/9/97/Rosalind_Franklin.jpg/220px-Rosalind_Franklin.jpg, 1920-07-25, 1958-04-16, 95374
Johann Wolfgang von Goethe, http://upload.wikimedia.org/wikipedia/commons/thumb/0/0e/Goethe_%28Stieler_1828%29.jpg/220px-Goethe_%28Stieler_1828%29.jpg, 1749-08-28, 1832-03-22, 66587
Thomas Henry Huxley, http://upload.wikimedia.org/wikipedia/commons/thumb/2/2e/T.H.Huxley%28Woodburytype%29.jpg/220px-T.H.Huxley%28Woodburytype%29.jpg, 1825-05-04, 1895-06-29, 92634
Rachel Carson, http://upload.wikimedia.org/wikipedia/commons/thumb/f/f4/Rachel-Carson.jpg/220px-Rachel-Carson.jpg, 1907-05-27, 1964-04-14, 73559
