name, img, birth, death, length 
Irina Beletskaya, http://upload.wikimedia.org/wikipedia/commons/thumb/9/91/Beletskaya.jpg/300px-Beletskaya.jpg, 1933-03-10, , 4056
William Merriam Burton, http://upload.wikimedia.org/wikipedia/en/d/d6/William_Merriam_Burton.jpg, 1865-11-17, 1954-12-29, 1816
Stephen Moulton Babcock, http://upload.wikimedia.org/wikipedia/commons/thumb/d/d7/Portrait_of_Stephen_Moulton_Babcock.jpg/220px-Portrait_of_Stephen_Moulton_Babcock.jpg, , 1931-07-03, 9880
Archibald Scott Couper, http://upload.wikimedia.org/wikipedia/commons/thumb/b/bb/Couper_Archibald_Scott.jpg/220px-Couper_Archibald_Scott.jpg, 1831-03-31, 1892-03-11, 4277
James Crafts, http://upload.wikimedia.org/wikipedia/commons/e/ec/Crafts_James_Mason.jpg, 1839-03-08, 1917-06-20, 5231
Arthur H. Livermore, http://upload.wikimedia.org/wikipedia/en/thumb/4/4e/ArthurLivermore1961.jpg/150px-ArthurLivermore1961.jpg, 1915-08-14, 2009-10-12, 1771
E. J. Bowen, http://upload.wikimedia.org/wikipedia/commons/thumb/3/3b/Dr_Bowen%27s_Room%2C_University_College%2C_Oxford.JPG/220px-Dr_Bowen%27s_Room%2C_University_College%2C_Oxford.JPG, 1898-04-29, 1980-11-19, 6966
Herman Frasch, http://upload.wikimedia.org/wikipedia/commons/thumb/e/e6/CAB_Frasch_Herman.jpg/220px-CAB_Frasch_Herman.jpg, , 1914-06, 6971
Edward W. Morley, http://upload.wikimedia.org/wikipedia/commons/d/d5/Edward_Williams_Morley2.jpg, 1838-01-29, 1923-02-24, 11548
Heinrich Caro, http://upload.wikimedia.org/wikipedia/commons/thumb/0/03/Heinrich_Caro_ca1900.jpg/220px-Heinrich_Caro_ca1900.jpg, 1834-02-13, 1910-09-11, 3116
Constantin Cândea, http://upload.wikimedia.org/wikipedia/commons/thumb/c/ce/Constantin_Candea.jpg/250px-Constantin_Candea.jpg, 1887-12-15, 1971-03-04, 4673
Francesco Bellini, http://upload.wikimedia.org/wikipedia/commons/d/d5/FBellini_business.gif, 1947-11-20, , 7922
Victor Grignard, http://upload.wikimedia.org/wikipedia/commons/thumb/c/c4/Viktor-grignard.jpg/180px-Viktor-grignard.jpg, 1871-05-06, 1935-12-13, 7557
Gaspard Monge, http://upload.wikimedia.org/wikipedia/commons/thumb/8/8f/Gaspard_monge_litho_delpech.jpg/220px-Gaspard_monge_litho_delpech.jpg, 1746-05-09, 1818-07-28, 12983
Elio Di Rupo, http://upload.wikimedia.org/wikipedia/commons/thumb/c/c4/Elio_Di_Rupo_PES-Kongress_2014.jpg/220px-Elio_Di_Rupo_PES-Kongress_2014.jpg, 1951-07-18, , 14196
Giacomo Luigi Ciamician, http://upload.wikimedia.org/wikipedia/commons/thumb/5/59/Ciamician-Giacomo_01a.jpg/220px-Ciamician-Giacomo_01a.jpg, 1857-08-29, 1922-01-02, 3929
Karl Ziegler, http://upload.wikimedia.org/wikipedia/commons/thumb/b/b5/Karl_Ziegler_Nobel.jpg/180px-Karl_Ziegler_Nobel.jpg, , 1973-08-12, 22667
Friedrich Wöhler, http://upload.wikimedia.org/wikipedia/commons/thumb/3/32/Friedrich_W%C3%B6hler_Litho.jpg/250px-Friedrich_W%C3%B6hler_Litho.jpg, 1800-07-31, 1882-09-23, 10901
Henry Louis Le Châtelier, http://upload.wikimedia.org/wikipedia/commons/thumb/a/a6/Lechatelier.jpg/150px-Lechatelier.jpg, 1850-10-08, 1936-09-17, 9932
Ernst Cohen, http://upload.wikimedia.org/wikipedia/commons/thumb/4/4f/EJCohen.jpg/220px-EJCohen.jpg, , 1944-03-07, 2735
Eduard Buchner, http://upload.wikimedia.org/wikipedia/commons/thumb/b/b2/Eduardbuchner.jpg/200px-Eduardbuchner.jpg, 1860-05-20, 1917-08-13, 8218
Hendrik Willem Bakhuis Roozeboom, http://upload.wikimedia.org/wikipedia/commons/thumb/3/38/Hendrik_Willem_Bakhuis_Roozeboom.jpg/220px-Hendrik_Willem_Bakhuis_Roozeboom.jpg, , 1907-02-09, 3515
Humphry Bowen, http://upload.wikimedia.org/wikipedia/commons/2/2f/Humphry_Bowen.jpg, 1929-06-22, 2001-08-09, 6067
Alexander Borodin, http://upload.wikimedia.org/wikipedia/commons/thumb/7/70/Borodin.jpg/220px-Borodin.jpg, , , 14849
Carolyn R. Bertozzi, http://upload.wikimedia.org/wikipedia/commons/thumb/5/52/Carolyn_Bertozzi_IMG_9384.jpg/220px-Carolyn_Bertozzi_IMG_9384.jpg, 1966-10-10, , 9088
Neil Bartlett (chemist), http://upload.wikimedia.org/wikipedia/en/thumb/c/c9/Neil_Bartlett.jpg/220px-Neil_Bartlett.jpg, 1932-09-15, 2008-08-05, 6981
Jean Charles Galissard de Marignac, http://upload.wikimedia.org/wikipedia/commons/thumb/c/c4/Galissard_de_Marignac.jpg/150px-Galissard_de_Marignac.jpg, , 1894-04-16, 4127
Elmer McCollum, http://upload.wikimedia.org/wikipedia/commons/thumb/5/5f/EVMcCollum-crop-UW.jpg/220px-EVMcCollum-crop-UW.jpg, 1879-03-03, 1967-11-15, 41051
Richard Kuhn, http://upload.wikimedia.org/wikipedia/commons/thumb/3/3f/Richard_Kuhn_ETH-Bib_Dia_248-065.jpg/180px-Richard_Kuhn_ETH-Bib_Dia_248-065.jpg, 1900-12-03, 1967-08-01, 8062
Luis E. Miramontes, http://upload.wikimedia.org/wikipedia/commons/thumb/1/17/Luis_E_Miramontes.jpg/220px-Luis_E_Miramontes.jpg, 1925-03-16, 2004-09-13, 16163
Stanley Miller, http://upload.wikimedia.org/wikipedia/commons/d/d9/Miller1999.jpg, 1930-03-07, 2007-05-20, 15217
Paul Berg, http://upload.wikimedia.org/wikipedia/commons/thumb/8/88/Paul_Berg_in_1980.jpg/250px-Paul_Berg_in_1980.jpg, 1926-06-30, , 25163
Israel Shahak, http://upload.wikimedia.org/wikipedia/en/thumb/3/38/Israel_Shahak.jpg/220px-Israel_Shahak.jpg, , , 32899
Jean-Marie Lehn, http://upload.wikimedia.org/wikipedia/commons/thumb/a/a2/Portrait_Jean-Marie_Lehn.JPG/180px-Portrait_Jean-Marie_Lehn.JPG, 1939-09-30, , 10482
Martin Chalfie, http://upload.wikimedia.org/wikipedia/commons/thumb/9/97/Martin_Chalfie-press_conference_Dec_07th%2C_2008-4.jpg/220px-Martin_Chalfie-press_conference_Dec_07th%2C_2008-4.jpg, 1947-01-15, , 10455
Raymond Davis Jr., http://upload.wikimedia.org/wikipedia/commons/thumb/a/a8/Raymond_Davis%2C_Jr_2001.jpg/220px-Raymond_Davis%2C_Jr_2001.jpg, 1914-10-14, 2006-05-31, 13097
Herbert Henry Dow, http://upload.wikimedia.org/wikipedia/commons/thumb/8/89/HDow1888.jpg/220px-HDow1888.jpg, , 1930-10-15, 8911
Hermann Kolbe, http://upload.wikimedia.org/wikipedia/commons/thumb/0/00/Hermann_Kolbe2.jpg/220px-Hermann_Kolbe2.jpg, 1818-09-27, 1884-11-25, 10568
Yuan T. Lee, http://upload.wikimedia.org/wikipedia/commons/thumb/2/2f/Yuan_T._Lee_1-1.jpg/220px-Yuan_T._Lee_1-1.jpg, 1936-11-19, , 29824
Otto Diels, http://upload.wikimedia.org/wikipedia/commons/thumb/3/38/Otto_Paul_Hermann_Diels.jpg/180px-Otto_Paul_Hermann_Diels.jpg, 1876-01-23, 1954-03-07, 7057
Julius Lothar Meyer, http://upload.wikimedia.org/wikipedia/commons/thumb/7/77/L._Meyer_-_1883.jpg/220px-L._Meyer_-_1883.jpg, , , 7035
Archer Martin, http://upload.wikimedia.org/wikipedia/commons/thumb/d/df/Archer_John_Porter_Martin_Nobel.jpg/220px-Archer_John_Porter_Martin_Nobel.jpg, 1910-03-01, 2002-07-28, 6986
George S. Hammond, http://upload.wikimedia.org/wikipedia/commons/thumb/e/e8/GerogeSHammond.png/220px-GerogeSHammond.png, 1921-05-22, 2005-10-05, 34663
Emil Erlenmeyer, http://upload.wikimedia.org/wikipedia/commons/thumb/0/09/Richard_August_Carl_Emil_Erlenmeyer-1.jpeg/220px-Richard_August_Carl_Emil_Erlenmeyer-1.jpeg, 1825-06-28, 1909-01-22, 6948
Cornelis Drebbel, http://upload.wikimedia.org/wikipedia/commons/thumb/a/a0/Drebbel_Van_Sichem_ca_1631_groot.jpg/200px-Drebbel_Van_Sichem_ca_1631_groot.jpg, , , 13807
Conrad Elvehjem, http://upload.wikimedia.org/wikipedia/commons/thumb/7/76/Linkomies_and_Elvehjelm.jpg/150px-Linkomies_and_Elvehjelm.jpg, 1901-05-27, 1962-07-27, 7817
Sima Lozanić, http://upload.wikimedia.org/wikipedia/commons/thumb/a/a9/Sima_lozanic.jpg/220px-Sima_lozanic.jpg, 1847-02-24, , 5111
Nicolas Flamel, http://upload.wikimedia.org/wikipedia/commons/thumb/7/73/Nicolas_Flamel_Histoire_critique.jpg/220px-Nicolas_Flamel_Histoire_critique.jpg, , , 12006
Richard R. Ernst, http://upload.wikimedia.org/wikipedia/commons/7/70/Richard_R_Ernst.jpg, 1933-08-14, , 15139
Paul Ehrlich, http://upload.wikimedia.org/wikipedia/commons/thumb/0/05/Paul_Ehrlich_1915.jpg/220px-Paul_Ehrlich_1915.jpg, 1854-03-14, 1915-08-21, 37830
Charles Martin Hall, http://upload.wikimedia.org/wikipedia/commons/thumb/0/07/Charles_Martin_Hall_1880s.jpg/220px-Charles_Martin_Hall_1880s.jpg, , 1914-12-28, 11558
Mostafa El-Sayed, http://upload.wikimedia.org/wikipedia/commons/thumb/3/3d/MAE_Profile_I_031516.jpg/220px-MAE_Profile_I_031516.jpg, 1933-05-08, , 17894
Victor Goldschmidt, http://upload.wikimedia.org/wikipedia/commons/thumb/0/0b/Victorgoldschmidt0006MA8633570-0001.jpg/220px-Victorgoldschmidt0006MA8633570-0001.jpg, 1888-01-27, 1947-03-20, 9580
Hans von Euler-Chelpin, http://upload.wikimedia.org/wikipedia/commons/thumb/0/0a/Euler-chelpin.jpg/180px-Euler-chelpin.jpg, 1873-02-15, 1964-11-06, 11050
Carl Theodore Liebermann, http://upload.wikimedia.org/wikipedia/commons/thumb/9/9d/Carl_Liebermann_Berlin.jpg/220px-Carl_Liebermann_Berlin.jpg, 1842-02-23, 1914-12-28, 2643
Gerhard Ertl, http://upload.wikimedia.org/wikipedia/commons/thumb/7/7f/Prof_Ertl-Portrait.jpg/220px-Prof_Ertl-Portrait.jpg, 1936-10-10, , 11874
Hans Fischer, http://upload.wikimedia.org/wikipedia/commons/thumb/1/15/Hans_Fischer_%28Nobel%29.jpg/180px-Hans_Fischer_%28Nobel%29.jpg, 1881-07-27, 1945-03-31, 7516
Richard Abegg, http://upload.wikimedia.org/wikipedia/commons/thumb/a/a1/Richard_Abegg.jpg/220px-Richard_Abegg.jpg, 1869-01-09, 1910-04-03, 6203
Allen J. Bard, http://upload.wikimedia.org/wikipedia/commons/thumb/4/40/KSA_2068_%2813112572023%29.jpg/200px-KSA_2068_%2813112572023%29.jpg, 1933-12-18, , 17189
Kurt Alder, http://upload.wikimedia.org/wikipedia/commons/thumb/3/30/Kurt_Alder_Nobel.jpg/180px-Kurt_Alder_Nobel.jpg, 1902-07-10, 1958-06-20, 6758
Jaroslav Heyrovský, http://upload.wikimedia.org/wikipedia/commons/thumb/8/82/Heyrovsky_Jaroslav.jpg/220px-Heyrovsky_Jaroslav.jpg, 1890-12-20, 1967-03-27, 9643
Charles Herty, http://upload.wikimedia.org/wikipedia/commons/thumb/8/8b/Charles_Herty.jpg/220px-Charles_Herty.jpg, 1867-12-04, 1938-07-27, 24541
Gerhard Herzberg, http://upload.wikimedia.org/wikipedia/commons/4/4f/Herzberg%2CGerhard_1952_London.jpg, , 1999-03-03, 14683
Walter Gilbert, http://upload.wikimedia.org/wikipedia/commons/thumb/7/72/Walter_Gilbert_HD2008_portrait.JPG/220px-Walter_Gilbert_HD2008_portrait.JPG, 1932-03-21, , 13603
Frederick Abel, http://upload.wikimedia.org/wikipedia/commons/thumb/c/cd/Frederick_Augustus_Abel2.jpg/240px-Frederick_Augustus_Abel2.jpg, 1827-07-17, 1902-09-06, 6557
Manfred Eigen, http://upload.wikimedia.org/wikipedia/commons/thumb/0/0c/Eigen%2CManfred_1996_G%C3%B6ttingen.jpg/220px-Eigen%2CManfred_1996_G%C3%B6ttingen.jpg, 1927-05-09, , 13797
Jeffrey S. Moore, http://upload.wikimedia.org/wikipedia/commons/thumb/1/1b/Nuvola_apps_kaboodle.svg/16px-Nuvola_apps_kaboodle.svg.png, , , 22816
Charles Hatchett, http://upload.wikimedia.org/wikipedia/commons/thumb/9/97/Charles_Hatchett_2.jpg/180px-Charles_Hatchett_2.jpg, 1765-01-02, 1847-03-10, 5372
Sidney Altman, http://upload.wikimedia.org/wikipedia/commons/5/57/Sidney_Altman_crop.jpg, 1939-05-07, , 10948
Johann Rudolf Glauber, http://upload.wikimedia.org/wikipedia/en/thumb/b/bb/Johann_Rudolf_Glauber.jpg/220px-Johann_Rudolf_Glauber.jpg, , 1670-03-10, 9268
Leopold Gmelin, http://upload.wikimedia.org/wikipedia/commons/thumb/7/7f/Leopold_Gmelin.jpg/220px-Leopold_Gmelin.jpg, 1788-08-02, 1853-04-13, 10383
Arthur Harden, http://upload.wikimedia.org/wikipedia/commons/thumb/f/ff/ArthurHarden.jpg/162px-ArthurHarden.jpg, 1865-10-12, 1940-06-17, 7053
Joseph Louis Gay-Lussac, http://upload.wikimedia.org/wikipedia/commons/thumb/2/2f/Gaylussac.jpg/225px-Gaylussac.jpg, 1778-12-06, 1850-05-09, 8045
Johan Gadolin, http://upload.wikimedia.org/wikipedia/commons/thumb/1/12/Johan-Gadolin-1960.jpg/150px-Johan-Gadolin-1960.jpg, 1760-06-05, 1852-08-15, 11688
Antoine François, comte de Fourcroy, http://upload.wikimedia.org/wikipedia/commons/thumb/8/88/Antoine_Fran%C3%A7ois%2C_comte_de_Fourcroy.jpg/250px-Antoine_Fran%C3%A7ois%2C_comte_de_Fourcroy.jpg, 1755-06-15, 1809-12-16, 7219
Vladimir Ipatieff, http://upload.wikimedia.org/wikipedia/commons/thumb/b/bc/Ipatieff1.jpg/220px-Ipatieff1.jpg, 1867-11-21, 1952-11-29, 4733
Paul Karrer, http://upload.wikimedia.org/wikipedia/commons/thumb/4/43/Paul_Karrer.jpg/220px-Paul_Karrer.jpg, 1889-04-21, 1971-06-18, 8013
Francis Muguet, http://upload.wikimedia.org/wikipedia/commons/thumb/0/0a/Francis_muguet.jpg/220px-Francis_muguet.jpg, 1955-04-30, 2009-10-14, 2774
Frédéric Joliot-Curie, http://upload.wikimedia.org/wikipedia/commons/thumb/d/d7/Joliot-fred.jpg/180px-Joliot-fred.jpg, 1900-03-19, 1958-08-14, 11971
Avram Hershko, http://upload.wikimedia.org/wikipedia/commons/thumb/d/df/Flickr_-_Government_Press_Office_%28GPO%29_-_Nobel_Laureate_Avram_Hershko.jpg/220px-Flickr_-_Government_Press_Office_%28GPO%29_-_Nobel_Laureate_Avram_Hershko.jpg, 1937-12-31, , 11588
Jacobus Henricus van 't Hoff, http://upload.wikimedia.org/wikipedia/commons/thumb/3/33/Jacobus_van_%27t_Hoff_by_Perscheid_1904.jpg/220px-Jacobus_van_%27t_Hoff_by_Perscheid_1904.jpg, 1852-08-30, 1911-03-01, 15860
Alan J. Heeger, http://upload.wikimedia.org/wikipedia/commons/thumb/1/11/Heeger%2C_Alan_J._%281936%29.jpg/220px-Heeger%2C_Alan_J._%281936%29.jpg, 1936-01-22, , 9890
Jerome Karle, http://upload.wikimedia.org/wikipedia/commons/thumb/9/91/Jerome_Karle%2C_2009.jpg/200px-Jerome_Karle%2C_2009.jpg, 1918-06-18, 2013-06-06, 10631
Adolf Windaus, http://upload.wikimedia.org/wikipedia/commons/thumb/7/79/Windaus.jpg/180px-Windaus.jpg, , 1959-06-09, 6827
George de Hevesy, http://upload.wikimedia.org/wikipedia/commons/thumb/b/b4/George_de_Hevesy.jpg/200px-George_de_Hevesy.jpg, 1885-08-01, 1966-07-05, 15769
Martin Heinrich Klaproth, http://upload.wikimedia.org/wikipedia/commons/thumb/c/cf/Martin_Heinrich_Klaproth.jpg/150px-Martin_Heinrich_Klaproth.jpg, 1743-12-01, 1817-01-01, 5673
Germain Henri Hess, http://upload.wikimedia.org/wikipedia/commons/thumb/c/c5/Hess_Germain_Henri.jpg/150px-Hess_Germain_Henri.jpg, , 1850-12-14, 5748
Aaron Klug, http://upload.wikimedia.org/wikipedia/commons/thumb/a/a5/Aaron_Klug_1979.jpg/220px-Aaron_Klug_1979.jpg, 1926-08-11, , 16941
Robert Havemann, http://upload.wikimedia.org/wikipedia/commons/thumb/3/33/Bundesarchiv_Bild_183-76791-0009%2C_Berlin%2C_15._Volkskammersitzung%2C_Robert_Havemann.jpg/200px-Bundesarchiv_Bild_183-76791-0009%2C_Berlin%2C_15._Volkskammersitzung%2C_Robert_Havemann.jpg, 1910-03-11, 1982-04-09, 3697
August Wilhelm von Hofmann, http://upload.wikimedia.org/wikipedia/commons/thumb/a/a8/Hoffman_August_Wilhelm_von.jpg/220px-Hoffman_August_Wilhelm_von.jpg, 1818-04-08, 1892-05-05, 23478
Petrus Jacobus Kipp, http://upload.wikimedia.org/wikipedia/commons/thumb/7/7a/Petrus_Jacobus_Kipp_%281808-1864%29.jpg/220px-Petrus_Jacobus_Kipp_%281808-1864%29.jpg, 1808-03-05, 1864-02-03, 4821
Homer Burton Adkins, http://upload.wikimedia.org/wikipedia/commons/thumb/e/e7/Homer_Burton_Adkins.png/220px-Homer_Burton_Adkins.png, 1892-01-16, 1949-08-10, 6116
Odd Hassel, http://upload.wikimedia.org/wikipedia/commons/thumb/8/8b/Odd_Hassel.jpg/180px-Odd_Hassel.jpg, 1897-05-17, 1981-05-11, 7030
Vladimir Markovnikov, http://upload.wikimedia.org/wikipedia/commons/thumb/6/6f/VladimirMarkovnikov.jpg/200px-VladimirMarkovnikov.jpg, 1838-12-22, 1904-02-11, 3694
Darleane C. Hoffman, http://upload.wikimedia.org/wikipedia/commons/thumb/e/ed/Darleane_C._Hoffman_2012_CHF_Oral_History_2_crop.png/220px-Darleane_C._Hoffman_2012_CHF_Oral_History_2_crop.png, 1926-11-08, , 14261
Robert Huber, http://upload.wikimedia.org/wikipedia/commons/thumb/0/0a/Robert-huber.jpg/220px-Robert-huber.jpg, 1937-02-20, , 12687
August Kekulé, http://upload.wikimedia.org/wikipedia/commons/thumb/f/fa/Frkekul%C3%A9.jpg/220px-Frkekul%C3%A9.jpg, 1829-09-07, 1896-07-13, 16017
Norman Haworth, http://upload.wikimedia.org/wikipedia/commons/thumb/3/31/Norman_Haworth.jpg/180px-Norman_Haworth.jpg, 1883-03-19, 1950-03-19, 10374
Kurt Wüthrich, http://upload.wikimedia.org/wikipedia/commons/thumb/a/ae/Kurt_wuethrich.jpg/220px-Kurt_wuethrich.jpg, 1938-10-04, , 10099
Jan Baptist van Helmont, http://upload.wikimedia.org/wikipedia/commons/4/40/Jan_Baptist_van_Helmont_and_his_son.jpg, 1580-01-12, 1644-12-30, 13793
Albert Hofmann, http://upload.wikimedia.org/wikipedia/commons/thumb/a/aa/Albert_Hofmann_Oct_1993.jpg/220px-Albert_Hofmann_Oct_1993.jpg, 1906-01-11, 2008-04-29, 14962
Emil Knoevenagel, http://upload.wikimedia.org/wikipedia/commons/thumb/0/06/Emil_Knoevenagel_HD_ca._1892.jpg/220px-Emil_Knoevenagel_HD_ca._1892.jpg, 1865-06-18, 1921-08-11, 1115
Louis Nicolas Vauquelin, http://upload.wikimedia.org/wikipedia/commons/thumb/f/f8/Louis_Nicolas_Vauquelin_3.jpg/230px-Louis_Nicolas_Vauquelin_3.jpg, 1763-05-16, 1829-11-14, 4849
Charles Frédéric Gerhardt, http://upload.wikimedia.org/wikipedia/commons/thumb/b/b2/Gerhardt_Charles.jpg/150px-Gerhardt_Charles.jpg, 1816-08-21, 1856-08-19, 6469
Irène Joliot-Curie, http://upload.wikimedia.org/wikipedia/commons/thumb/a/af/Ir%C3%A8ne_Joliot-Curie_Harcourt.jpg/190px-Ir%C3%A8ne_Joliot-Curie_Harcourt.jpg, 1897-09-12, 1956-03-17, 14970
Richard Willstätter, http://upload.wikimedia.org/wikipedia/commons/thumb/2/26/Richard_Willst%C3%A4tter.jpg/180px-Richard_Willst%C3%A4tter.jpg, , 1942-08-03, 9817
Christopher Kelk Ingold, http://upload.wikimedia.org/wikipedia/en/thumb/6/69/Christopher_Kelk_Ingold_portrait.jpg/220px-Christopher_Kelk_Ingold_portrait.jpg, 1893-10-28, 1970-12-08, 5692
Alexander William Williamson, http://upload.wikimedia.org/wikipedia/commons/thumb/1/16/Williamson_Alexander.jpg/200px-Williamson_Alexander.jpg, , 1904-05-07, 6532
Paul Lauterbur, http://upload.wikimedia.org/wikipedia/commons/a/a6/PaulLauterbur.jpg, 1929-05-06, 2007-03-27, 19746
Jan Boldingh, http://upload.wikimedia.org/wikipedia/en/0/05/JanBoldingh.jpg, 1915-01-03, 2003-08-05, 2379
Svante Arrhenius, http://upload.wikimedia.org/wikipedia/commons/thumb/6/6c/Arrhenius2.jpg/220px-Arrhenius2.jpg, 1859-02-19, 1927-10-02, 28911
Lawrence E. Glendenin, http://upload.wikimedia.org/wikipedia/commons/c/c5/Larry_E_Glendenin.jpg, 1918-11-08, 2008-11-22, 3947
William Standish Knowles, http://upload.wikimedia.org/wikipedia/en/thumb/6/6b/William_Standish_Knowles.jpg/220px-William_Standish_Knowles.jpg, 1917-06-01, 2012-06-13, 9803
Irving Langmuir, http://upload.wikimedia.org/wikipedia/commons/9/96/Langmuir-sitting.jpg, 1881-01-31, 1957-08-16, 21879
Charles-Adolphe Wurtz, http://upload.wikimedia.org/wikipedia/commons/thumb/2/22/Charles-Adolphe_Wurtz.jpg/240px-Charles-Adolphe_Wurtz.jpg, 1817-11-26, 1884-05-10, 12654
August Michaelis, http://upload.wikimedia.org/wikipedia/commons/thumb/8/84/August_Michaelis.jpg/220px-August_Michaelis.jpg, 1847-12-26, 1916-01-31, 1418
Marcellin Berthelot, http://upload.wikimedia.org/wikipedia/commons/thumb/5/5a/Marcellin_Berthelot.jpg/250px-Marcellin_Berthelot.jpg, 1827-10-25, 1907-03-18, 13693
Theodor Curtius, http://upload.wikimedia.org/wikipedia/commons/thumb/5/54/Theodor_Curtius.gif/200px-Theodor_Curtius.gif, 1857-05-27, 1928-02-08, 3640
Robert Dirks, http://upload.wikimedia.org/wikipedia/en/thumb/5/50/Robert_Dirks.jpg/220px-Robert_Dirks.jpg, 1978-05-29, 2015-02-03, 12841
Edward Adelbert Doisy, http://upload.wikimedia.org/wikipedia/commons/thumb/6/65/Edward_A_Doisy.jpg/180px-Edward_A_Doisy.jpg, 1893-11-13, 1986-10-23, 6720
Hans Christian Ørsted, http://upload.wikimedia.org/wikipedia/commons/thumb/c/cf/Hans_Christian_%C3%98rsted_daguerreotype.jpg/220px-Hans_Christian_%C3%98rsted_daguerreotype.jpg, 1777-08-14, 1851-03-09, 17920
Frederick Gowland Hopkins, http://upload.wikimedia.org/wikipedia/commons/thumb/7/75/Frederick_Gowland_Hopkins_nobel.jpg/220px-Frederick_Gowland_Hopkins_nobel.jpg, 1861-06-20, 1947-05-16, 14323
Henri Moissan, http://upload.wikimedia.org/wikipedia/commons/thumb/9/92/Henri_Moissan_HiRes.jpg/180px-Henri_Moissan_HiRes.jpg, 1852-09-28, 1907-02-20, 12808
Jerry Buss, http://upload.wikimedia.org/wikipedia/commons/thumb/9/94/Jerry_Buss_playing_the_WSOP.jpg/250px-Jerry_Buss_playing_the_WSOP.jpg, 1933-01-27, 2013-02-18, 19573
Jacques Monod, http://upload.wikimedia.org/wikipedia/commons/thumb/7/70/Jacques_Monod_nobel.jpg/220px-Jacques_Monod_nobel.jpg, 1910-02-09, 1976-05-31, 16787
Mario J. Molina, http://upload.wikimedia.org/wikipedia/commons/thumb/d/db/Mario_Molina_1c389_8387.jpg/180px-Mario_Molina_1c389_8387.jpg, 1943-03-19, , 16640
Charles de Worms, http://upload.wikimedia.org/wikipedia/en/thumb/a/a4/Charles_de_Worms02a.jpg/220px-Charles_de_Worms02a.jpg, , , 2825
Robert Burns Woodward, http://upload.wikimedia.org/wikipedia/en/thumb/b/bf/Robert_Woodward_Nobel.jpg/220px-Robert_Woodward_Nobel.jpg, 1917-04-10, 1979-07-08, 29060
Robert Bruce Merrifield, http://upload.wikimedia.org/wikipedia/en/0/05/Robert_Bruce_Merrifield.jpg, 1921-07-15, 2006-05-14, 9911
Eilhard Mitscherlich, http://upload.wikimedia.org/wikipedia/commons/thumb/3/30/Eilhard_Mitscherlich.jpg/250px-Eilhard_Mitscherlich.jpg, 1794-01-07, 1863-08-28, 10659
Ada Yonath, http://upload.wikimedia.org/wikipedia/commons/thumb/4/4a/Ada_E._Yonath.jpg/200px-Ada_E._Yonath.jpg, 1939-06-22, , 18547
Charles Friedel, http://upload.wikimedia.org/wikipedia/commons/thumb/d/d8/Charles_Friedel_1890s2.jpg/220px-Charles_Friedel_1890s2.jpg, , 1899-04-20, 3145
Heinrich Otto Wieland, http://upload.wikimedia.org/wikipedia/commons/thumb/0/07/Heinrich_Wieland.jpg/180px-Heinrich_Wieland.jpg, 1877-06-04, 1957-08-05, 8987
Geoffrey Wilkinson, http://upload.wikimedia.org/wikipedia/commons/thumb/b/b7/Geoffrey_Wilkinson_ca._1976.png/180px-Geoffrey_Wilkinson_ca._1976.png, 1921-07-14, 1996-09-26, 8978
Peter D. Mitchell, http://upload.wikimedia.org/wikipedia/en/c/cd/Peter_Dennis_Mitchell.jpg, 1920-09-29, 1992-04-10, 11812
Ignacy Łukasiewicz, http://upload.wikimedia.org/wikipedia/commons/thumb/9/92/Ignacy_Lukasiewicz.jpg/240px-Ignacy_Lukasiewicz.jpg, , 1882-01-07, 8589
Viktor Meyer, http://upload.wikimedia.org/wikipedia/commons/thumb/6/6e/Meyer_Viktor.jpg/200px-Meyer_Viktor.jpg, , 1897-08-08, 10894
Peter Debye, http://upload.wikimedia.org/wikipedia/commons/thumb/6/6b/Debije-boerhaave.jpg/220px-Debije-boerhaave.jpg, 1884-03-24, 1966-11-02, 31698
Pierre Macquer, http://upload.wikimedia.org/wikipedia/commons/thumb/8/8d/Pierre_Joseph_Macquer.jpg/150px-Pierre_Joseph_Macquer.jpg, , 1784-02-16, 2131
Hartmut Michel, http://upload.wikimedia.org/wikipedia/commons/thumb/a/a6/Michel%2C_Hartmut_%281948%29.jpg/220px-Michel%2C_Hartmut_%281948%29.jpg, 1948-07-18, , 8312
Adolf von Baeyer, http://upload.wikimedia.org/wikipedia/commons/thumb/1/1b/Adolf_von_Baeyer_%281905%29.jpg/220px-Adolf_von_Baeyer_%281905%29.jpg, 1835-10-31, 1917-08-20, 13390
Roderick MacKinnon, http://upload.wikimedia.org/wikipedia/commons/thumb/d/df/Roderick_MacKinnon%2C_M.D..jpg/240px-Roderick_MacKinnon%2C_M.D..jpg, 1956-02-19, , 11405
Martin Lowry, http://upload.wikimedia.org/wikipedia/commons/thumb/8/81/Thomas_Martin_Lowry2.jpg/240px-Thomas_Martin_Lowry2.jpg, 1874-10-26, 1936-11-02, 3930
Alan MacDiarmid, http://upload.wikimedia.org/wikipedia/commons/thumb/3/34/Alan_MacDiarmid_2005.017.004e_crop.tif/lossy-page1-220px-Alan_MacDiarmid_2005.017.004e_crop.tif.jpg, , , 21045
Mikhail Lomonosov, http://upload.wikimedia.org/wikipedia/commons/thumb/4/4d/M.V._Lomonosov_by_L.Miropolskiy_after_G.C.Prenner_%281787%2C_RAN%29.jpg/220px-M.V._Lomonosov_by_L.Miropolskiy_after_G.C.Prenner_%281787%2C_RAN%29.jpg, 1711-11-19, 1765-04-15, 23209
Gilbert N. Lewis, http://upload.wikimedia.org/wikipedia/en/thumb/2/21/Gilbert_N_Lewis.jpg/220px-Gilbert_N_Lewis.jpg, 1875-10-23, 1946-03-23, 20016
William Hyde Wollaston, http://upload.wikimedia.org/wikipedia/commons/thumb/7/7d/Wollaston_William_Hyde_Jackson_color.jpg/220px-Wollaston_William_Hyde_Jackson_color.jpg, 1766-08-06, 1828-12-22, 17261
Knute Rockne, http://upload.wikimedia.org/wikipedia/commons/thumb/e/e7/Knute_Rockne_on_ship%27s_deck.jpg/200px-Knute_Rockne_on_ship%27s_deck.jpg, 1888-03-04, 1931-03-31, 32232
Xiaoliang Sunney Xie, http://upload.wikimedia.org/wikipedia/commons/thumb/2/22/Xiaoliang_Sunney_Xie_1.jpg/220px-Xiaoliang_Sunney_Xie_1.jpg, 1962-06-24, , 11202
Richard Adolf Zsigmondy, http://upload.wikimedia.org/wikipedia/en/thumb/9/9b/Richard_Adolf_Zsigmondy.jpg/220px-Richard_Adolf_Zsigmondy.jpg, 1865-04-01, 1929-09-23, 11596
Stanislao Cannizzaro, http://upload.wikimedia.org/wikipedia/commons/thumb/9/9e/Cannizzaro_Stanislao.jpg/150px-Cannizzaro_Stanislao.jpg, , 1910-05-11, 7563
Friedrich Konrad Beilstein, http://upload.wikimedia.org/wikipedia/commons/thumb/8/83/Friedrich_Konrad_Beilstein.jpg/220px-Friedrich_Konrad_Beilstein.jpg, 1838-02-17, 1906-10-18, 4887
Leo Baekeland, http://upload.wikimedia.org/wikipedia/commons/thumb/8/80/Leo_Hendrik_Baekeland%2C_1916.jpg/196px-Leo_Hendrik_Baekeland%2C_1916.jpg, , 1944-02-23, 18671
Joseph Black, http://upload.wikimedia.org/wikipedia/commons/thumb/6/62/Joseph_Black_b1728.jpg/230px-Joseph_Black_b1728.jpg, , 1799-12-07, 13290
Carl Ferdinand Cori, http://upload.wikimedia.org/wikipedia/commons/thumb/3/31/Carl_Ferdinand_Cori.jpg/162px-Carl_Ferdinand_Cori.jpg, 1896-12-05, 1984-10-20, 12587
Arthur Aikin, http://upload.wikimedia.org/wikipedia/commons/thumb/3/3f/ArthurAikin2.jpg/250px-ArthurAikin2.jpg, 1773-05-19, 1854-04-15, 4554
Chaim Weizmann, http://upload.wikimedia.org/wikipedia/commons/thumb/6/65/Flickr_-_Government_Press_Office_%28GPO%29_-_President_Chaim_Weizmann.jpg/225px-Flickr_-_Government_Press_Office_%28GPO%29_-_President_Chaim_Weizmann.jpg, 1874-11-27, 1952-11-09, 53900
Yves Chauvin, http://upload.wikimedia.org/wikipedia/commons/thumb/f/f8/Nobel_Laureates_in_Chemistry_2005_on_stage_%28restored%29.jpg/220px-Nobel_Laureates_in_Chemistry_2005_on_stage_%28restored%29.jpg, 1930-10-10, 2015-01-27, 12016
Hans Adolf Krebs, http://upload.wikimedia.org/wikipedia/commons/thumb/b/ba/Hans_Adolf_Krebs.jpg/180px-Hans_Adolf_Krebs.jpg, 1900-08-25, 1981-11-22, 26530
Johannes Nicolaus Brønsted, http://upload.wikimedia.org/wikipedia/commons/thumb/2/24/Johannes_Br%C3%B8nsted.jpg/220px-Johannes_Br%C3%B8nsted.jpg, 1879-02-22, 1947-12-17, 2825
Thomas Cech, http://upload.wikimedia.org/wikipedia/commons/thumb/6/68/Thomas_Robert_Cech.jpg/220px-Thomas_Robert_Cech.jpg, 1947-12-08, , 24125
Adolf Butenandt, http://upload.wikimedia.org/wikipedia/commons/thumb/0/03/A._Butenandt_1921.jpg/220px-A._Butenandt_1921.jpg, 1903-03-24, 1995-01-18, 10837
Gerty Cori, http://upload.wikimedia.org/wikipedia/commons/thumb/d/d6/Gerty_Theresa_Cori.jpg/220px-Gerty_Theresa_Cori.jpg, 1896-08-15, 1957-10-26, 28790
Claude Louis Berthollet, http://upload.wikimedia.org/wikipedia/commons/thumb/f/fd/Berthollet_Claude_Louis.jpg/220px-Berthollet_Claude_Louis.jpg, 1748-12-09, 1822-11-06, 7920
Larned B. Asprey, http://upload.wikimedia.org/wikipedia/commons/thumb/e/e0/Asprey60th_small.jpg/220px-Asprey60th_small.jpg, 1919-03-19, 2005-03-06, 6752
Christian B. Anfinsen, http://upload.wikimedia.org/wikipedia/commons/thumb/2/2a/Christian_B._Anfinsen%2C_NIH_portrait%2C_1969.jpg/180px-Christian_B._Anfinsen%2C_NIH_portrait%2C_1969.jpg, , 1995-05-14, 12840
William Crookes, http://upload.wikimedia.org/wikipedia/commons/thumb/5/50/Sir_William_Crookes_1906.jpg/220px-Sir_William_Crookes_1906.jpg, 1832-06-17, 1919-04-04, 23836
Friedrich Accum, http://upload.wikimedia.org/wikipedia/commons/thumb/6/61/Thomson_-_Friedrich_Accum_%28European_Magazine%29.jpg/250px-Thomson_-_Friedrich_Accum_%28European_Magazine%29.jpg, 1769-03-29, 1838-06-28, 49738
Paul-Émile Lecoq de Boisbaudran, http://upload.wikimedia.org/wikipedia/commons/6/69/Lecoq_de_Boisbaudran.jpg, 1838-04-18, 1912-05-28, 5565
Peter Agre, http://upload.wikimedia.org/wikipedia/commons/thumb/8/8d/Peter_Agre.jpg/200px-Peter_Agre.jpg, 1949-01-30, , 30996
Georgius Agricola, http://upload.wikimedia.org/wikipedia/commons/thumb/6/63/Georgius_Agricola.jpg/200px-Georgius_Agricola.jpg, 1494-03-24, 1555-11-22, 9995
Amedeo Avogadro, http://upload.wikimedia.org/wikipedia/commons/3/3c/Amedeo_Avogadro2.jpg, 1776-08-09, 1856-07-09, 11459
Friedrich Bergius, http://upload.wikimedia.org/wikipedia/commons/thumb/b/bc/Bergius.jpg/210px-Bergius.jpg, 1884-10-11, 1949-03-30, 9014
Primo Levi, http://upload.wikimedia.org/wikipedia/en/thumb/7/7e/Primo_Levi.gif/220px-Primo_Levi.gif, 1919-07-31, 1987-04-11, 45446
Richard Zare, http://upload.wikimedia.org/wikipedia/commons/thumb/d/d3/Richard_Zare_%28cropped%29.jpg/220px-Richard_Zare_%28cropped%29.jpg, 1939-11-19, , 20194
Ahmed Zewail, http://upload.wikimedia.org/wikipedia/commons/thumb/a/a7/Ahmed_Zewail_HD2009_Othmer_Gold_Medal_portrait.JPG/185px-Ahmed_Zewail_HD2009_Othmer_Gold_Medal_portrait.JPG, 1946-02-26, 2016-08-02, 21198
Michel Eugène Chevreul, http://upload.wikimedia.org/wikipedia/commons/thumb/e/e7/Michel_Eug%C3%A8ne_Chevreul_2.jpg/220px-Michel_Eug%C3%A8ne_Chevreul_2.jpg, , 1889-04-09, 11030
Mikhail Lomonosov, http://upload.wikimedia.org/wikipedia/commons/thumb/4/4d/M.V._Lomonosov_by_L.Miropolskiy_after_G.C.Prenner_%281787%2C_RAN%29.jpg/220px-M.V._Lomonosov_by_L.Miropolskiy_after_G.C.Prenner_%281787%2C_RAN%29.jpg, 1711-11-19, 1765-04-15, 23209
Harvey Washington Wiley, http://upload.wikimedia.org/wikipedia/commons/thumb/a/a0/Portrait_of_Dr._Harvey_W._Wiley.jpg/250px-Portrait_of_Dr._Harvey_W._Wiley.jpg, 1844-10-18, 1930-06-16, 23409
Jöns Jacob Berzelius, http://upload.wikimedia.org/wikipedia/commons/thumb/1/18/J%C3%B6ns_Jacob_Berzelius.jpg/220px-J%C3%B6ns_Jacob_Berzelius.jpg, 1779-08-20, 1848-08-07, 15421
Joseph Lister, 1st Baron Lister, http://upload.wikimedia.org/wikipedia/commons/thumb/a/a1/Joseph_Lister_1902.jpg/220px-Joseph_Lister_1902.jpg, 1827-04-05, 1912-02-10, 20192
Jabir ibn Hayyan, http://upload.wikimedia.org/wikipedia/commons/thumb/0/04/Jabir_ibn_Hayyan.jpg/220px-Jabir_ibn_Hayyan.jpg, , , 42048
Justus von Liebig, http://upload.wikimedia.org/wikipedia/commons/thumb/8/87/Justus_von_Liebig_NIH.jpg/220px-Justus_von_Liebig_NIH.jpg, 1803-05-12, 1873-04-18, 51618
Wallace Carothers, http://upload.wikimedia.org/wikipedia/commons/thumb/2/2b/Wallace_Carothers%2C_in_the_lab.jpg/220px-Wallace_Carothers%2C_in_the_lab.jpg, 1896-04-27, 1937-04-29, 21854
John Cornforth, http://upload.wikimedia.org/wikipedia/en/thumb/c/cd/John_Cornforth.jpg/220px-John_Cornforth.jpg, 1917-09-07, 2013-12-08, 21138
Auguste Laurent, http://upload.wikimedia.org/wikipedia/commons/thumb/5/50/Auguste_Laurent2.JPG/220px-Auguste_Laurent2.JPG, , 1853-04-16, 1864
Alexander Butlerov, http://upload.wikimedia.org/wikipedia/commons/thumb/9/91/Butlerov%2C_A._M._1828-1886.jpg/220px-Butlerov%2C_A._M._1828-1886.jpg, 1828-09-15, 1886-08-17, 3270
Antoine Baumé, http://upload.wikimedia.org/wikipedia/commons/thumb/4/41/Antoine_baume_NLM_image.jpg/200px-Antoine_baume_NLM_image.jpg, 1728-02-26, 1804-10-15, 2521
Robert Boyle, http://upload.wikimedia.org/wikipedia/commons/thumb/b/b3/Robert_Boyle_0001.jpg/220px-Robert_Boyle_0001.jpg, , 1691-12-31, 31762
Elena Ceaușescu, http://upload.wikimedia.org/wikipedia/commons/thumb/9/93/Elena_Ceausescu_portrait.jpg/220px-Elena_Ceausescu_portrait.jpg, 1919-01-07, 1989-12-25, 13555
Nicolas Leblanc, http://upload.wikimedia.org/wikipedia/commons/thumb/6/6e/NicholasLeblanc.jpg/150px-NicholasLeblanc.jpg, 1742-12-06, 1806-01-16, 3410
Derek Barton, http://upload.wikimedia.org/wikipedia/en/thumb/a/ae/Flag_of_the_United_Kingdom.svg/23px-Flag_of_the_United_Kingdom.svg.png, 1918-09-08, 1998-03-16, 10571
Luis Federico Leloir, http://upload.wikimedia.org/wikipedia/commons/thumb/7/7d/Luis_Federico_Leloir_-_young.jpg/180px-Luis_Federico_Leloir_-_young.jpg, 1906-09-06, 1987-12-02, 23916
Ronald Breslow, http://upload.wikimedia.org/wikipedia/commons/thumb/7/75/Ronald_Breslow_HD2006_Othmer_Gold_Medal_portrait.JPG/220px-Ronald_Breslow_HD2006_Othmer_Gold_Medal_portrait.JPG, 1931-03-14, , 28759
Otto Hahn, http://upload.wikimedia.org/wikipedia/commons/thumb/6/64/Otto_Hahn_1970.jpg/240px-Otto_Hahn_1970.jpg, 1879-03-08, 1968-07-28, 67408
Fritz Haber, http://upload.wikimedia.org/wikipedia/commons/thumb/1/1e/Fritz_Haber.png/225px-Fritz_Haber.png, 1868-12-09, 1934-01-29, 39985
Michael Faraday, http://upload.wikimedia.org/wikipedia/commons/thumb/8/88/M_Faraday_Th_Phillips_oil_1842.jpg/220px-M_Faraday_Th_Phillips_oil_1842.jpg, 1791-09-22, 1867-08-25, 44973
John Fenn (chemist), http://upload.wikimedia.org/wikipedia/commons/thumb/a/a6/John_B_Fenn01.jpg/220px-John_B_Fenn01.jpg, 1917-06-15, 2010-12-10, 22755
Roald Hoffmann, http://upload.wikimedia.org/wikipedia/commons/thumb/c/c9/Roald_Hoffmann.jpg/230px-Roald_Hoffmann.jpg, 1937-07-18, , 31767
Josiah Willard Gibbs, http://upload.wikimedia.org/wikipedia/commons/thumb/c/c7/Josiah_Willard_Gibbs_-from_MMS-.jpg/220px-Josiah_Willard_Gibbs_-from_MMS-.jpg, 1839-02-11, 1903-04-28, 69526
Robert H. Grubbs, http://upload.wikimedia.org/wikipedia/commons/thumb/5/5e/Robert_H._Grubbs_HD2010_AIC_Gold_Medal_2.JPG/220px-Robert_H._Grubbs_HD2010_AIC_Gold_Medal_2.JPG, 1942-02-27, , 20635
Harry B. Gray, http://upload.wikimedia.org/wikipedia/commons/thumb/6/6c/Harry_Gray_HD2013_Othmer_Gold_Medal_002.JPG/175px-Harry_Gray_HD2013_Othmer_Gold_Medal_002.JPG, 1935-11-14, , 24358
John Kendrew, http://upload.wikimedia.org/wikipedia/commons/thumb/e/ed/John_Kendrew_Nobel.jpg/200px-John_Kendrew_Nobel.jpg, 1917-03-24, 1997-08-23, 12758
Herbert A. Hauptman, http://upload.wikimedia.org/wikipedia/commons/thumb/e/e1/Herbert_Hauptman_-_UB_2009.jpg/220px-Herbert_Hauptman_-_UB_2009.jpg, 1917-02-14, 2011-10-23, 10354
Johan Kjeldahl, http://upload.wikimedia.org/wikipedia/commons/thumb/9/95/Kjeldahl3.JPG/220px-Kjeldahl3.JPG, 1849-08-16, 1900-07-18, 3129
Dudley R. Herschbach, http://upload.wikimedia.org/wikipedia/commons/thumb/1/1c/Dudley_R._Herschbach_in_Lindau.jpg/220px-Dudley_R._Herschbach_in_Lindau.jpg, 1932-06-18, , 28134
Percy Lavon Julian, http://upload.wikimedia.org/wikipedia/en/thumb/d/d6/Percy_Lavon_Julian.jpg/220px-Percy_Lavon_Julian.jpg, 1899-04-11, 1975-04-19, 37525
Dorothy Hodgkin, http://upload.wikimedia.org/wikipedia/en/thumb/3/3f/Dorothy_Hodgkin_Nobel.jpg/225px-Dorothy_Hodgkin_Nobel.jpg, 1910-05-12, 1994-07-29, 29914
Harry Kroto, http://upload.wikimedia.org/wikipedia/commons/thumb/1/13/Harry_Kroto.jpg/220px-Harry_Kroto.jpg, 1939-10-07, 2016-04-30, 36257
Antoine Lavoisier, http://upload.wikimedia.org/wikipedia/commons/thumb/6/6c/Antoine_lavoisier_color.jpg/220px-Antoine_lavoisier_color.jpg, 1743-08-26, 1794-05-08, 63977
Elias James Corey, http://upload.wikimedia.org/wikipedia/commons/a/a2/E.J.Coreyx240.jpg, 1928-07-12, , 54626
Edwin McMillan, http://upload.wikimedia.org/wikipedia/en/thumb/8/86/Edwin_McMillan_Nobel.jpg/220px-Edwin_McMillan_Nobel.jpg, 1907-09-18, 1991-09-07, 30879
Harold Urey, http://upload.wikimedia.org/wikipedia/commons/thumb/2/29/Urey.jpg/240px-Urey.jpg, 1893-04-29, 1981-01-05, 40618
Hideki Shirakawa, http://upload.wikimedia.org/wikipedia/commons/c/cb/Hideki_Shirakawa_20011212.jpg, 1936-08-20, , 8866
Osamu Shimomura, http://upload.wikimedia.org/wikipedia/commons/thumb/2/2f/Osamu_Shimomura-press_conference_Dec_06th%2C_2008-2.jpg/220px-Osamu_Shimomura-press_conference_Dec_06th%2C_2008-2.jpg, 1928-08-27, , 10055
Ascanio Sobrero, http://upload.wikimedia.org/wikipedia/commons/thumb/4/44/Ascanio_Sobrero.jpg/220px-Ascanio_Sobrero.jpg, , 1888-05-26, 4004
Michael Smith (chemist), http://upload.wikimedia.org/wikipedia/en/d/d6/Michaelsmith.jpg, 1932-04-26, 2000-10-04, 22542
Wendell Meredith Stanley, http://upload.wikimedia.org/wikipedia/commons/thumb/5/53/Wendell_Meredith_Stanley.jpg/220px-Wendell_Meredith_Stanley.jpg, 1904-08-16, 1971-06-15, 7775
Alexander Shulgin, http://upload.wikimedia.org/wikipedia/commons/thumb/e/e0/Shulgin_sasha_2011_hanna_jon.jpg/220px-Shulgin_sasha_2011_hanna_jon.jpg, 1925-06-17, 2014-06-02, 21379
Fred Olsen, http://upload.wikimedia.org/wikipedia/en/thumb/a/a4/Flag_of_the_United_States.svg/23px-Flag_of_the_United_States.svg.png, 1891-02-28, 1986-11-02, 2935
Max Perutz, http://upload.wikimedia.org/wikipedia/commons/3/34/Max_Perutz.jpg, , 2002-02-06, 25996
Pierre Curie, http://upload.wikimedia.org/wikipedia/commons/thumb/d/db/Pierre_Curie_by_Dujardin_c1906.jpg/220px-Pierre_Curie_by_Dujardin_c1906.jpg, 1859-05-15, 1906-04-19, 18540
Moses Gomberg, http://upload.wikimedia.org/wikipedia/commons/thumb/c/cd/Gombergm01.jpg/150px-Gombergm01.jpg, 1866-02-08, 1947-02-12, 10903
Thomas Graham (chemist), http://upload.wikimedia.org/wikipedia/commons/thumb/7/76/Thomas_Graham_Litho.JPG/220px-Thomas_Graham_Litho.JPG, 1805-12-20, 1869-09-16, 8620
Johan August Arfwedson, http://upload.wikimedia.org/wikipedia/commons/thumb/7/74/Arfwedson_Johan_A.jpg/200px-Arfwedson_Johan_A.jpg, 1792-01-12, 1841-10-29, 3011
Francis William Aston, http://upload.wikimedia.org/wikipedia/commons/c/c6/Francis_William_Aston.jpg, 1877-09-01, 1945-11-20, 13396
Peter Moore (chemist), http://upload.wikimedia.org/wikipedia/commons/thumb/d/d7/Ribosome_50s.png/220px-Ribosome_50s.png, 1939-10-15, , 3143
Thomas Willson, http://upload.wikimedia.org/wikipedia/commons/thumb/7/79/Thomas_Leopold_Willson.jpg/220px-Thomas_Leopold_Willson.jpg, , 1915-12-20, 2390
Rudolph A. Marcus, http://upload.wikimedia.org/wikipedia/commons/thumb/4/4d/Prof._Dr._Rudolph_A._Marcus.jpg/180px-Prof._Dr._Rudolph_A._Marcus.jpg, 1923-07-21, , 23309
Jean-Baptiste Boussingault, http://upload.wikimedia.org/wikipedia/commons/thumb/e/e3/Jean_Baptiste_JD_Boussingault.jpg/220px-Jean_Baptiste_JD_Boussingault.jpg, , 1887-05-11, 11732
John Howard Northrop, http://upload.wikimedia.org/wikipedia/commons/thumb/3/3a/John_Howard_Northrop.jpg/180px-John_Howard_Northrop.jpg, 1891-07-05, 1987-05-27, 8817
Jean-Baptiste Dumas, http://upload.wikimedia.org/wikipedia/commons/thumb/d/dd/Jean_Baptiste_Andr%C3%A9_Dumas.jpg/220px-Jean_Baptiste_Andr%C3%A9_Dumas.jpg, , 1884-04-11, 12589
Paul Flory, http://upload.wikimedia.org/wikipedia/en/6/65/Paul_J._Flory.jpg, 1910-06-19, 1985-09-09, 12049
Kazimierz Fajans, http://upload.wikimedia.org/wikipedia/commons/thumb/f/fc/Kazimierz_Fajans.jpg/220px-Kazimierz_Fajans.jpg, 1887-05-27, 1975-05-18, 5542
Hermann Emil Fischer, http://upload.wikimedia.org/wikipedia/commons/thumb/e/e0/Hermann_Emil_Fischer_c1895.jpg/220px-Hermann_Emil_Fischer_c1895.jpg, 1852-10-09, 1919-07-15, 17832
John Dalton, http://upload.wikimedia.org/wikipedia/commons/thumb/d/d4/John_Dalton_by_Charles_Turner.jpg/240px-John_Dalton_by_Charles_Turner.jpg, 1766-09-06, 1844-07-27, 31831
Henry Cavendish, http://upload.wikimedia.org/wikipedia/commons/thumb/6/64/Cavendish_Henry_signature.jpg/200px-Cavendish_Henry_signature.jpg, 1731-10-10, 1810-02-24, 28426
James Dewar, http://upload.wikimedia.org/wikipedia/commons/thumb/a/ad/James_Dewar.jpg/220px-James_Dewar.jpg, 1842-09-20, 1923-03-27, 14359
Wilhelm Rudolph Fittig, http://upload.wikimedia.org/wikipedia/commons/thumb/6/60/Rudolph_Fittig2.jpg/220px-Rudolph_Fittig2.jpg, 1835-12-06, 1910-11-19, 4940
Carl Remigius Fresenius, http://upload.wikimedia.org/wikipedia/commons/thumb/7/7c/Carl_Remigius_Fresenius.jpg/120px-Carl_Remigius_Fresenius.jpg, 1818-12-28, 1897-05-03, 4741
Edward Frankland, http://upload.wikimedia.org/wikipedia/commons/thumb/0/09/Frankland_Edward_26.jpg/220px-Frankland_Edward_26.jpg, 1825-01-18, 1899-08-09, 19394
Cyril Norman Hinshelwood, http://upload.wikimedia.org/wikipedia/commons/thumb/7/7d/Cyril_Norman_Hinshelwood_Nobel.jpg/220px-Cyril_Norman_Hinshelwood_Nobel.jpg, 1897-06-19, 1967-10-09, 10806
Robert Bunsen, http://upload.wikimedia.org/wikipedia/commons/thumb/2/28/Robert_Bunsen_02.jpg/250px-Robert_Bunsen_02.jpg, 1811-03-30, 1899-08-16, 13207
Paul J. Crutzen, http://upload.wikimedia.org/wikipedia/commons/thumb/0/00/Paul_Crutzen.jpg/220px-Paul_Crutzen.jpg, 1933-12-03, , 18373
Georg Wittig, http://upload.wikimedia.org/wikipedia/en/e/ea/Georg_Wittig.jpg, 1897-06-16, 1987-08-26, 8330
John Newlands (chemist), http://upload.wikimedia.org/wikipedia/commons/thumb/9/90/John_Alexander_Reina_Newlands.jpg/220px-John_Alexander_Reina_Newlands.jpg, 1837-11-26, 1898-07-30, 3964
Ryōji Noyori, http://upload.wikimedia.org/wikipedia/commons/thumb/f/fe/Rioji_Noyori.jpg/180px-Rioji_Noyori.jpg, 1938-09-03, , 12537
Johann Joachim Becher, http://upload.wikimedia.org/wikipedia/commons/thumb/d/df/Jjbecher.jpg/150px-Jjbecher.jpg, , 1682-11, 9863
Willard Libby, http://upload.wikimedia.org/wikipedia/en/6/66/Willard_Libby.jpg, 1908-12-17, 1980-09-08, 26808
Fausto Elhuyar, http://upload.wikimedia.org/wikipedia/commons/thumb/d/d6/Fausto_Elhuyar.jpg/250px-Fausto_Elhuyar.jpg, , 1833-02-07, 5451
Antonio Neri, http://upload.wikimedia.org/wikipedia/commons/thumb/7/7a/Specola%2C_medaglione_di_antonio_neri.JPG/220px-Specola%2C_medaglione_di_antonio_neri.JPG, 1576-02-29, , 4544
Walther Nernst, http://upload.wikimedia.org/wikipedia/commons/thumb/7/7d/Walther_Nernst_1900s.jpg/220px-Walther_Nernst_1900s.jpg, 1864-06-25, 1941-11-18, 13655
Robert S. Mulliken, http://upload.wikimedia.org/wikipedia/commons/6/6a/Mulliken%2CRobert_1929_Chicago.jpg, 1896-06-07, 1986-10-31, 15913
Paul Hermann Müller, http://upload.wikimedia.org/wikipedia/commons/thumb/d/d6/Paul_Hermann_M%C3%BCller_nobel.jpg/180px-Paul_Hermann_M%C3%BCller_nobel.jpg, 1899-01-12, 1965-10-12, 17972
Henry Moseley, http://upload.wikimedia.org/wikipedia/en/thumb/d/dd/Henry_Moseley.jpg/220px-Henry_Moseley.jpg, 1887-11-23, 1915-08-11, 19530
Walter Kohn, http://upload.wikimedia.org/wikipedia/commons/thumb/4/47/Walter_Kohn.jpg/220px-Walter_Kohn.jpg, , 2016-04-19, 15302
Theodore Nicolas Gobley, http://upload.wikimedia.org/wikipedia/commons/thumb/6/6c/Theodore_Nicolas_Gobley_vers_1860_v2.JPG/275px-Theodore_Nicolas_Gobley_vers_1860_v2.JPG, 1811-05-11, 1876-09-01, 23021
Henri Braconnot, http://upload.wikimedia.org/wikipedia/commons/thumb/8/8b/Henri_Braconnot.jpg/150px-Henri_Braconnot.jpg, , , 4815
William Giauque, http://upload.wikimedia.org/wikipedia/en/thumb/2/20/William_Giauque_Nobel.jpg/220px-William_Giauque_Nobel.jpg, 1895-05-12, 1982-03-28, 8692
Carl Bosch, http://upload.wikimedia.org/wikipedia/commons/thumb/d/da/Carl_Bosch.jpg/180px-Carl_Bosch.jpg, 1874-08-27, 1940-04-26, 13227
Roger D. Kornberg, http://upload.wikimedia.org/wikipedia/commons/thumb/2/24/Roger_Kornberg_%28Nobel_Medicine_or_Physiology_2006%29_in_Stockholm%2C_June_2016.jpg/220px-Roger_Kornberg_%28Nobel_Medicine_or_Physiology_2006%29_in_Stockholm%2C_June_2016.jpg, 1947-04-24, , 17123
Aaron Ciechanover, http://upload.wikimedia.org/wikipedia/commons/thumb/d/dc/Aaron_Ciechanover_01.JPG/220px-Aaron_Ciechanover_01.JPG, 1947-10-01, , 9474
Raymond Lemieux, http://upload.wikimedia.org/wikipedia/commons/thumb/f/fd/RayLemieux.jpg/220px-RayLemieux.jpg, 1920-06-16, 2000-07-22, 8472
Alexander Borodin, http://upload.wikimedia.org/wikipedia/commons/thumb/7/70/Borodin.jpg/220px-Borodin.jpg, , , 14849
Marion Barry, http://upload.wikimedia.org/wikipedia/commons/thumb/9/9c/Crop_of_Marion_Barry_Vincent_Gray.jpg/220px-Crop_of_Marion_Barry_Vincent_Gray.jpg, 1936-03-06, 2014-11-23, 73180
William Lipscomb, http://upload.wikimedia.org/wikipedia/commons/thumb/2/27/William_n_lipscomb_jr.jpg/220px-William_n_lipscomb_jr.jpg, 1919-12-09, 2011-04-14, 44421
Anthony Joseph Arduengo III, http://upload.wikimedia.org/wikipedia/commons/thumb/d/da/Anthony_J._Arduengo.jpg/190px-Anthony_J._Arduengo.jpg, , , 40472
Angela Merkel, http://upload.wikimedia.org/wikipedia/commons/thumb/9/93/Angela_Merkel_2016.jpg/220px-Angela_Merkel_2016.jpg, 1954-07-17, , 76217
Dolph Lundgren, http://upload.wikimedia.org/wikipedia/commons/thumb/8/80/Dolph_Lundgren_Profile_Pic_%28cropped%29.jpg/220px-Dolph_Lundgren_Profile_Pic_%28cropped%29.jpg, 1957-11-03, , 72478
Enrico Fermi, http://upload.wikimedia.org/wikipedia/commons/thumb/d/d4/Enrico_Fermi_1943-49.jpg/220px-Enrico_Fermi_1943-49.jpg, 1901-09-29, 1954-11-28, 74487
Rosalind Franklin, http://upload.wikimedia.org/wikipedia/en/thumb/9/97/Rosalind_Franklin.jpg/220px-Rosalind_Franklin.jpg, 1920-07-25, 1958-04-16, 95374
Susan Solomon, http://upload.wikimedia.org/wikipedia/commons/thumb/8/80/Susan_Solomon-Desk_With_Globe.jpg/220px-Susan_Solomon-Desk_With_Globe.jpg, 1956-01-19, , 31965
Dan Shechtman, http://upload.wikimedia.org/wikipedia/commons/thumb/2/2d/Nobel_Prize_2011-Nobel_interviews_KVA-DSC_8039.jpg/220px-Nobel_Prize_2011-Nobel_interviews_KVA-DSC_8039.jpg, 1941-01-24, , 19360
Paracelsus, http://upload.wikimedia.org/wikipedia/commons/thumb/4/4a/Paracelsus.jpg/220px-Paracelsus.jpg, 1493-11-111493-12-17, 1541-09-24, 36919
Henri Victor Regnault, http://upload.wikimedia.org/wikipedia/commons/thumb/7/7b/Henri_Victor_Regnault_1860s.jpg/270px-Henri_Victor_Regnault_1860s.jpg, 1810-07-21, 1878-01-20, 5318
Tony Orchard, http://upload.wikimedia.org/wikipedia/commons/thumb/a/a0/Tony_Orchard_Univ_portrait.jpg/220px-Tony_Orchard_Univ_portrait.jpg, 1941-04-29, 2005-11-19, 2836
Eva Philbin, http://upload.wikimedia.org/wikipedia/en/4/4f/Eva_Philbin.jpg, 1914-01-04, 2005-06-24, 2494
Carl Wilhelm Scheele, http://upload.wikimedia.org/wikipedia/commons/thumb/1/16/Carl_Wilhelm_Scheele_from_Familj-Journalen1874.png/250px-Carl_Wilhelm_Scheele_from_Familj-Journalen1874.png, 1742-12-09, 1786-05-21, 21132
Irwin Rose, http://upload.wikimedia.org/wikipedia/commons/thumb/2/20/Nobel2004chemistrylaurets-Rose.jpg/220px-Nobel2004chemistrylaurets-Rose.jpg, 1926-07-16, 2015-06-02, 9814
Alexander R. Todd, http://upload.wikimedia.org/wikipedia/commons/thumb/5/59/Alexander_Todd_Nobel.jpg/220px-Alexander_Todd_Nobel.jpg, 1907-10-02, 1997-01-10, 14317
Wim Richter, http://upload.wikimedia.org/wikipedia/commons/thumb/c/c8/Dr_Wim_Richter.jpg/220px-Dr_Wim_Richter.jpg, , , 3315
F. Sherwood Rowland, http://upload.wikimedia.org/wikipedia/commons/thumb/9/91/F._Sherwood_Rowland.jpg/220px-F._Sherwood_Rowland.jpg, 1927-06-28, 2012-03-10, 15390
Leopold Ružička, http://upload.wikimedia.org/wikipedia/commons/thumb/c/c7/Lavoslav_Ru%C5%BEi%C4%87ka_1939.jpg/220px-Lavoslav_Ru%C5%BEi%C4%87ka_1939.jpg, 1887-09-13, 1976-09-26, 10701
James B. Sumner, http://upload.wikimedia.org/wikipedia/commons/thumb/8/84/James_Batcheller_Sumner.jpg/220px-James_Batcheller_Sumner.jpg, 1887-11-19, 1955-08-12, 9807
Artturi Ilmari Virtanen, http://upload.wikimedia.org/wikipedia/commons/thumb/b/bd/Virtanen.jpg/180px-Virtanen.jpg, 1895-01-15, 1973-11-11, 9700
Earl Muetterties, http://upload.wikimedia.org/wikipedia/commons/thumb/2/2e/Muetterties.JPG/220px-Muetterties.JPG, 1927-06-23, 1984-01-12, 5926
Christian Friedrich Schönbein, http://upload.wikimedia.org/wikipedia/commons/e/e2/Sch%C3%B6nbein.jpg, 1799-10-18, 1868-08-29, 5721
Paul Sabatier (chemist), http://upload.wikimedia.org/wikipedia/commons/thumb/8/8a/Paul_Sabatier.jpg/200px-Paul_Sabatier.jpg, 1854-11-05, 1941-08-14, 7573
Koichi Tanaka, http://upload.wikimedia.org/wikipedia/commons/7/72/Koichi_Tanaka_2003.jpg, 1959-08-03, , 8751
Henry Rapoport, http://upload.wikimedia.org/wikipedia/en/6/68/Henry_Rapoport.jpg, , 2002-03-07, 2548
Louis Jacques Thénard, http://upload.wikimedia.org/wikipedia/commons/thumb/1/14/Louis_Jacques_Th%C3%A9nard.jpg/250px-Louis_Jacques_Th%C3%A9nard.jpg, , 1857-06-22, 4391
Joseph Proust, http://upload.wikimedia.org/wikipedia/commons/thumb/8/8a/Proust_joseph.jpg/220px-Proust_joseph.jpg, 1754-09-26, 1826-07-05, 3220
Fritz Pregl, http://upload.wikimedia.org/wikipedia/commons/thumb/1/1d/Fritz_Pregl.jpg/180px-Fritz_Pregl.jpg, 1869-09-03, 1930-12-13, 7170
Vladimir Prelog, http://upload.wikimedia.org/wikipedia/commons/thumb/6/64/Vladimir_Prelog_ETH-Bib_Portr_00214.jpg/220px-Vladimir_Prelog_ETH-Bib_Portr_00214.jpg, 1906-07-23, 1998-01-07, 14857
Mikhail Tsvet, http://upload.wikimedia.org/wikipedia/commons/thumb/e/ea/Mikhail_Tsvet.jpg/230px-Mikhail_Tsvet.jpg, , , 11468
William Ramsay, http://upload.wikimedia.org/wikipedia/commons/thumb/c/cb/William_Ramsay.jpg/180px-William_Ramsay.jpg, 1852-10-02, 1916-07-23, 11005
Pierre Jean Robiquet, http://upload.wikimedia.org/wikipedia/commons/thumb/3/36/Pierre-Jean_Robiquet_vers_1830.jpg/250px-Pierre-Jean_Robiquet_vers_1830.jpg, 1780-01-14, , 17675
Theodore William Richards, http://upload.wikimedia.org/wikipedia/commons/thumb/8/8d/Richards_Theodore_William_lab.jpg/180px-Richards_Theodore_William_lab.jpg, 1868-01-31, 1928-04-02, 15743
Dmitri Mendeleev, http://upload.wikimedia.org/wikipedia/commons/thumb/c/c8/DIMendeleevCab.jpg/220px-DIMendeleevCab.jpg, 1834-02-08, 1907-02-02, 34292
Lise Meitner, http://upload.wikimedia.org/wikipedia/commons/thumb/0/03/Lise_Meitner_%281878-1968%29%2C_lecturing_at_Catholic_University%2C_Washington%2C_D.C.%2C_1946.jpg/220px-Lise_Meitner_%281878-1968%29%2C_lecturing_at_Catholic_University%2C_Washington%2C_D.C.%2C_1946.jpg, , 1968-10-27, 38629
Alfred Nobel, http://upload.wikimedia.org/wikipedia/commons/thumb/0/07/Alfred_Nobel3.jpg/220px-Alfred_Nobel3.jpg, 1833-10-21, 1896-12-10, 22135
Henry Eyring (chemist), http://upload.wikimedia.org/wikipedia/en/thumb/4/49/HenryEyring1951.jpg/220px-HenryEyring1951.jpg, 1901-02-20, 1981-12-26, 26843
Humphry Davy, http://upload.wikimedia.org/wikipedia/commons/thumb/8/8f/Sir_Humphry_Davy%2C_Bt_by_Thomas_Phillips.jpg/250px-Sir_Humphry_Davy%2C_Bt_by_Thomas_Phillips.jpg, 1778-12-17, 1829-05-29, 37607
Robert Curl, http://upload.wikimedia.org/wikipedia/commons/thumb/0/05/Robert_Curl_crop_2009_CHAO.jpg/220px-Robert_Curl_crop_2009_CHAO.jpg, 1933-08-23, , 16864
Melvin Calvin, http://upload.wikimedia.org/wikipedia/commons/thumb/8/83/Melvin_Calvin_1960s.jpg/240px-Melvin_Calvin_1960s.jpg, , 1997-01-08, 32756
Kary Mullis, http://upload.wikimedia.org/wikipedia/commons/thumb/7/7f/Kary_Mullis.jpg/220px-Kary_Mullis.jpg, 1944-12-28, , 27220
Georg Ernst Stahl, http://upload.wikimedia.org/wikipedia/commons/thumb/e/e2/Georg_Ernst_Stahl.png/240px-Georg_Ernst_Stahl.png, 1659-10-22, 1734-05-25, 10744
Jean Stas, http://upload.wikimedia.org/wikipedia/commons/thumb/4/46/Stas_Jean_Servais_young.jpg/150px-Stas_Jean_Servais_young.jpg, 1813-08-21, 1891-12-14, 4948
K. C. Nicolaou, http://upload.wikimedia.org/wikipedia/commons/a/ac/Nicilaou.jpg, 1946-07-05, , 8157
Ernest Solvay, http://upload.wikimedia.org/wikipedia/commons/thumb/0/01/Ernest_Solvay_1900s.jpg/270px-Ernest_Solvay_1900s.jpg, 1838-04-16, 1922-05-27, 4565
John Warner (chemist), http://upload.wikimedia.org/wikipedia/commons/thumb/a/a7/John_Warner_CHF-Innovation-Day-2014-302.jpg/220px-John_Warner_CHF-Innovation-Day-2014-302.jpg, , , 5248
Max Volmer, http://upload.wikimedia.org/wikipedia/commons/thumb/f/f4/Bundesarchiv_Bild_183-57000-0454%2C_Berlin%2C_Max_Volmer.jpg/220px-Bundesarchiv_Bild_183-57000-0454%2C_Berlin%2C_Max_Volmer.jpg, , 1965-06-04, 11617
Vincent du Vigneaud, http://upload.wikimedia.org/wikipedia/en/8/87/Vincent_du_Vigneaud.jpg, , 1978-12-11, 7330
Arne Tiselius, http://upload.wikimedia.org/wikipedia/commons/b/b1/Arne_Tiselius.jpg, 1902-08-10, 1971-10-29, 9265
William Sage Rapson, http://upload.wikimedia.org/wikipedia/commons/thumb/a/af/Flag_of_South_Africa.svg/20px-Flag_of_South_Africa.svg.png, 1912-08-14, 1999-06-25, 2667
Thomas A. Steitz, http://upload.wikimedia.org/wikipedia/commons/thumb/b/b5/Nobel_Prize_2009-Press_Conference_KVA-10.jpg/220px-Nobel_Prize_2009-Press_Conference_KVA-10.jpg, 1940-08-23, , 14252
Georges Urbain, http://upload.wikimedia.org/wikipedia/commons/thumb/e/ee/Solvay_conference%2C_1922.jpg/320px-Solvay_conference%2C_1922.jpg, 1872-04-12, 1938-11-05, 2134
August Kekulé, http://upload.wikimedia.org/wikipedia/commons/thumb/f/fa/Frkekul%C3%A9.jpg/220px-Frkekul%C3%A9.jpg, 1829-09-07, 1896-07-13, 16017
Otto Wallach, http://upload.wikimedia.org/wikipedia/commons/thumb/4/4f/Otto_Wallach_1880s.jpg/220px-Otto_Wallach_1880s.jpg, 1847-03-27, 1931-02-26, 7964
George Andrew Olah, http://upload.wikimedia.org/wikipedia/commons/thumb/6/68/Ol%C3%A1h_Gy%C3%B6rgy_el%C5%91ad%C3%A1sa_8299.jpg/220px-Ol%C3%A1h_Gy%C3%B6rgy_el%C5%91ad%C3%A1sa_8299.jpg, 1927-05-22, 2017-03-08, 14199
Thomas Summers West, http://upload.wikimedia.org/wikipedia/commons/thumb/4/41/T.S.West_1976_Macaulay_Institute%2C_Aberdeen.jpg/220px-T.S.West_1976_Macaulay_Institute%2C_Aberdeen.jpg, 1927-11-18, 2010-01-10, 6560
William Henry Perkin, http://upload.wikimedia.org/wikipedia/commons/thumb/b/b0/William_Henry_Perkin.jpg/220px-William_Henry_Perkin.jpg, 1838-03-12, 1907-07-15, 10931
Alessandro Volta, http://upload.wikimedia.org/wikipedia/commons/thumb/5/52/Alessandro_Volta.jpeg/220px-Alessandro_Volta.jpeg, , 1827-03-05, 15585
Max Tishler, http://upload.wikimedia.org/wikipedia/en/thumb/5/51/Max_Tishler.gif/220px-Max_Tishler.gif, , 1989-03-18, 17334
Evangelista Torricelli, http://upload.wikimedia.org/wikipedia/commons/thumb/b/b2/Libr0367.jpg/220px-Libr0367.jpg, , , 17488
George Porter, http://upload.wikimedia.org/wikipedia/commons/thumb/4/43/George_Porter_Nobel.jpg/220px-George_Porter_Nobel.jpg, 1920-12-06, 2002-08-31, 13172
Guillaume-François Rouelle, http://upload.wikimedia.org/wikipedia/commons/thumb/d/d5/Guillaume-Fran%C3%A7ois_Rouelle.jpg/225px-Guillaume-Fran%C3%A7ois_Rouelle.jpg, , , 2170
Jens Christian Skou, http://upload.wikimedia.org/wikipedia/commons/thumb/4/46/Skou2008.jpg/220px-Skou2008.jpg, 1918-10-08, , 10184
Robert Robinson (organic chemist), http://upload.wikimedia.org/wikipedia/commons/thumb/9/93/Robert_Robinson_organic_chemist.jpg/220px-Robert_Robinson_organic_chemist.jpg, 1886-09-13, 1975-02-08, 11929
Nikolay Semyonov, http://upload.wikimedia.org/wikipedia/commons/thumb/1/11/Nikolay_Semyonov_Nobel.jpg/220px-Nikolay_Semyonov_Nobel.jpg, , 1986-09-25, 9364
Hilaire Rouelle, http://upload.wikimedia.org/wikipedia/commons/thumb/2/20/Hilaire-Marin-Rouelle.jpg/220px-Hilaire-Marin-Rouelle.jpg, , 1779-04-07, 1261
Daniel Rutherford, http://upload.wikimedia.org/wikipedia/commons/thumb/d/da/Rutherford_Daniel.jpg/220px-Rutherford_Daniel.jpg, , , 4301
Salimuzzaman Siddiqui, http://upload.wikimedia.org/wikipedia/en/thumb/d/d1/Salimuzzaman.jpg/220px-Salimuzzaman.jpg, 1897-10-19, 1994-04-14, 15785
Richard R. Schrock, http://upload.wikimedia.org/wikipedia/commons/thumb/f/f4/R._Schrock_2012.jpg/220px-R._Schrock_2012.jpg, 1945-01-04, , 15564
Jeremias Benjamin Richter, http://upload.wikimedia.org/wikipedia/commons/thumb/f/fc/Jeremias_Benjamin_Richter.jpeg/220px-Jeremias_Benjamin_Richter.jpeg, 1762-03-10, 1807-04-14, 4583
Andrés Manuel del Río, http://upload.wikimedia.org/wikipedia/commons/thumb/1/11/Del_Rio.jpg/200px-Del_Rio.jpg, 1764-11-10, 1849-03-23, 10947
Gábor A. Somorjai, http://upload.wikimedia.org/wikipedia/commons/0/0e/Gabor_Somorjai.jpg, 1935-05-04, , 20044
Joseph Swan, http://upload.wikimedia.org/wikipedia/commons/7/7c/Joseph_Wilson_Swan.jpg, 1828-10-31, 1914-05-27, 17378
S. P. L. Sørensen, http://upload.wikimedia.org/wikipedia/commons/thumb/f/fb/SPL_Sorensen.jpg/225px-SPL_Sorensen.jpg, , 1939-02-12, 1863
Alfred Stock, http://upload.wikimedia.org/wikipedia/commons/thumb/c/cc/Alfred_Stock.jpg/250px-Alfred_Stock.jpg, 1876-07-16, 1946-08-12, 10001
Rudolph Pariser, http://upload.wikimedia.org/wikipedia/commons/thumb/c/c1/Rudy_and_Louise_Pariser_ID2005.jpg/220px-Rudy_and_Louise_Pariser_ID2005.jpg, 1923-12-08, , 4126
Stanford Moore, http://upload.wikimedia.org/wikipedia/en/7/7f/Stanford_Moore.jpg, , 1982-08-24, 6025
Theodor Svedberg, http://upload.wikimedia.org/wikipedia/commons/thumb/9/92/The-svedberg-1.jpg/180px-The-svedberg-1.jpg, 1884-08-30, 1971-02-25, 7198
Ronald George Wreyford Norrish, http://upload.wikimedia.org/wikipedia/en/4/44/Ronald_George_Wreyford_Norrish.jpg, 1897-11-09, 1978-06-07, 7059
Frederick Soddy, http://upload.wikimedia.org/wikipedia/commons/thumb/5/5c/Frederick_Soddy.jpg/180px-Frederick_Soddy.jpg, 1877-09-02, 1956-09-22, 16846
Tadeusz Reichstein, http://upload.wikimedia.org/wikipedia/commons/thumb/4/4d/Thadeus_Reichstein_ETH-Bib_Portr_10137.jpg/220px-Thadeus_Reichstein_ETH-Bib_Portr_10137.jpg, 1897-07-20, 1996-08-01, 8740
Charles Lee Reese, http://upload.wikimedia.org/wikipedia/commons/thumb/1/1f/Dr._Charles_Lee_Reese.jpg/220px-Dr._Charles_Lee_Reese.jpg, 1862-11-04, 1940-04-12, 3972
William Howard Stein, http://upload.wikimedia.org/wikipedia/en/d/dd/William_Howard_Stein.jpg, 1911-06-25, 1980-02-02, 5996
Richard Laurence Millington Synge, http://upload.wikimedia.org/wikipedia/commons/thumb/4/45/Richard_Laurence_Millington_Synge.jpg/220px-Richard_Laurence_Millington_Synge.jpg, 1914-10-28, 1994-08-18, 6949
Wilhelm Ostwald, http://upload.wikimedia.org/wikipedia/commons/thumb/5/5d/Wilhelm_Ostwald_by_Nicola_Perscheid.jpg/220px-Wilhelm_Ostwald_by_Nicola_Perscheid.jpg, 1853-09-02, 1932-04-04, 15900
Giulio Natta, http://upload.wikimedia.org/wikipedia/commons/thumb/a/a6/Giulio_Natta_1960s.jpg/220px-Giulio_Natta_1960s.jpg, 1903-02-26, 1979-05-02, 6896
François-Marie Raoult, http://upload.wikimedia.org/wikipedia/commons/thumb/c/c7/Raoult.jpg/150px-Raoult.jpg, , 1901-05, 7781
F. Gordon A. Stone, http://upload.wikimedia.org/wikipedia/en/thumb/6/63/F._Gordon_A._Stone.jpg/220px-F._Gordon_A._Stone.jpg, , 2011-04-06, 5456
Lars Onsager, http://upload.wikimedia.org/wikipedia/en/thumb/f/f9/Lars_Onsager2.jpg/220px-Lars_Onsager2.jpg, 1903-11-27, 1976-10-05, 15666
Hermann Staudinger, http://upload.wikimedia.org/wikipedia/commons/thumb/b/b9/Hermann_Staudinger.jpg/220px-Hermann_Staudinger.jpg, 1881-03-23, 1965-09-08, 12350
Xi Jinping, http://upload.wikimedia.org/wikipedia/commons/thumb/e/ed/Xi_Jinping_2016.jpg/220px-Xi_Jinping_2016.jpg, 1953-06-15, , 83795
Louis Pasteur, http://upload.wikimedia.org/wikipedia/commons/thumb/9/96/Louis_Pasteur%2C_foto_av_F%C3%A9lix_Nadar_Crisco_edit.jpg/220px-Louis_Pasteur%2C_foto_av_F%C3%A9lix_Nadar_Crisco_edit.jpg, 1822-12-27, 1895-09-28, 67670
Richard Smalley, http://upload.wikimedia.org/wikipedia/commons/thumb/a/a8/Richard_Smalley.jpg/220px-Richard_Smalley.jpg, 1943-06-06, 2005-10-28, 25542
Frederick Sanger, http://upload.wikimedia.org/wikipedia/commons/thumb/f/f8/Frederick_Sanger2.jpg/220px-Frederick_Sanger2.jpg, 1918-08-13, 2013-11-19, 35314
George M. Whitesides, http://upload.wikimedia.org/wikipedia/commons/thumb/d/d6/George_Whitesides_HD2010_Othmer_Gold_Medal_portrait6.JPG/220px-George_Whitesides_HD2010_Othmer_Gold_Medal_portrait6.JPG, 1939-08-03, , 33042
J. J. Thomson, http://upload.wikimedia.org/wikipedia/commons/thumb/c/c1/J.J_Thomson.jpg/200px-J.J_Thomson.jpg, 1856-12-18, 1940-08-30, 35364
Venkatraman Ramakrishnan, http://upload.wikimedia.org/wikipedia/commons/thumb/e/eb/Venki_Ramakrishnan.jpg/220px-Venki_Ramakrishnan.jpg, , , 27080
Henry Taube, http://upload.wikimedia.org/wikipedia/commons/thumb/9/9d/DrHenryTaube.jpg/220px-DrHenryTaube.jpg, 1915-11-30, 2005-11-16, 33788
Ernest Rutherford, http://upload.wikimedia.org/wikipedia/commons/thumb/6/6e/Ernest_Rutherford_LOC.jpg/220px-Ernest_Rutherford_LOC.jpg, 1871-08-30, 1937-10-19, 40569
Marie Curie, http://upload.wikimedia.org/wikipedia/commons/thumb/7/7e/Marie_Curie_c1920.jpg/220px-Marie_Curie_c1920.jpg, 1867-11-07, 1934-07-04, 67267
Roger Y. Tsien, http://upload.wikimedia.org/wikipedia/commons/thumb/5/5d/Roger_Tsien-press_conference_Dec_07th%2C_2008-2.jpg/220px-Roger_Tsien-press_conference_Dec_07th%2C_2008-2.jpg, 1952-02-01, 2016-08-24, 34983
Johannes Diderik van der Waals, http://upload.wikimedia.org/wikipedia/commons/thumb/7/7c/Johannes_Diderik_van_der_Waals.jpg/230px-Johannes_Diderik_van_der_Waals.jpg, 1837-11-23, 1923-03-08, 28576
Ellen Swallow Richards, http://upload.wikimedia.org/wikipedia/commons/thumb/8/89/Ellen_Swallow_Richards_%282%29.jpg/220px-Ellen_Swallow_Richards_%282%29.jpg, 1842-12-03, 1911-03-30, 41564
Ilya Prigogine, http://upload.wikimedia.org/wikipedia/en/thumb/c/c6/Ilya_Prigogine.jpg/220px-Ilya_Prigogine.jpg, 1917-01-25, 2003-05-28, 21929
Fraser Stoddart, http://upload.wikimedia.org/wikipedia/commons/thumb/2/24/Nobel_Laureates_0953_%2831117136180%29.jpg/220px-Nobel_Laureates_0953_%2831117136180%29.jpg, 1942-05-24, , 23873
Muhammad ibn Zakariya al-Razi, http://upload.wikimedia.org/wikipedia/commons/thumb/9/91/Portrait_of_Rhazes_%28al-Razi%29_%28AD_865_-_925%29_Wellcome_L0005053.jpg/220px-Portrait_of_Rhazes_%28al-Razi%29_%28AD_865_-_925%29_Wellcome_L0005053.jpg, , , 60774
Alfred Werner, http://upload.wikimedia.org/wikipedia/commons/thumb/6/64/Alfred_Werner.jpg/180px-Alfred_Werner.jpg, , 1919-11-15, 9343
Glenn T. Seaborg, http://upload.wikimedia.org/wikipedia/commons/thumb/4/47/Glenn_Seaborg_-_1964.jpg/220px-Glenn_Seaborg_-_1964.jpg, 1912-04-19, 1999-02-25, 57050
Margaret Thatcher, http://upload.wikimedia.org/wikipedia/commons/thumb/2/20/Margaret_Thatcher.png/220px-Margaret_Thatcher.png, 1925-10-13, 2013-04-08, 141391
Linus Pauling, http://upload.wikimedia.org/wikipedia/commons/thumb/5/58/L_Pauling.jpg/220px-L_Pauling.jpg, 1901-02-28, 1994-08-19, 99611
