name, img, birth, death, length 
Veerabhadran Ramanathan, http://upload.wikimedia.org/wikipedia/commons/thumb/a/a4/Veerabhadran_Ramanathan_KVA_2009-2.jpg/220px-Veerabhadran_Ramanathan_KVA_2009-2.jpg, 1944-11-24, , 13050
Andrew Dessler, http://upload.wikimedia.org/wikipedia/commons/thumb/b/bf/Andrew_Dessler20080918_05.jpg/220px-Andrew_Dessler20080918_05.jpg, , , 23812
Nicholas Shackleton, http://upload.wikimedia.org/wikipedia/commons/thumb/c/c6/Nicholas_shackleton.jpg/150px-Nicholas_shackleton.jpg, 1937-06-23, 2006-01-24, 9363
Julia Slingo, http://upload.wikimedia.org/wikipedia/commons/thumb/d/d6/Professor_Dame_Julia_Mary_Slingo_DBE_FRS.jpg/220px-Professor_Dame_Julia_Mary_Slingo_DBE_FRS.jpg, 1950-12-13, , 10186
Judith Curry, http://upload.wikimedia.org/wikipedia/commons/thumb/3/34/Curry_2006_200dpi.jpg/140px-Curry_2006_200dpi.jpg, , , 11433
Tim Palmer (physicist), http://upload.wikimedia.org/wikipedia/commons/thumb/8/85/Tim_Palmer_World_Economic_Forum_2013.jpg/220px-Tim_Palmer_World_Economic_Forum_2013.jpg, 1952-12-31, , 6552
Peter Gleick, http://upload.wikimedia.org/wikipedia/commons/thumb/e/e0/Dr._Peter_Gleick%2C_Boston_Museum_of_Science%2C_April_2014.jpg/220px-Dr._Peter_Gleick%2C_Boston_Museum_of_Science%2C_April_2014.jpg, , , 18534
Joseph Fourier, http://upload.wikimedia.org/wikipedia/commons/thumb/a/aa/Fourier2.jpg/250px-Fourier2.jpg, 1768-03-21, 1830-05-16, 16337
P. C. S. Devara, http://upload.wikimedia.org/wikipedia/commons/c/ca/Devarapotrait.jpg, , , 6306
Francis Galton, http://upload.wikimedia.org/wikipedia/commons/thumb/e/ec/Francis_Galton_1850s.jpg/220px-Francis_Galton_1850s.jpg, 1822-02-16, 1911-01-17, 45825
Ralph Keeling, http://upload.wikimedia.org/wikipedia/commons/thumb/1/1b/Nuvola_apps_kaboodle.svg/16px-Nuvola_apps_kaboodle.svg.png, , , 8810
Sylvia Earle, http://upload.wikimedia.org/wikipedia/commons/thumb/5/5e/SylviaEarle.jpg/220px-SylviaEarle.jpg, 1935-08-30, , 24974
Isaac Held, http://upload.wikimedia.org/wikipedia/en/thumb/6/61/Searchtool.svg/16px-Searchtool.svg.png, , , 4161
Helmut Landsberg, http://upload.wikimedia.org/wikipedia/commons/thumb/e/e1/Helmutlandsberg.png/220px-Helmutlandsberg.png, , 1985-12-07, 7078
Kerry Emanuel, http://upload.wikimedia.org/wikipedia/commons/thumb/5/5b/Kerry_Emanuel_by_Gage_Skidmore.jpg/220px-Kerry_Emanuel_by_Gage_Skidmore.jpg, 1955-04-21, , 4478
Wallace Smith Broecker, http://upload.wikimedia.org/wikipedia/commons/9/9d/Wallace_Smith_Broecker.jpg, 1931-11-29, , 10406
Charles David Keeling, http://upload.wikimedia.org/wikipedia/commons/thumb/5/56/Charles_David_Keeling_2001.jpg/220px-Charles_David_Keeling_2001.jpg, 1928-05-20, 2005-06-20, 10219
Vilhelm Bjerknes, http://upload.wikimedia.org/wikipedia/commons/thumb/e/ee/Vilhelm_Bjerknes_Bust_01.jpg/220px-Vilhelm_Bjerknes_Bust_01.jpg, 1862-03-14, 1951-04-09, 7422
Mario J. Molina, http://upload.wikimedia.org/wikipedia/commons/thumb/d/db/Mario_Molina_1c389_8387.jpg/180px-Mario_Molina_1c389_8387.jpg, 1943-03-19, , 16640
László Makra, http://upload.wikimedia.org/wikipedia/commons/thumb/3/38/L%C3%A1szl%C3%B3_Makra.jpg/220px-L%C3%A1szl%C3%B3_Makra.jpg, 1952-06-05, , 11016
Edward Norton Lorenz, http://upload.wikimedia.org/wikipedia/en/thumb/d/dc/Edward_lorenz.jpg/180px-Edward_lorenz.jpg, 1917-05-23, 2008-04-16, 12168
National Center for Atmospheric Research, http://upload.wikimedia.org/wikipedia/en/thumb/7/7a/NCAR_logo.png/220px-NCAR_logo.png, , , 9404
Richard A. Muller, http://upload.wikimedia.org/wikipedia/commons/thumb/0/04/Muller_antimatter.jpg/220px-Muller_antimatter.jpg, 1944-01-06, , 19924
Anders Levermann, http://upload.wikimedia.org/wikipedia/commons/thumb/5/5a/Levermann09.JPG/150px-Levermann09.JPG, , , 4383
Milutin Milanković, http://upload.wikimedia.org/wikipedia/commons/thumb/7/72/Milutin_Milankovi%C4%87.jpg/220px-Milutin_Milankovi%C4%87.jpg, 1879-05-28, 1958-12-12, 39852
F. Sherwood Rowland, http://upload.wikimedia.org/wikipedia/commons/thumb/9/91/F._Sherwood_Rowland.jpg/220px-F._Sherwood_Rowland.jpg, 1927-06-28, 2012-03-10, 15390
Lewis Fry Richardson, http://upload.wikimedia.org/wikipedia/commons/thumb/7/7e/Lewis_Fry_Richardson.png/220px-Lewis_Fry_Richardson.png, 1881-10-11, 1953-09-30, 21018
Corinne Le Quéré, http://upload.wikimedia.org/wikipedia/commons/thumb/1/1d/Professor_Corinne_Le_Quere_FRS.jpg/220px-Professor_Corinne_Le_Quere_FRS.jpg, 1966-07, , 3496
Raymond Pierrehumbert, http://upload.wikimedia.org/wikipedia/en/thumb/3/30/NZportrait-raypierre.jpg/200px-NZportrait-raypierre.jpg, , , 3675
Roy Spencer (scientist), http://upload.wikimedia.org/wikipedia/commons/thumb/c/cc/Aqua_Celebrates_Ten_Years.jpg/220px-Aqua_Celebrates_Ten_Years.jpg, 1955-12-20, , 23323
Will Steffen, http://upload.wikimedia.org/wikipedia/commons/thumb/d/d2/Will_Steffen_2010.jpg/220px-Will_Steffen_2010.jpg, , , 7992
Mojib Latif, http://upload.wikimedia.org/wikipedia/commons/thumb/9/97/Mojib_Latif.jpg/200px-Mojib_Latif.jpg, 1954-09-29, , 3469
Stephen Schneider, http://upload.wikimedia.org/wikipedia/commons/thumb/3/38/StephenHSchneiderJI1.jpg/220px-StephenHSchneiderJI1.jpg, , 2010-07-19, 13083
Joanne Simpson, http://upload.wikimedia.org/wikipedia/commons/thumb/7/7f/Joanne_Simpson.jpg/220px-Joanne_Simpson.jpg, 1923-03-23, 2010-03-04, 6438
Josh Willis, http://upload.wikimedia.org/wikipedia/commons/3/3b/Josh_Willis.jpg, , , 5240
Balfour Currie, http://upload.wikimedia.org/wikipedia/en/thumb/3/3b/BalfourCurrie1.jpg/220px-BalfourCurrie1.jpg, 1902-11-01, 1981-01-08, 3514
Jacob Bjerknes, http://upload.wikimedia.org/wikipedia/commons/thumb/5/59/Jacob_bjerknes_headshot.jpg/220px-Jacob_bjerknes_headshot.jpg, 1897-11-02, 1975-07-07, 5532
Thomas Sterry Hunt, http://upload.wikimedia.org/wikipedia/commons/thumb/c/c7/Thomas_Sterry_Hunt.png/220px-Thomas_Sterry_Hunt.png, , 1892-02-12, 9105
John T. Houghton, http://upload.wikimedia.org/wikipedia/commons/thumb/8/81/John_Houghton_High_Wycombe_20050226.jpg/150px-John_Houghton_High_Wycombe_20050226.jpg, 1931-12-30, , 10222
Eric J. Barron, http://upload.wikimedia.org/wikipedia/en/thumb/c/c6/Eric_Barron.jpg/220px-Eric_Barron.jpg, 1951-10-26, , 5233
David Karoly, http://upload.wikimedia.org/wikipedia/commons/thumb/b/bf/David_Karoly_DSC_9243.JPG/220px-David_Karoly_DSC_9243.JPG, , , 2390
Richard Alley, http://upload.wikimedia.org/wikipedia/commons/thumb/8/8a/Professor_Richard_Alley_ForMemRS.jpg/220px-Professor_Richard_Alley_ForMemRS.jpg, , , 11726
André Berger, http://upload.wikimedia.org/wikipedia/commons/thumb/1/1d/Andr%C3%A9_Berger.jpg/220px-Andr%C3%A9_Berger.jpg, 1942-07-30, , 20822
Roger A. Pielke, http://upload.wikimedia.org/wikipedia/commons/thumb/e/e0/Roger_Pielke_sr.jpg/170px-Roger_Pielke_sr.jpg, 1946-10-22, , 7803
Edmond Halley, http://upload.wikimedia.org/wikipedia/commons/thumb/d/df/Edmond_Halley_072.jpg/220px-Edmond_Halley_072.jpg, , , 24473
Olga Zolina, http://upload.wikimedia.org/wikipedia/commons/thumb/0/0e/Dr._Olga_Zolina.jpg/220px-Dr._Olga_Zolina.jpg, 1975-02-06, , 13101
Gavin Schmidt, http://upload.wikimedia.org/wikipedia/commons/7/76/Gavin_Schmidt.jpg, , , 9345
Benjamin D. Santer, http://upload.wikimedia.org/wikipedia/commons/thumb/f/f4/Bensanter.jpg/220px-Bensanter.jpg, 1955-06-03, , 4933
J. Marshall Shepherd, http://upload.wikimedia.org/wikipedia/commons/thumb/b/bc/MarshallLecturePic.jpg/220px-MarshallLecturePic.jpg, , , 5266
Joseph Smagorinsky, http://upload.wikimedia.org/wikipedia/commons/thumb/1/12/Joseph_Smagorinsky.png/200px-Joseph_Smagorinsky.png, 1924-01-29, 2005-09-21, 36074
Eric Rignot, http://upload.wikimedia.org/wikipedia/commons/thumb/c/ca/Eric_Rignot_NASA_JPL.jpg/220px-Eric_Rignot_NASA_JPL.jpg, , , 4230
Robert Watson (scientist), http://upload.wikimedia.org/wikipedia/commons/thumb/f/fc/Bob_Watson.jpg/220px-Bob_Watson.jpg, 1948-03-21, , 11150
Andrew J. Weaver, http://upload.wikimedia.org/wikipedia/commons/4/44/Dr_Andrew_J_Weaver%2C_2014-05-14.jpg, , , 13111
Peter Wadhams, http://upload.wikimedia.org/wikipedia/commons/thumb/f/f9/Professor_Peter_Wadhams_at_COP22_%2830972177906%29.jpg/220px-Professor_Peter_Wadhams_at_COP22_%2830972177906%29.jpg, 1948-05-14, , 1850
Stefan Rahmstorf, http://upload.wikimedia.org/wikipedia/commons/thumb/4/4e/Prof._Stefan_Rahmstorf.jpg/220px-Prof._Stefan_Rahmstorf.jpg, 1960-02-22, , 8704
Hans von Storch, http://upload.wikimedia.org/wikipedia/commons/thumb/3/33/Hans_von_Storch.jpg/220px-Hans_von_Storch.jpg, 1949-08-13, , 11044
Ralph Cicerone, http://upload.wikimedia.org/wikipedia/commons/thumb/7/76/Ralph_Cicerone_NAS_2013.jpg/220px-Ralph_Cicerone_NAS_2013.jpg, 1943-05-0220051998, 2016-11-05, 10144
Henrik Svensmark, http://upload.wikimedia.org/wikipedia/commons/thumb/d/d0/HenrikSvensmark.jpg/180px-HenrikSvensmark.jpg, , , 22369
Ian G. Enting, http://upload.wikimedia.org/wikipedia/en/thumb/b/b9/Flag_of_Australia.svg/23px-Flag_of_Australia.svg.png, 1948-09-25, , 1938
Patrick Michaels, http://upload.wikimedia.org/wikipedia/commons/thumb/3/3b/Patrick_Michaels_by_Gage_Skidmore.jpg/220px-Patrick_Michaels_by_Gage_Skidmore.jpg, 1950-02-15, , 20033
Shen Kuo, http://upload.wikimedia.org/wikipedia/commons/thumb/4/40/Shen_Kua.JPG/280px-Shen_Kua.JPG, , , 81089
Marcia McNutt, http://upload.wikimedia.org/wikipedia/commons/thumb/2/27/Marcia_McNutt.jpg/220px-Marcia_McNutt.jpg, 1952-02-192016-07-012009, , 52544
James Lovelock, http://upload.wikimedia.org/wikipedia/commons/thumb/4/44/James_Lovelock_in_2005.jpg/220px-James_Lovelock_in_2005.jpg, 1919-07-26, , 38736
John Tyndall, http://upload.wikimedia.org/wikipedia/commons/thumb/b/b1/JohnTyndall%281820-1893%29%2CEngraving%2CSIL14-T003-09a_cropped.jpg/220px-JohnTyndall%281820-1893%29%2CEngraving%2CSIL14-T003-09a_cropped.jpg, 1820-08-02, , 69788
Hans Joachim Schellnhuber, http://upload.wikimedia.org/wikipedia/commons/thumb/7/76/HJS_Ausschnitt_B%C3%BCro_bw.jpg/200px-HJS_Ausschnitt_B%C3%BCro_bw.jpg, 1950-06-07, , 28689
Michael E. Mann, http://upload.wikimedia.org/wikipedia/commons/thumb/c/c2/Mann4.jpg/200px-Mann4.jpg, , , 49090
Paul J. Crutzen, http://upload.wikimedia.org/wikipedia/commons/thumb/0/00/Paul_Crutzen.jpg/220px-Paul_Crutzen.jpg, 1933-12-03, , 18373
John A. Church, http://upload.wikimedia.org/wikipedia/commons/thumb/e/ee/John_A_Church_February_2016.JPG/220px-John_A_Church_February_2016.JPG, , , 6790
Guy Stewart Callendar, http://upload.wikimedia.org/wikipedia/en/thumb/4/4b/GSCallendar1934.jpg/250px-GSCallendar1934.jpg, , 1964-11, 4879
Harold E. Brooks, http://upload.wikimedia.org/wikipedia/commons/6/6f/Harold_Brooks_portrait.jpg, 1959-03-11, , 2505
Ernest Afiesimama, http://upload.wikimedia.org/wikipedia/commons/thumb/e/eb/Ernest_Asi_Afiesimama.jpg/220px-Ernest_Asi_Afiesimama.jpg, , , 5306
Susan Solomon, http://upload.wikimedia.org/wikipedia/commons/thumb/8/80/Susan_Solomon-Desk_With_Globe.jpg/220px-Susan_Solomon-Desk_With_Globe.jpg, 1956-01-19, , 31965
Svante Arrhenius, http://upload.wikimedia.org/wikipedia/commons/thumb/6/6c/Arrhenius2.jpg/220px-Arrhenius2.jpg, 1859-02-19, 1927-10-02, 28911
Benjamin Franklin, http://upload.wikimedia.org/wikipedia/commons/thumb/c/cc/BenFranklinDuplessis.jpg/220px-BenFranklinDuplessis.jpg, 1706-01-17, 1790-04-17, 146850
James Hansen, http://upload.wikimedia.org/wikipedia/commons/thumb/b/b6/James_Hansen_profile.jpg/220px-James_Hansen_profile.jpg, 1941-03-29, , 79118
