name, img, birth, death, length 
David A. Wagner, http://upload.wikimedia.org/wikipedia/commons/thumb/d/dd/David-Wagner.jpg/150px-David-Wagner.jpg, 1974, , 2614
Samir Das, http://upload.wikimedia.org/wikipedia/commons/b/bd/Das_0.jpg, , , 2174
Michael Butler (computer scientist), http://upload.wikimedia.org/wikipedia/commons/thumb/c/c1/Michael_Butler_%28computer_scientist%29.jpg/220px-Michael_Butler_%28computer_scientist%29.jpg, , , 2048
Lee Calcote, http://upload.wikimedia.org/wikipedia/commons/thumb/0/0c/Lee_Calcote.jpg/220px-Lee_Calcote.jpg, , , 2401
Sophie Wilson, http://upload.wikimedia.org/wikipedia/commons/thumb/5/59/Sophie_Wilson_Presenting.jpg/220px-Sophie_Wilson_Presenting.jpg, , , 9322
Robert Kowalski, http://upload.wikimedia.org/wikipedia/commons/thumb/6/6f/Robert_Kowalski.jpg/220px-Robert_Kowalski.jpg, 1941-05-15, , 6017
Edgar F. Codd, http://upload.wikimedia.org/wikipedia/en/thumb/5/58/Edgar_F_Codd.jpg/150px-Edgar_F_Codd.jpg, 1923-08-19, 2003-04-18, 10510
Moshe Vardi, http://upload.wikimedia.org/wikipedia/commons/thumb/7/72/Moshe_Vardi_IMG_0010.jpg/220px-Moshe_Vardi_IMG_0010.jpg, 1954-07-04, , 6724
Leslie Valiant, http://upload.wikimedia.org/wikipedia/commons/thumb/7/70/Leslie_Valiant.jpg/225px-Leslie_Valiant.jpg, 1949-03-28, , 8918
Gernot Heiser, http://upload.wikimedia.org/wikipedia/commons/thumb/d/d4/Gernot_Heiser.jpg/150px-Gernot_Heiser.jpg, , , 8415
Robert Tarjan, http://upload.wikimedia.org/wikipedia/commons/thumb/6/6f/Bob_Tarjan.jpg/220px-Bob_Tarjan.jpg, 1948-04-30, , 9892
Daniel Henry Holmes Ingalls Jr., http://upload.wikimedia.org/wikipedia/commons/thumb/2/2f/Dan_Ingalls.jpg/220px-Dan_Ingalls.jpg, , , 6164
Ken Kennedy (computer scientist), http://upload.wikimedia.org/wikipedia/commons/thumb/4/4f/KenKennedy2001.jpg/220px-KenKennedy2001.jpg, 1945-08-12, 2007-02-07, 3437
Richard M. Karp, http://upload.wikimedia.org/wikipedia/commons/thumb/3/3e/Karp_mg_7725-b.cr2.jpg/220px-Karp_mg_7725-b.cr2.jpg, 1935-01-03, , 17707
Adriaan van Wijngaarden, http://upload.wikimedia.org/wikipedia/commons/thumb/9/96/Adriaan_van_Wijngaarden_signature.jpg/128px-Adriaan_van_Wijngaarden_signature.jpg, 1916-11-02, 1987-02-07, 4039
Frances E. Allen, http://upload.wikimedia.org/wikipedia/commons/thumb/1/15/Allen_mg_2528-3750K-b.jpg/220px-Allen_mg_2528-3750K-b.jpg, 1932-08-04, , 9918
Ivar Jacobson, http://upload.wikimedia.org/wikipedia/commons/thumb/e/e8/Ivar_jacobson.jpg/150px-Ivar_jacobson.jpg, 1939-09-02, , 9564
Charles P. Thacker, http://upload.wikimedia.org/wikipedia/commons/thumb/9/93/Chuckthacker.jpg/220px-Chuckthacker.jpg, 1943-02-26, , 6391
Robert Sproull, http://upload.wikimedia.org/wikipedia/commons/thumb/6/64/RobertLSproul1970.jpg/220px-RobertLSproul1970.jpg, 1918-08-16, 2014-10-09, 4602
Sebastian Thrun, http://upload.wikimedia.org/wikipedia/commons/thumb/4/46/Sebastian_Thrun_World_Economic_Forum_2013.jpg/220px-Sebastian_Thrun_World_Economic_Forum_2013.jpg, 1967-05-14, , 11647
Mark Weiser, http://upload.wikimedia.org/wikipedia/en/thumb/7/70/Mark_weiser.jpg/150px-Mark_weiser.jpg, 1952-07-23, 1999-04-27, 5395
Peter J. Weinberger, http://upload.wikimedia.org/wikipedia/commons/thumb/b/b1/PeterWeinberger2009.jpg/220px-PeterWeinberger2009.jpg, 1942-08-06, , 3096
Donald Firesmith, http://upload.wikimedia.org/wikipedia/commons/thumb/5/51/Donald_Firesmith.jpg/220px-Donald_Firesmith.jpg, 1952-06-14, , 9092
Maurice Wilkes, http://upload.wikimedia.org/wikipedia/commons/thumb/7/74/Maurice_Vincent_Wilkes_1980_%283%29.jpg/220px-Maurice_Vincent_Wilkes_1980_%283%29.jpg, 1913-06-26, 2010-11-29, 17800
Bert Sutherland, http://upload.wikimedia.org/wikipedia/commons/thumb/c/cb/Bert_Sutherland_2009.jpg/150px-Bert_Sutherland_2009.jpg, 1936-05-10, , 2732
Andrew Yao, http://upload.wikimedia.org/wikipedia/commons/thumb/c/c3/Andrew_Yao.jpg/220px-Andrew_Yao.jpg, 1946-12-24, , 8764
Edwin Catmull, http://upload.wikimedia.org/wikipedia/commons/thumb/a/aa/VES_Awards_89_cropped.jpg/220px-VES_Awards_89_cropped.jpg, 1945-03-31, , 18738
Mario Szegedy, http://upload.wikimedia.org/wikipedia/en/thumb/3/31/Mario_Szegedy_at_Rutgers_2008.jpg/220px-Mario_Szegedy_at_Rutgers_2008.jpg, 1960-10-23, , 1899
Tim Finin, http://upload.wikimedia.org/wikipedia/en/0/05/Tim_Finin.jpg, 1949-08-04, , 4269
Andrew S. Tanenbaum, http://upload.wikimedia.org/wikipedia/commons/thumb/7/7b/Andrew_S._Tanenbaum_2012.jpg/220px-Andrew_S._Tanenbaum_2012.jpg, 1944-03-16, , 18766
Vinod Dham, http://upload.wikimedia.org/wikipedia/commons/thumb/4/4c/Vinod_Dham_Portrait.JPG/220px-Vinod_Dham_Portrait.JPG, , , 26134
Manuela M. Veloso, http://upload.wikimedia.org/wikipedia/commons/thumb/7/75/Manuela_Veloso_IMG_2376.jpg/220px-Manuela_Veloso_IMG_2376.jpg, , , 5053
David P. Anderson, http://upload.wikimedia.org/wikipedia/en/thumb/a/a9/David_P._Anderson_head_shot.jpg/240px-David_P._Anderson_head_shot.jpg, , , 5301
Samson Abramsky, http://upload.wikimedia.org/wikipedia/commons/thumb/2/27/Abramsky_Samson.jpg/220px-Abramsky_Samson.jpg, 1953-03-12, , 9180
Gene Amdahl, http://upload.wikimedia.org/wikipedia/commons/thumb/7/79/Amdahl_march_13_2008.jpg/220px-Amdahl_march_13_2008.jpg, 1922-11-16, 2015-11-10, 11251
Serge Abiteboul, http://upload.wikimedia.org/wikipedia/commons/thumb/a/a0/Serge_Abiteboul_-_mai_2016.jpg/220px-Serge_Abiteboul_-_mai_2016.jpg, 1953-08-25, , 4202
Alfred Aho, http://upload.wikimedia.org/wikipedia/commons/thumb/d/dd/AlfredAhoPortrait.jpg/185px-AlfredAhoPortrait.jpg, 1941-08-09, , 8758
Scott Aaronson, http://upload.wikimedia.org/wikipedia/commons/thumb/d/d0/Scott_Aaronson_retouched.jpg/275px-Scott_Aaronson_retouched.jpg, 1981-05-21, , 8544
Jeffrey Vitter, http://upload.wikimedia.org/wikipedia/commons/thumb/e/e8/Jeffrey_S._Vitter_%28cropped%29.jpg/220px-Jeffrey_S._Vitter_%28cropped%29.jpg, 2016-01-012010-07-01, , 9953
Niklaus Wirth, http://upload.wikimedia.org/wikipedia/commons/thumb/4/49/Niklaus_Wirth%2C_UrGU.jpg/200px-Niklaus_Wirth%2C_UrGU.jpg, 1934-02-15, , 10004
Leonard Adleman, http://upload.wikimedia.org/wikipedia/commons/thumb/a/af/Len-mankin-pic.jpg/220px-Len-mankin-pic.jpg, 1945-12-31, , 6676
Susan Dumais, http://upload.wikimedia.org/wikipedia/commons/thumb/a/a7/Susan_Dumais.jpg/200px-Susan_Dumais.jpg, , , 3884
Joseph Weizenbaum, http://upload.wikimedia.org/wikipedia/commons/thumb/1/17/Joseph_Weizenbaum.jpg/220px-Joseph_Weizenbaum.jpg, 1923-01-08, 2008-03-05, 8867
Luca Cardelli, http://upload.wikimedia.org/wikipedia/commons/thumb/7/71/Luca_Cardelli.jpg/220px-Luca_Cardelli.jpg, , , 4780
Sanjeev Arora, http://upload.wikimedia.org/wikipedia/commons/thumb/5/54/Sanjeev_Arora.jpg/220px-Sanjeev_Arora.jpg, 1968-01, , 4004
Luis von Ahn, http://upload.wikimedia.org/wikipedia/commons/thumb/4/4c/Wikimania_2015_-_Day_2_%2818%29.jpg/220px-Wikimania_2015_-_Day_2_%2818%29.jpg, 1978-08-19, , 9509
Per Brinch Hansen, http://upload.wikimedia.org/wikipedia/commons/8/83/Per_Brinch_Hansen_-_1999.jpg, 1938-11-13, 2007-07-31, 31039
Hal Abelson, http://upload.wikimedia.org/wikipedia/commons/thumb/c/c4/HalAbelsonJI1.jpg/200px-HalAbelsonJI1.jpg, 1947-04-26, , 12114
Anthony James Barr, http://upload.wikimedia.org/wikipedia/commons/thumb/2/21/TonyBarr.jpg/220px-TonyBarr.jpg, 1940-09-24, , 12053
Andrew Barto, http://upload.wikimedia.org/wikipedia/en/thumb/a/a4/Flag_of_the_United_States.svg/23px-Flag_of_the_United_States.svg.png, , , 1391
Manuel Blum, http://upload.wikimedia.org/wikipedia/commons/thumb/7/77/Blum_manuel_lenore_avrim.jpg/220px-Blum_manuel_lenore_avrim.jpg, 1938-04-26, , 5808
Konrad Zuse, http://upload.wikimedia.org/wikipedia/commons/thumb/d/da/Konrad_Zuse_%281992%29.jpg/220px-Konrad_Zuse_%281992%29.jpg, 1910-06-22, 1995-12-18, 26217
Norbert Wiener, http://upload.wikimedia.org/wikipedia/commons/thumb/4/4d/Norbert_wiener.jpg/220px-Norbert_wiener.jpg, 1894-11-26, 1964-03-18, 38774
Stephen Wolfram, http://upload.wikimedia.org/wikipedia/commons/thumb/e/ed/Stephen_Wolfram_PR.jpg/200px-Stephen_Wolfram_PR.jpg, 1959-08-29, , 22049
George Boole, http://upload.wikimedia.org/wikipedia/commons/thumb/c/ce/George_Boole_color.jpg/220px-George_Boole_color.jpg, 1815-11-02, 1864-12-08, 37149
Sue Black (computer scientist), http://upload.wikimedia.org/wikipedia/commons/thumb/0/08/Dr_Sue_Black_visiting_Brazil.jpg/220px-Dr_Sue_Black_visiting_Brazil.jpg, , , 9833
Bert Bos, http://upload.wikimedia.org/wikipedia/commons/thumb/7/7e/Bert_Bos_1.jpg/220px-Bert_Bos_1.jpg, 1963-11-10, , 1658
Jonathan Bowen, http://upload.wikimedia.org/wikipedia/commons/thumb/5/5f/Jonathan_Bowen_photograph.jpg/120px-Jonathan_Bowen_photograph.jpg, , , 7338
Charles Geschke, http://upload.wikimedia.org/wikipedia/commons/thumb/b/b8/Charles_Geschke_photo.png/180px-Charles_Geschke_photo.png, 1939-09-11, , 8459
Bryan Cantrill, http://upload.wikimedia.org/wikipedia/commons/thumb/f/f6/Bryan_Cantrill_1.jpg/220px-Bryan_Cantrill_1.jpg, , , 5867
Fred Brooks, http://upload.wikimedia.org/wikipedia/commons/thumb/9/91/Fred_Brooks.jpg/220px-Fred_Brooks.jpg, 1931-04-19, , 12422
Tracy Camp, http://upload.wikimedia.org/wikipedia/commons/thumb/9/92/TracyCamp.jpeg/200px-TracyCamp.jpeg, 1964-09-27, , 2034
Rodney Brooks, http://upload.wikimedia.org/wikipedia/commons/thumb/b/b9/Rodney_Brooks_ML40.jpg/250px-Rodney_Brooks_ML40.jpg, 1954-12-30, , 9633
Manindra Agrawal, http://upload.wikimedia.org/wikipedia/commons/thumb/f/f1/Manindra_Agarwal.jpg/220px-Manindra_Agarwal.jpg, 1966-05-20, , 5401
Node.js, http://upload.wikimedia.org/wikipedia/commons/thumb/d/d9/Node.js_logo.svg/220px-Node.js_logo.svg.png, 2009-05-272017-03-012017-02-22, , 24147
Christopher J. Date, http://upload.wikimedia.org/wikipedia/commons/8/81/Cdate2.jpg, , , 3129
Whitfield Diffie, http://upload.wikimedia.org/wikipedia/commons/thumb/1/19/Whit_Diffie_at_CFP_2007.jpg/250px-Whit_Diffie_at_CFP_2007.jpg, 1944-06-05, , 20686
Paul Hudak, http://upload.wikimedia.org/wikipedia/commons/thumb/0/07/Paul_Hudak_in_2013.jpg/220px-Paul_Hudak_in_2013.jpg, 1952-07-15, 2015-04-29, 2948
T. V. Raman, http://upload.wikimedia.org/wikipedia/commons/thumb/7/78/TV_Raman_in_October_2011.jpg/220px-TV_Raman_in_October_2011.jpg, 1965-05-04, , 4667
Martin Odersky, http://upload.wikimedia.org/wikipedia/commons/thumb/b/b7/Mark_Odersky_photo_by_Linda_Poeng.jpg/220px-Mark_Odersky_photo_by_Linda_Poeng.jpg, 1958-09-05, , 2949
David Patterson (computer scientist), http://upload.wikimedia.org/wikipedia/commons/thumb/d/d1/David_A_Patterson.jpg/220px-David_A_Patterson.jpg, 1947-11-16, , 10263
David Parnas, http://upload.wikimedia.org/wikipedia/commons/thumb/e/e4/David_Parnas.jpg/150px-David_Parnas.jpg, 1941-02-10, , 6362
John Ousterhout, http://upload.wikimedia.org/wikipedia/commons/5/59/Ouster_face.png, 1954-10-15, , 3568
Raj Reddy, http://upload.wikimedia.org/wikipedia/commons/thumb/b/b0/ProfReddys_Photo_Cropped.jpg/230px-ProfReddys_Photo_Cropped.jpg, 1937-06-13, , 21839
Radia Perlman, http://upload.wikimedia.org/wikipedia/commons/thumb/a/af/Radia_Perlman_2009.jpg/220px-Radia_Perlman_2009.jpg, , , 6869
Gordon Plotkin, http://upload.wikimedia.org/wikipedia/commons/thumb/e/e5/Gordon_Plotkin.jpg/220px-Gordon_Plotkin.jpg, 1946-09-09, , 6737
Simon Peyton Jones, http://upload.wikimedia.org/wikipedia/commons/thumb/f/fa/Professor_Simon_Peyton_Jones_FRS.jpg/220px-Professor_Simon_Peyton_Jones_FRS.jpg, 1958-01-18, , 8474
Willem van der Poel, http://upload.wikimedia.org/wikipedia/commons/thumb/e/e3/Willem_van_der_Poel.jpg/220px-Willem_van_der_Poel.jpg, 1926-12-02, , 2928
Juan Pavón, http://upload.wikimedia.org/wikipedia/commons/thumb/4/47/Juan_Pavon.jpg/200px-Juan_Pavon.jpg, 1962-11-19, , 18832
Michael O. Rabin, http://upload.wikimedia.org/wikipedia/commons/thumb/4/49/M_O_Rabin.jpg/220px-M_O_Rabin.jpg, 1931-09-01, , 12110
Randy Pausch, http://upload.wikimedia.org/wikipedia/commons/thumb/4/4e/RandyPausch_Wiki_2.jpg/200px-RandyPausch_Wiki_2.jpg, 1960-10-23, 2008-07-25, 18931
Jon Postel, http://upload.wikimedia.org/wikipedia/commons/4/4f/Jon_Postel_sitting_in_office.jpg, 1943-08-06, 1998-10-16, 10465
Amir Pnueli, http://upload.wikimedia.org/wikipedia/commons/thumb/0/0e/Amir_Pnueli.jpg/150px-Amir_Pnueli.jpg, 1941-04-22, 2009-11-02, 4770
Emil Leon Post, http://upload.wikimedia.org/wikipedia/commons/thumb/4/42/Emil_Leon_Post.jpg/220px-Emil_Leon_Post.jpg, , 1954-04-21, 8265
William H. Press, http://upload.wikimedia.org/wikipedia/commons/thumb/8/87/WilliamHPress1980.jpg/220px-WilliamHPress1980.jpg, 1948-05-23, , 5448
Daniel Thalmann, http://upload.wikimedia.org/wikipedia/commons/thumb/5/5c/Daniel_Thalmann%27s_photo.jpg/220px-Daniel_Thalmann%27s_photo.jpg, , , 5568
Chris Lattner, http://upload.wikimedia.org/wikipedia/commons/thumb/7/7d/FOSDEM_2011_-_Chris_Lattner_-_LLVM_%285421424022%29.jpg/220px-FOSDEM_2011_-_Chris_Lattner_-_LLVM_%285421424022%29.jpg, 2005, , 6492
Steve Wozniak, http://upload.wikimedia.org/wikipedia/commons/thumb/f/f6/Steve_Wozniak.jpg/220px-Steve_Wozniak.jpg, 1950-08-11, , 43205
Lotfi A. Zadeh, http://upload.wikimedia.org/wikipedia/commons/a/a3/Zadeh-barcelona-1997%4092x115.gif, 1921-02-04, , 22110
Richard DeMillo, http://upload.wikimedia.org/wikipedia/commons/thumb/7/78/Rich-demillo.jpg/220px-Rich-demillo.jpg, 1947-01-26, , 8515
Patrick Cousot, http://upload.wikimedia.org/wikipedia/commons/thumb/9/9e/Patrick_Cousot_0743-c.jpg/220px-Patrick_Cousot_0743-c.jpg, , , 2524
Stephen Cook, http://upload.wikimedia.org/wikipedia/commons/thumb/6/68/Prof.Cook.jpg/200px-Prof.Cook.jpg, 1939-12-14, , 11550
Alonzo Church, http://upload.wikimedia.org/wikipedia/en/thumb/a/a6/Alonzo_Church.jpg/220px-Alonzo_Church.jpg, 1903-06-14, 1995-08-11, 8205
Larry Wall, http://upload.wikimedia.org/wikipedia/commons/thumb/b/b3/Larry_Wall_YAPC_2007.jpg/220px-Larry_Wall_YAPC_2007.jpg, 1949-09-27, , 6997
David Eppstein, http://upload.wikimedia.org/wikipedia/commons/thumb/7/79/Eppstein_in_Limerick.jpg/140px-Eppstein_in_Limerick.jpg, , , 4780
Erik Demaine, http://upload.wikimedia.org/wikipedia/commons/c/cd/Erik_Demaine_2005.jpg, 1981-02-28, , 8400
Andries van Dam, http://upload.wikimedia.org/wikipedia/commons/thumb/7/74/Andy_Van_Dam_2008.jpg/220px-Andy_Van_Dam_2008.jpg, 1938-12-08, , 7331
Paul Vitanyi, http://upload.wikimedia.org/wikipedia/commons/thumb/5/50/Paul_Vitanyi_2005.jpg/250px-Paul_Vitanyi_2005.jpg, 1944-07-21, , 3157
Jack Dongarra, http://upload.wikimedia.org/wikipedia/commons/thumb/2/22/JackDongarra.jpg/220px-JackDongarra.jpg, 1950-07-18, , 6019
Edward Felten, http://upload.wikimedia.org/wikipedia/commons/thumb/3/33/Edward-Felten-at-Princeton-CITP.jpg/200px-Edward-Felten-at-Princeton-CITP.jpg, 1963-03-25, , 14142
Scott Fahlman, http://upload.wikimedia.org/wikipedia/commons/thumb/5/5d/SEF2007a.jpg/197px-SEF2007a.jpg, 1948-03-21, , 3985
Annie Easley, http://upload.wikimedia.org/wikipedia/commons/thumb/9/93/NASA_Science_and_Engineering_Newsletter_Annie_Easley.jpg/220px-NASA_Science_and_Engineering_Newsletter_Annie_Easley.jpg, 1933-04-23, 2011-06-25, 7782
Brendan Eich, http://upload.wikimedia.org/wikipedia/commons/thumb/d/d1/Brendan_Eich_Mozilla_Foundation_official_photo.jpg/220px-Brendan_Eich_Mozilla_Foundation_official_photo.jpg, 1961-07-04, , 13413
Martin Fowler, http://upload.wikimedia.org/wikipedia/commons/thumb/e/e2/Webysther_20150414193208_-_Martin_Fowler.jpg/220px-Webysther_20150414193208_-_Martin_Fowler.jpg, , , 5788
Shimon Even, http://upload.wikimedia.org/wikipedia/commons/thumb/f/f8/Shimon_even.jpg/225px-Shimon_even.jpg, 1935-06-15, 2004-05-01, 1481
Philip Don Estridge, http://upload.wikimedia.org/wikipedia/en/c/c8/DonEstridge.png, 1937-06-23, 1985-08-02, 4640
Ping Fu, http://upload.wikimedia.org/wikipedia/commons/thumb/a/a3/PingFu_lg.jpg/220px-PingFu_lg.jpg, , , 16174
Zoubin Ghahramani, http://upload.wikimedia.org/wikipedia/commons/thumb/9/95/Professor_Zoubin_Ghahramani_FRS.jpg/220px-Professor_Zoubin_Ghahramani_FRS.jpg, 1970-02-08, , 6619
David Gelernter, http://upload.wikimedia.org/wikipedia/commons/thumb/6/68/David_Gelernter.jpg/220px-David_Gelernter.jpg, 1955-03-05, , 11285
Hugo de Garis, http://upload.wikimedia.org/wikipedia/commons/f/f0/Hugo_de_Garis.jpg, , , 20445
Edward Feigenbaum, http://upload.wikimedia.org/wikipedia/commons/thumb/c/c3/27._Dr._Edward_A._Feigenbaum_1994-1997.jpg/220px-27._Dr._Edward_A._Feigenbaum_1994-1997.jpg, 1936-01-20, , 7572
Adam Ries, http://upload.wikimedia.org/wikipedia/commons/thumb/1/1f/Ries.PNG/220px-Ries.PNG, , , 9710
Paul Dourish, http://upload.wikimedia.org/wikipedia/en/thumb/d/da/Dourish-artcenter-hertz.jpg/220px-Dourish-artcenter-hertz.jpg, , , 12092
David Bader (computer scientist), http://upload.wikimedia.org/wikipedia/commons/thumb/2/21/David_A._Bader_2007.jpg/220px-David_A._Bader_2007.jpg, 1969-05-04, , 7838
Adele Goldberg (computer scientist), http://upload.wikimedia.org/wikipedia/commons/thumb/3/36/Adele_Goldberg_at_PyCon_2007.jpg/220px-Adele_Goldberg_at_PyCon_2007.jpg, 1945-07-07, , 5646
Tommy Flowers, http://upload.wikimedia.org/wikipedia/commons/thumb/8/84/Tommy_Flowers.jpg/220px-Tommy_Flowers.jpg, 1905-12-22, 1998-10-28, 12828
Paul Graham (computer programmer), http://upload.wikimedia.org/wikipedia/commons/thumb/e/e3/Paulgraham_240x320.jpg/220px-Paulgraham_240x320.jpg, 1964-11-13, , 9087
Zvi Galil, http://upload.wikimedia.org/wikipedia/commons/thumb/7/7f/Zvi_Galil_2010.jpg/220px-Zvi_Galil_2010.jpg, 1947-06-26, , 6824
Joseph Halpern, http://upload.wikimedia.org/wikipedia/commons/thumb/8/8b/Joe_Halpern_IMG_1588.jpg/220px-Joe_Halpern_IMG_1588.jpg, , , 2906
Neil J. Gunther, http://upload.wikimedia.org/wikipedia/commons/thumb/6/61/NJG_BletchleyPk.jpg/203px-NJG_BletchleyPk.jpg, 1950-08-15, , 15672
Geoffrey Hinton, http://upload.wikimedia.org/wikipedia/commons/thumb/3/34/Geoffrey_Hinton_at_UBC.jpg/220px-Geoffrey_Hinton_at_UBC.jpg, 1947-12-06, , 8578
Margaret Hamilton (scientist), http://upload.wikimedia.org/wikipedia/commons/thumb/6/68/Margaret_Hamilton_1995.jpg/220px-Margaret_Hamilton_1995.jpg, 1936-08-17, , 21259
Oded Goldreich, http://upload.wikimedia.org/wikipedia/commons/thumb/f/f4/Oded_Goldreich.jpg/225px-Oded_Goldreich.jpg, 1957-02-04, , 3780
Gaston Gonnet, http://upload.wikimedia.org/wikipedia/commons/thumb/f/f6/Gaston_Gonnet.jpg/220px-Gaston_Gonnet.jpg, 1948-09-22, , 3293
Joseph Goguen, http://upload.wikimedia.org/wikipedia/commons/thumb/9/9b/JosephGoguen.png/200px-JosephGoguen.png, 1941-06-28, 2006-07-03, 8366
Jim Gray (computer scientist), http://upload.wikimedia.org/wikipedia/commons/thumb/7/76/Jim_Gray_Computing_in_the_21st_Century_2006.jpg/220px-Jim_Gray_Computing_in_the_21st_Century_2006.jpg, 1944-01-12, 2012-05-16, 13797
Wendy Hall, http://upload.wikimedia.org/wikipedia/commons/thumb/3/3e/Wendy_hall_2011.jpg/220px-Wendy_hall_2011.jpg, 1952-10-25, , 10178
Gene H. Golub, http://upload.wikimedia.org/wikipedia/commons/thumb/c/ce/Genegolub.jpg/220px-Genegolub.jpg, 1932-02-29, 2007-11-16, 5171
Ian Goldberg, http://upload.wikimedia.org/wikipedia/commons/thumb/e/e5/Ian_Goldberg.jpg/220px-Ian_Goldberg.jpg, 1973-03-31, , 4010
Juris Hartmanis, http://upload.wikimedia.org/wikipedia/commons/thumb/4/4a/Juris_Hartmanis%282002%29.jpg/150px-Juris_Hartmanis%282002%29.jpg, 1928-07-05, , 5482
James Gosling, http://upload.wikimedia.org/wikipedia/commons/thumb/1/14/James_Gosling_2008.jpg/220px-James_Gosling_2008.jpg, 1955-05-19, , 10584
Fernando J. Corbató, http://upload.wikimedia.org/wikipedia/commons/thumb/3/3d/Fernando_Corbato.jpg/220px-Fernando_Corbato.jpg, 1926-07-01, , 7906
Shlomo Zilberstein, http://upload.wikimedia.org/wikipedia/commons/thumb/5/56/Shlomo_Zilberstein.jpg/220px-Shlomo_Zilberstein.jpg, , , 4406
Christopher Strachey, http://upload.wikimedia.org/wikipedia/en/thumb/e/e7/Christopher_Strachey_computer_printout.jpg/220px-Christopher_Strachey_computer_printout.jpg, 1916-11-16, 1975-05-18, 8721
Madhu Sudan, http://upload.wikimedia.org/wikipedia/commons/thumb/e/e9/Madhu_Sudan.jpg/220px-Madhu_Sudan.jpg, 1966-09-12, , 4021
Ken Thompson, http://upload.wikimedia.org/wikipedia/commons/thumb/3/36/Ken_n_dennis.jpg/220px-Ken_n_dennis.jpg, 1943-02-04, , 16313
Gábor Tardos, http://upload.wikimedia.org/wikipedia/commons/thumb/e/ec/G%C3%A1bor_Tardos.jpg/220px-G%C3%A1bor_Tardos.jpg, 1964-07-11, , 3720
Éva Tardos, http://upload.wikimedia.org/wikipedia/commons/thumb/4/46/Elisabeth_Bauer_and_Eva_Tardos_at_Cornell.jpg/220px-Elisabeth_Bauer_and_Eva_Tardos_at_Cornell.jpg, 1957-10-01, , 4470
Ivan Sutherland, http://upload.wikimedia.org/wikipedia/commons/thumb/5/5c/Ivan_Sutherland_at_CHM.jpg/150px-Ivan_Sutherland_at_CHM.jpg, 1938-05-16, , 13315
Bjarne Stroustrup, http://upload.wikimedia.org/wikipedia/commons/thumb/d/da/BjarneStroustrup.jpg/280px-BjarneStroustrup.jpg, 1950-12-30, , 6912
Winifred Asprey, http://upload.wikimedia.org/wikipedia/en/thumb/e/e6/Winifred_Asprey.jpg/280px-Winifred_Asprey.jpg, 1917-04-08, 2007-10-19, 3737
Roland Carl Backhouse, http://upload.wikimedia.org/wikipedia/commons/thumb/8/8c/Roland_backhouse.jpg/220px-Roland_backhouse.jpg, 1948-08-18, , 5497
Lenore Blum, http://upload.wikimedia.org/wikipedia/commons/thumb/9/90/Lenore_Blum.jpg/220px-Lenore_Blum.jpg, 1942-12-18, , 4232
Jean Bartik, http://upload.wikimedia.org/wikipedia/en/1/19/Jean_Bartik.jpg, 1924-12-27, 2011-03-23, 11514
Dorothy Blum, http://upload.wikimedia.org/wikipedia/commons/c/c8/Dorothy_T_Blum_1924_1980.jpg, , , 2629
Peter J. Denning, http://upload.wikimedia.org/wikipedia/commons/thumb/9/94/Peter_J._Denning.jpg/150px-Peter_J._Denning.jpg, 1942-01-06, , 15883
Edward Yourdon, http://upload.wikimedia.org/wikipedia/commons/thumb/9/9f/Yourdon%2C_Edward_%282008%29.jpg/220px-Yourdon%2C_Edward_%282008%29.jpg, 1944-04-30, 2016-01-20, 10921
John Tukey, http://upload.wikimedia.org/wikipedia/en/thumb/e/e9/John_Tukey.jpg/220px-John_Tukey.jpg, 1915-06-16, 2000-07-26, 24024
James Z. Wang, http://upload.wikimedia.org/wikipedia/commons/thumb/c/c6/Wang2015_12.png/200px-Wang2015_12.png, , , 9559
Yorick Wilks, http://upload.wikimedia.org/wikipedia/commons/thumb/7/7e/Yorick_Wilks.jpg/220px-Yorick_Wilks.jpg, 1939-10-27, , 11955
Victor Bahl, http://upload.wikimedia.org/wikipedia/commons/thumb/8/80/Victor_Picture.jpg/200px-Victor_Picture.jpg, , , 26479
Steven M. Bellovin, http://upload.wikimedia.org/wikipedia/commons/thumb/3/34/Usenix84_1.jpg/220px-Usenix84_1.jpg, , , 4627
Larry Tesler, http://upload.wikimedia.org/wikipedia/commons/thumb/c/c3/Larry_Tesler_Smiles_at_Whisper.jpeg/220px-Larry_Tesler_Smiles_at_Whisper.jpeg, , , 5284
David P. Reed, http://upload.wikimedia.org/wikipedia/en/thumb/4/40/David_P_Reed.JPG/220px-David_P_Reed.JPG, 1952-01-31, , 2066
Tony Hoare, http://upload.wikimedia.org/wikipedia/commons/thumb/2/2c/Sir_Tony_Hoare_IMG_5125.jpg/220px-Sir_Tony_Hoare_IMG_5125.jpg, 1934-01-11, , 14831
Gerald Jay Sussman, http://upload.wikimedia.org/wikipedia/commons/thumb/0/0e/Jerry_Sussman.jpg/197px-Jerry_Sussman.jpg, 1947-02-08, , 8094
James Hendler, http://upload.wikimedia.org/wikipedia/commons/thumb/0/02/Prof_James_Hendler-2008-11-03.JPG/220px-Prof_James_Hendler-2008-11-03.JPG, 1957-04-02, , 9620
Jeff Rulifson, http://upload.wikimedia.org/wikipedia/commons/thumb/f/ff/Jeff_Rulifson_in_2008.jpg/250px-Jeff_Rulifson_in_2008.jpg, 1941-08-20, , 3653
Michael Kölling, http://upload.wikimedia.org/wikipedia/commons/thumb/e/e8/Kolling.png/220px-Kolling.png, , , 5297
Leslie Lamport, http://upload.wikimedia.org/wikipedia/commons/thumb/5/50/Leslie_Lamport.jpg/220px-Leslie_Lamport.jpg, 1941-02-07, , 10238
Stephen Cole Kleene, http://upload.wikimedia.org/wikipedia/commons/thumb/1/1c/Kleene.jpg/220px-Kleene.jpg, 1909-01-05, 1994-01-25, 17558
Gregor Kiczales, http://upload.wikimedia.org/wikipedia/commons/thumb/5/51/Gregor_Kiczales_AOSD.jpg/220px-Gregor_Kiczales_AOSD.jpg, , , 1549
William Kahan, http://upload.wikimedia.org/wikipedia/commons/thumb/b/b1/William_Kahan.jpg/220px-William_Kahan.jpg, 1933-06-05, , 5374
Gerard J. Holzmann, http://upload.wikimedia.org/wikipedia/commons/thumb/c/ce/Gerard_J._Holzmann_FLoC_2006.jpg/220px-Gerard_J._Holzmann_FLoC_2006.jpg, 1951, , 3692
Dines Bjørner, http://upload.wikimedia.org/wikipedia/commons/thumb/7/7b/Dines_Bj%C3%B8rner_at_DTU_Compute%2C_June_2012.jpg/150px-Dines_Bj%C3%B8rner_at_DTU_Compute%2C_June_2012.jpg, 1937-10-04, , 3700
John Vincent Atanasoff, http://upload.wikimedia.org/wikipedia/en/0/0b/John_Atanasov.gif, 1903-10-04, 1995-06-15, 19019
Charles Bachman, http://upload.wikimedia.org/wikipedia/commons/thumb/2/2c/Charles_Bachman_2012.jpg/150px-Charles_Bachman_2012.jpg, 1924-12-11, , 12980
John Backus, http://upload.wikimedia.org/wikipedia/commons/d/da/John_Backus.jpg, 1924-12-03, 2007-03-17, 20290
John G. Kemeny, http://upload.wikimedia.org/wikipedia/en/thumb/1/13/John_George_Kemeny.jpg/220px-John_George_Kemeny.jpg, 1926-05-31, 1992-12-26, 5714
Daphne Koller, http://upload.wikimedia.org/wikipedia/commons/thumb/d/de/Daphne_Koller_with_flowers_%28portrait%29.jpg/220px-Daphne_Koller_with_flowers_%28portrait%29.jpg, 1968-08-27, , 6470
Bernhard Thalheim, http://upload.wikimedia.org/wikipedia/commons/thumb/2/2a/BThalheimWiki.jpg/150px-BThalheimWiki.jpg, 1952-03-10, , 10177
Vijay Vazirani, http://upload.wikimedia.org/wikipedia/commons/thumb/4/4b/Vijay_Vazirani.jpg/200px-Vijay_Vazirani.jpg, , , 4162
Les Hatton, http://upload.wikimedia.org/wikipedia/commons/thumb/7/7b/Les_Hatton_1.JPG/220px-Les_Hatton_1.JPG, 1948-02-05, , 4267
John Henry Holland, http://upload.wikimedia.org/wikipedia/en/6/6a/John_Henry_Holland.jpg, 1929-02-02, 2015-08-09, 5323
Jean Ichbiah, http://upload.wikimedia.org/wikipedia/commons/thumb/b/b8/Jean_Ichbiah.jpg/200px-Jean_Ichbiah.jpg, 1940-03-25, 2007-01-26, 3903
Richard Hamming, http://upload.wikimedia.org/wikipedia/en/thumb/0/08/Richard_Hamming.jpg/220px-Richard_Hamming.jpg, 1915-02-11, 1998-01-07, 22182
Anita Borg, http://upload.wikimedia.org/wikipedia/en/thumb/e/e1/Anita_Borg.jpg/220px-Anita_Borg.jpg, 1949-01-17, 2003-04-06, 9780
Martin Hellman, http://upload.wikimedia.org/wikipedia/commons/d/d4/Martin-Hellman.jpg, 1945-10-02, , 13063
Bill Gropp, http://upload.wikimedia.org/wikipedia/commons/thumb/3/3c/Bill_Gropp.jpg/220px-Bill_Gropp.jpg, , , 2216
Mihalis Yannakakis, http://upload.wikimedia.org/wikipedia/commons/thumb/2/20/Mihalis_Yannakakis_2006.jpg/220px-Mihalis_Yannakakis_2006.jpg, 1953-09-13, , 9986
John Hopcroft, http://upload.wikimedia.org/wikipedia/commons/thumb/6/6a/Hopcrofg.jpg/150px-Hopcrofg.jpg, 1939-10-07, , 6495
Danny Hillis, http://upload.wikimedia.org/wikipedia/commons/thumb/4/4c/Danny_Hillis%2C_2014_%28crop%29.jpg/220px-Danny_Hillis%2C_2014_%28crop%29.jpg, 1956-09-25, , 12640
Terry Winograd, http://upload.wikimedia.org/wikipedia/commons/thumb/9/97/WinogradSkeleton.jpg/220px-WinogradSkeleton.jpg, 1946-02-24, , 7294
Herman Hollerith, http://upload.wikimedia.org/wikipedia/commons/thumb/4/42/Hollerith.jpg/220px-Hollerith.jpg, 1860-02-291865-12-03, 1929-11-171944-08-04, 13391
Mary Allen Wilkes, http://upload.wikimedia.org/wikipedia/commons/thumb/b/be/Mary_Allen_Wilkes_Portrait.jpeg/220px-Mary_Allen_Wilkes_Portrait.jpeg, 1937-09-25, , 9705
John L. Hennessy, http://upload.wikimedia.org/wikipedia/commons/thumb/2/29/John_L_Hennessy.jpg/220px-John_L_Hennessy.jpg, 1952-09-22, , 9434
Mike Woodger, http://upload.wikimedia.org/wikipedia/commons/thumb/0/04/Pilot_ACE_computer.jpg/220px-Pilot_ACE_computer.jpg, 1923-03-28, , 2457
Alan Kay, http://upload.wikimedia.org/wikipedia/commons/thumb/7/76/Alan_Kay_%283097597186%29.jpg/220px-Alan_Kay_%283097597186%29.jpg, 1940-05-17, , 15935
Brian Kernighan, http://upload.wikimedia.org/wikipedia/commons/thumb/a/ae/Brian_Kernighan_in_2012_at_Bell_Labs_1.jpg/220px-Brian_Kernighan_in_2012_at_Bell_Labs_1.jpg, 1942-01-01, , 7136
Poul-Henning Kamp, http://upload.wikimedia.org/wikipedia/commons/thumb/5/50/PH_Kamp.jpg/220px-PH_Kamp.jpg, 1966-01-20, , 4392
Bill Joy, http://upload.wikimedia.org/wikipedia/commons/thumb/e/e2/Bill_joy.jpg/220px-Bill_joy.jpg, 1954-11-08, , 11144
Jacques Cohen, http://upload.wikimedia.org/wikipedia/commons/thumb/2/20/Flag_of_the_Netherlands.svg/23px-Flag_of_the_Netherlands.svg.png, 1951-12-26, , 6077
Michael I. Jordan, http://upload.wikimedia.org/wikipedia/commons/d/de/Michael_I_Jordan.png, 1956-02-25, , 6031
Grady Booch, http://upload.wikimedia.org/wikipedia/commons/thumb/3/39/Grady_Booch%2C_CHM_2011_2_cropped.jpg/220px-Grady_Booch%2C_CHM_2011_2_cropped.jpg, 1955-02-27, , 9606
Bob Kahn, http://upload.wikimedia.org/wikipedia/commons/thumb/f/fe/Bob_Kahn.jpg/220px-Bob_Kahn.jpg, 1938-12-23, , 14240
Daniel J. Bernstein, http://upload.wikimedia.org/wikipedia/commons/thumb/1/1a/Dan_Bernstein_27C3.jpg/220px-Dan_Bernstein_27C3.jpg, 1971-10-29, , 12406
Shafi Goldwasser, http://upload.wikimedia.org/wikipedia/commons/thumb/8/84/Shafi_Goldwasser.JPG/220px-Shafi_Goldwasser.JPG, , , 8451
Dennis Ritchie, http://upload.wikimedia.org/wikipedia/commons/thumb/2/23/Dennis_Ritchie_2011.jpg/220px-Dennis_Ritchie_2011.jpg, 1941-09-09, 2011-10-12, 20953
John C. Reynolds, http://upload.wikimedia.org/wikipedia/commons/thumb/2/2d/Reynolds_John_small.jpg/220px-Reynolds_John_small.jpg, 1935-06-01, 2013-04-28, 3635
C. J. van Rijsbergen, http://upload.wikimedia.org/wikipedia/commons/thumb/a/a0/C_J_van_Rijsbergen.jpg/220px-C_J_van_Rijsbergen.jpg, , , 3349
Umar Saif, http://upload.wikimedia.org/wikipedia/commons/thumb/c/cd/UmarSaifPak.jpg/220px-UmarSaifPak.jpg, , , 17866
Olaf Storaasli, http://upload.wikimedia.org/wikipedia/en/thumb/4/42/Olaf_O._Storaasli_photo_%28Manchester_UK%29.jpg/220px-Olaf_O._Storaasli_photo_%28Manchester_UK%29.jpg, 1943-05-15, , 3343
Azriel Rosenfeld, http://upload.wikimedia.org/wikipedia/en/thumb/a/a4/Flag_of_the_United_States.svg/20px-Flag_of_the_United_States.svg.png, 1931-02-19, 2004-02-22, 4535
Danese Cooper, http://upload.wikimedia.org/wikipedia/commons/thumb/b/bf/Wikimedia_Foundation_Danese_Cooper_Sept_2010.jpg/220px-Wikimedia_Foundation_Danese_Cooper_Sept_2010.jpg, 1959-01-19, , 8504
Michael Stonebraker, http://upload.wikimedia.org/wikipedia/commons/thumb/0/06/Michael_Stonebraker_P1120062.jpg/220px-Michael_Stonebraker_P1120062.jpg, 1943-10-11, , 18190
Guy L. Steele Jr., http://upload.wikimedia.org/wikipedia/commons/thumb/9/9e/Guy_Steele.jpg/220px-Guy_Steele.jpg, 1954-10-02, , 8057
Jon Crowcroft, http://upload.wikimedia.org/wikipedia/commons/thumb/a/a3/Jon_Crowcroft.jpg/220px-Jon_Crowcroft.jpg, 1957-11-23, , 6404
Seymour Cray, http://upload.wikimedia.org/wikipedia/commons/7/70/Seymour_Cray-crop.jpg, 1925-09-28, 1996-10-05, 19758
Andrey Kolmogorov, http://upload.wikimedia.org/wikipedia/commons/thumb/4/43/Andrej_Nikolajewitsch_Kolmogorov.jpg/220px-Andrej_Nikolajewitsch_Kolmogorov.jpg, 1903-04-25, 1987-10-20, 16840
Richard Stallman, http://upload.wikimedia.org/wikipedia/commons/thumb/7/7b/Richard_Stallman_-_F%C3%AAte_de_l%27Humanit%C3%A9_2014_-_010.jpg/220px-Richard_Stallman_-_F%C3%AAte_de_l%27Humanit%C3%A9_2014_-_010.jpg, 1953-03-16, , 55246
Larry Page, http://upload.wikimedia.org/wikipedia/commons/thumb/e/ec/Larry_Page_in_the_European_Parliament%2C_17.06.2009_%28cropped%29.jpg/220px-Larry_Page_in_the_European_Parliament%2C_17.06.2009_%28cropped%29.jpg, 1973-03-26, , 54825
Alan Turing, http://upload.wikimedia.org/wikipedia/commons/thumb/a/a1/Alan_Turing_Aged_16.jpg/220px-Alan_Turing_Aged_16.jpg, 1912-06-23, 1954-06-07, 95130
Ron Rivest, http://upload.wikimedia.org/wikipedia/commons/thumb/7/79/Ronald_L_Rivest_photo.jpg/250px-Ronald_L_Rivest_photo.jpg, 1947-05-06, , 7536
Ben Shneiderman, http://upload.wikimedia.org/wikipedia/commons/thumb/b/b9/Ben_Shneiderman_at_UNCC.jpg/220px-Ben_Shneiderman_at_UNCC.jpg, 1947-08-21, , 15449
Jonathan Schaeffer, http://upload.wikimedia.org/wikipedia/commons/thumb/0/0d/Jonathan_Schaeffer.jpg/220px-Jonathan_Schaeffer.jpg, , , 6290
Bruce Schneier, http://upload.wikimedia.org/wikipedia/commons/thumb/f/fc/Bruce_Schneier_at_CoPS2013-IMG_9174.jpg/220px-Bruce_Schneier_at_CoPS2013-IMG_9174.jpg, 1963-01-15, , 17960
Carl Sassenrath, http://upload.wikimedia.org/wikipedia/commons/3/3f/Carl-sassenrath-04.jpg, 1957, , 10892
Dana Scott, http://upload.wikimedia.org/wikipedia/commons/thumb/3/35/Scott_Dana_small.jpg/220px-Scott_Dana_small.jpg, 1932-10-11, , 12723
Adi Shamir, http://upload.wikimedia.org/wikipedia/commons/thumb/1/1e/Adi_Shamir_at_TU_Darmstadt_%282013%29.jpg/200px-Adi_Shamir_at_TU_Darmstadt_%282013%29.jpg, 1952-07-06, , 6804
Nigel Shadbolt, http://upload.wikimedia.org/wikipedia/commons/thumb/8/86/Professor_Nigel_Shadbolt.jpg/220px-Professor_Nigel_Shadbolt.jpg, 1956-04-09, , 12569
Joseph Sifakis, http://upload.wikimedia.org/wikipedia/commons/thumb/7/71/Joseph_Sifakis_img_0966.jpg/220px-Joseph_Sifakis_img_0966.jpg, 1946-12-26, , 4946
Guido van Rossum, http://upload.wikimedia.org/wikipedia/commons/thumb/9/94/Guido_van_Rossum_OSCON_2006_cropped.png/250px-Guido_van_Rossum_OSCON_2006_cropped.png, 1956-01-31, , 7945
George Sadowsky, http://upload.wikimedia.org/wikipedia/commons/thumb/d/d0/George_Sadowsky.jpg/200px-George_Sadowsky.jpg, 1936-09-30, , 5600
Vint Cerf, http://upload.wikimedia.org/wikipedia/commons/thumb/6/6b/Dr_Vint_Cerf_ForMemRS.jpg/220px-Dr_Vint_Cerf_ForMemRS.jpg, 1943-06-23, , 32080
Thomas Sterling (computing), http://upload.wikimedia.org/wikipedia/commons/thumb/5/57/Thomas_Sterling.jpg/220px-Thomas_Sterling.jpg, , , 2483
Richard E. Stearns, http://upload.wikimedia.org/wikipedia/commons/thumb/6/6f/Dick_Stearns.jpg/220px-Dick_Stearns.jpg, 1936-07-05, , 3998
Maciej Stachowiak, http://upload.wikimedia.org/wikipedia/en/thumb/9/9e/Maciej_Stachowiak_in_2009.png/220px-Maciej_Stachowiak_in_2009.png, 1976-06-06, , 7882
Sargur Srihari, http://upload.wikimedia.org/wikipedia/en/thumb/3/3a/Srihari_Sargur.png/220px-Srihari_Sargur.png, , , 3548
Douglas Engelbart, http://upload.wikimedia.org/wikipedia/commons/thumb/7/78/Douglas_Engelbart_in_2008.jpg/220px-Douglas_Engelbart_in_2008.jpg, 1925-01-30, 2013-07-02, 31856
Edsger W. Dijkstra, http://upload.wikimedia.org/wikipedia/commons/thumb/d/d9/Edsger_Wybe_Dijkstra.jpg/220px-Edsger_Wybe_Dijkstra.jpg, 1930-05-11, 2002-08-06, 81726
Kurt Gödel, http://upload.wikimedia.org/wikipedia/en/4/42/Kurt_g%C3%B6del.jpg, 1906-04-28, 1978-01-14, 45254
Linus Torvalds, http://upload.wikimedia.org/wikipedia/commons/thumb/6/69/Linus_Torvalds.jpeg/220px-Linus_Torvalds.jpeg, 1969-12-28, , 27667
George Novacky, http://upload.wikimedia.org/wikipedia/en/thumb/a/a4/Flag_of_the_United_States.svg/20px-Flag_of_the_United_States.svg.png, , , 2052
Peter Nordin, http://upload.wikimedia.org/wikipedia/commons/thumb/4/45/Peternordin.jpeg/220px-Peternordin.jpeg, 1965-08-09, , 10382
Don Norman, http://upload.wikimedia.org/wikipedia/commons/thumb/e/e6/Donald_Norman_at_AWF05.jpg/200px-Donald_Norman_at_AWF05.jpg, 1935-12-25, , 12754
Christos Papadimitriou, http://upload.wikimedia.org/wikipedia/commons/thumb/0/0d/Christos_Papadimitriou_mg_7721-b.cr2.jpg/220px-Christos_Papadimitriou_mg_7721-b.cr2.jpg, 1949-08-16, , 7190
Joshua Lederberg, http://upload.wikimedia.org/wikipedia/en/thumb/e/e4/Joshua_Lederberg-nih.jpg/220px-Joshua_Lederberg-nih.jpg, 1925-05-23, 2008-02-02, 25765
Andrew Ng, http://upload.wikimedia.org/wikipedia/commons/thumb/e/e2/Nuvola_apps_arts.svg/16px-Nuvola_apps_arts.svg.png, , , 7204
Nils John Nilsson, http://upload.wikimedia.org/wikipedia/en/thumb/3/35/Nils_Nilsson_Researcher.jpg/220px-Nils_Nilsson_Researcher.jpg, , , 5793
Peter Norvig, http://upload.wikimedia.org/wikipedia/commons/thumb/2/20/Peter_Norvig_speaking_at_University_of_California%2C_Berkeley.jpg/250px-Peter_Norvig_speaking_at_University_of_California%2C_Berkeley.jpg, 1956-12-14, , 7239
Kristen Nygaard, http://upload.wikimedia.org/wikipedia/commons/thumb/b/bb/Kristen-Nygaard-SBLP-1997-head.png/120px-Kristen-Nygaard-SBLP-1997-head.png, 1926-08-27, 2002-08-10, 12773
Max Levchin, http://upload.wikimedia.org/wikipedia/commons/thumb/c/c6/Max_Levchin_%282013%29.jpg/220px-Max_Levchin_%282013%29.jpg, 1975-07-11, , 13617
Leonid Levin, http://upload.wikimedia.org/wikipedia/commons/thumb/5/50/LeonidLevin2010.jpg/220px-LeonidLevin2010.jpg, 1948-11-02, , 4041
Donald Knuth, http://upload.wikimedia.org/wikipedia/commons/thumb/4/4f/KnuthAtOpenContentAlliance.jpg/192px-KnuthAtOpenContentAlliance.jpg, 1938-01-10, , 43998
Butler Lampson, http://upload.wikimedia.org/wikipedia/commons/thumb/8/86/Professional_Developers_Conference_2009_Technical_Leaders_Panel_6.jpg/220px-Professional_Developers_Conference_2009_Technical_Leaders_Panel_6.jpg, 1943-12-23, , 7121
Tim Berners-Lee, http://upload.wikimedia.org/wikipedia/commons/thumb/8/83/Tim_Berners-Lee-Knight-crop.jpg/220px-Tim_Berners-Lee-Knight-crop.jpg, 1955-06-08, , 28556
Grace Hopper, http://upload.wikimedia.org/wikipedia/commons/thumb/a/ad/Commodore_Grace_M._Hopper%2C_USN_%28covered%29.jpg/220px-Commodore_Grace_M._Hopper%2C_USN_%28covered%29.jpg, 1906-12-09, 1992-01-01, 42703
Sergey Brin, http://upload.wikimedia.org/wikipedia/commons/thumb/a/a2/Sergey_Brin_cropped.jpg/220px-Sergey_Brin_cropped.jpg, 1973-08-21, , 34025
Kevin Warwick, http://upload.wikimedia.org/wikipedia/commons/thumb/4/45/Kevin_Warwick_2011.jpg/220px-Kevin_Warwick_2011.jpg, 1954-02-09, , 40724
Claude Shannon, http://upload.wikimedia.org/wikipedia/commons/thumb/9/99/ClaudeShannon_MFO3807.jpg/220px-ClaudeShannon_MFO3807.jpg, 1916-04-30, 2001-02-24, 49991
Herbert A. Simon, http://upload.wikimedia.org/wikipedia/commons/thumb/b/bb/Herbert_simon_red_complete.jpg/220px-Herbert_simon_red_complete.jpg, 1916-06-15, 2001-02-09, 56391
Bill Gates, http://upload.wikimedia.org/wikipedia/commons/thumb/1/19/Bill_Gates_June_2015.jpg/220px-Bill_Gates_June_2015.jpg, 1955-10-28, , 71474
Charles Babbage, http://upload.wikimedia.org/wikipedia/commons/thumb/6/6b/Charles_Babbage_-_1860.jpg/220px-Charles_Babbage_-_1860.jpg, 1791-12-26, 1871-10-18, 78163
Max Newman, http://upload.wikimedia.org/wikipedia/en/a/a1/Max-newman-1950.jpg, 1897-02-07, 1984-02-22, 16567
Peter Naur, http://upload.wikimedia.org/wikipedia/commons/thumb/5/55/Peternaur.JPG/150px-Peternaur.JPG, 1928-10-25, 2016-01-03, 6974
Makoto Nagao, http://upload.wikimedia.org/wikipedia/commons/thumb/d/d7/Nagao_Makoto_at_WCJ2009_cropped.jpg/220px-Nagao_Makoto_at_WCJ2009_cropped.jpg, 1936-10-04, , 7165
Robert Tappan Morris, http://upload.wikimedia.org/wikipedia/commons/thumb/8/86/Robert_Tappan_Morris.jpg/200px-Robert_Tappan_Morris.jpg, 1965-11-08, , 9005
Roger Needham, http://upload.wikimedia.org/wikipedia/en/thumb/7/70/Roger_Needham.jpg/220px-Roger_Needham.jpg, 1935-02-09, 2003-03-01, 7001
Jack Minker, http://upload.wikimedia.org/wikipedia/commons/thumb/b/ba/Jack_Minker_Giving_Invited_Talk_LPNMR_2007.JPG/220px-Jack_Minker_Giving_Invited_Talk_LPNMR_2007.JPG, , , 5422
Stephen Muggleton, http://upload.wikimedia.org/wikipedia/en/thumb/a/a3/NewFellowPhoto.jpg/220px-NewFellowPhoto.jpg, 1959-12-06, , 6422
Gordon Moore, http://upload.wikimedia.org/wikipedia/commons/thumb/6/6b/Gordon_Moore.jpg/220px-Gordon_Moore.jpg, 1929-01-03, , 20859
Marvin Minsky, http://upload.wikimedia.org/wikipedia/commons/thumb/2/28/Marvin_Minsky_at_OLPCb.jpg/220px-Marvin_Minsky_at_OLPCb.jpg, 1927-08-09, 2016-01-24, 20387
Bertrand Meyer, http://upload.wikimedia.org/wikipedia/commons/thumb/4/48/Bertrand_Meyer_recent.jpg/220px-Bertrand_Meyer_recent.jpg, 1950-11-21, , 7150
Nadia Magnenat Thalmann, http://upload.wikimedia.org/wikipedia/commons/thumb/8/84/Nadia_Magnenat_Thalmann.jpg/220px-Nadia_Magnenat_Thalmann.jpg, , , 3986
Frieder Nake, http://upload.wikimedia.org/wikipedia/commons/thumb/d/de/Frieder_Nake_2012.jpg/220px-Frieder_Nake_2012.jpg, 1938-12-16, , 11274
Derek McAuley, http://upload.wikimedia.org/wikipedia/commons/thumb/6/6e/Derek_McAuley.jpg/220px-Derek_McAuley.jpg, , , 3928
Tom M. Mitchell, http://upload.wikimedia.org/wikipedia/commons/thumb/e/e1/TOM_M_M.jpg/220px-TOM_M_M.jpg, 1951-08-09, , 4953
Robert Cecil Martin, http://upload.wikimedia.org/wikipedia/commons/thumb/e/ee/Robert_Cecil_Martin.png/220px-Robert_Cecil_Martin.png, , , 3391
Yuri Matiyasevich, http://upload.wikimedia.org/wikipedia/commons/thumb/8/83/Yuri_Matiyasevich._Portrait_1969.jpg/220px-Yuri_Matiyasevich._Portrait_1969.jpg, 1947-03-02, , 5621
Charles E. Leiserson, http://upload.wikimedia.org/wikipedia/commons/thumb/0/01/Charles_E_Leiserson_2011.jpg/220px-Charles_E_Leiserson_2011.jpg, 1953-11-10, , 5186
Yann LeCun, http://upload.wikimedia.org/wikipedia/commons/thumb/8/84/Yann_LeCun_at_the_University_of_Minnesota.jpg/220px-Yann_LeCun_at_the_University_of_Minnesota.jpg, 1960-07-08, , 7690
Emmy Noether, http://upload.wikimedia.org/wikipedia/commons/thumb/e/e5/Noether.jpg/220px-Noether.jpg, 1882-03-23, 1935-04-14, 89057
Steve Jobs, http://upload.wikimedia.org/wikipedia/commons/thumb/b/b9/Steve_Jobs_Headshot_2010-CROP.jpg/220px-Steve_Jobs_Headshot_2010-CROP.jpg, 1955-02-24, 2011-10-05, 129586
Barbara Liskov, http://upload.wikimedia.org/wikipedia/commons/thumb/3/38/Barbara_Liskov_MIT_computer_scientist_2010.jpg/220px-Barbara_Liskov_MIT_computer_scientist_2010.jpg, 1939-11-07, , 10369
James Martin (author), http://upload.wikimedia.org/wikipedia/commons/thumb/6/66/Dr_James_Martin.jpg/220px-Dr_James_Martin.jpg, 1933-10-19, 2013-06-24, 11332
Tom Lane (computer scientist), http://upload.wikimedia.org/wikipedia/en/thumb/a/a4/Flag_of_the_United_States.svg/20px-Flag_of_the_United_States.svg.png, 1955-09-18, , 7325
Yukihiro Matsumoto, http://upload.wikimedia.org/wikipedia/commons/thumb/7/76/Yukihiro_Matsumoto.JPG/220px-Yukihiro_Matsumoto.JPG, 1965-04-14, , 6240
Rudy Rucker, http://upload.wikimedia.org/wikipedia/commons/thumb/7/78/Rudyrucker.jpg/222px-Rudyrucker.jpg, 1946-03-22, , 7883
Douglas McIlroy, http://upload.wikimedia.org/wikipedia/commons/thumb/9/91/Dennis_Ritchie_%28right%29_Receiving_Japan_Prize.jpeg/220px-Dennis_Ritchie_%28right%29_Receiving_Japan_Prize.jpeg, , , 4485
J. C. R. Licklider, http://upload.wikimedia.org/wikipedia/commons/6/66/J._C._R._Licklider.jpg, 1915-03-11, 1990-06-26, 20172
Rasmus Lerdorf, http://upload.wikimedia.org/wikipedia/commons/thumb/6/66/Rasmus_Lerdorf_August_2014_%28cropped%29.JPG/220px-Rasmus_Lerdorf_August_2014_%28cropped%29.JPG, 1968-11-22, , 4008
Rajeev Motwani, http://upload.wikimedia.org/wikipedia/commons/thumb/c/c4/Rajeev_Motwani_in_2006.jpg/220px-Rajeev_Motwani_in_2006.jpg, 1962-03-26, 2009-06-05, 7807
Peter Landin, http://upload.wikimedia.org/wikipedia/en/thumb/f/f9/Peter_Landin.png/220px-Peter_Landin.png, 1930-06-05, 2009-06-03, 7191
Kevin Leyton-Brown, http://upload.wikimedia.org/wikipedia/commons/thumb/8/84/Kevin_Leyton-Brown.png/220px-Kevin_Leyton-Brown.png, , , 3356
Peter Ružička, http://upload.wikimedia.org/wikipedia/en/thumb/f/f8/Peter_Ru%C5%BEi%C4%8Dka.jpg/220px-Peter_Ru%C5%BEi%C4%8Dka.jpg, 1947-08-09, 2003-10-05, 7658
Marshall Kirk McKusick, http://upload.wikimedia.org/wikipedia/commons/thumb/3/38/Marshall_Kirk_McKusick-lca2011.jpg/220px-Marshall_Kirk_McKusick-lca2011.jpg, 1954-01-19, , 6467
Silvio Micali, http://upload.wikimedia.org/wikipedia/commons/thumb/1/14/Silvio_Micali_IMG_0459.jpg/220px-Silvio_Micali_IMG_0459.jpg, 1954-10-13, , 7170
John von Neumann, http://upload.wikimedia.org/wikipedia/commons/thumb/5/5e/JohnvonNeumann-LosAlamos.gif/220px-JohnvonNeumann-LosAlamos.gif, 1903-12-28, 1957-02-08, 106194
Ada Lovelace, http://upload.wikimedia.org/wikipedia/commons/thumb/a/a4/Ada_Lovelace_portrait.jpg/220px-Ada_Lovelace_portrait.jpg, 1815-12-10, 1852-11-27, 48043
John McCarthy (computer scientist), http://upload.wikimedia.org/wikipedia/commons/thumb/4/49/John_McCarthy_Stanford.jpg/200px-John_McCarthy_Stanford.jpg, 1927-09-04, 2011-10-24, 31893
