name, img, birth, death, length 
Thomas Lovejoy, http://upload.wikimedia.org/wikipedia/commons/thumb/c/c7/Lovejoy-crop.jpg/180px-Lovejoy-crop.jpg, , , 9614
Carlos A. Peres, http://upload.wikimedia.org/wikipedia/en/thumb/0/05/Flag_of_Brazil.svg/22px-Flag_of_Brazil.svg.png, , , 3878
David Lack, http://upload.wikimedia.org/wikipedia/en/thumb/e/e0/David_Lack.png/220px-David_Lack.png, 1910-07-16, 1973-03-12, 14067
Ed Ricketts, http://upload.wikimedia.org/wikipedia/en/thumb/a/a9/EFRicketts.jpg/220px-EFRicketts.jpg, 1897-05-14, 1948-05-11, 26876
Robert May, Baron May of Oxford, http://upload.wikimedia.org/wikipedia/commons/thumb/e/ed/BobMayHarvard.jpg/220px-BobMayHarvard.jpg, 1936-01-08, , 11064
Robert MacArthur, http://upload.wikimedia.org/wikipedia/en/thumb/c/c3/Robert_MacArthur.jpg/220px-Robert_MacArthur.jpg, 1930-04-07, 1972-11-01, 3742
Henry Shoemaker Conard, http://upload.wikimedia.org/wikipedia/en/thumb/a/a4/Flag_of_the_United_States.svg/23px-Flag_of_the_United_States.svg.png, 1874-09-12, 1971-10-07, 5103
Murray Bookchin, http://upload.wikimedia.org/wikipedia/commons/thumb/8/8b/Murray_Bookchin.jpg/220px-Murray_Bookchin.jpg, , 2006-07-30, 31825
Stephen Alfred Forbes, http://upload.wikimedia.org/wikipedia/commons/thumb/4/48/Stephen_Alfred_Forbes_001.jpg/220px-Stephen_Alfred_Forbes_001.jpg, 1844-05-29, 1930-03-13, 8711
Pierre Dansereau, http://upload.wikimedia.org/wikipedia/commons/thumb/9/99/Pierre_Dansereau.jpg/220px-Pierre_Dansereau.jpg, 1911-10-05, 2011-09-28, 4163
Paul R. Ehrlich, http://upload.wikimedia.org/wikipedia/commons/thumb/e/e3/Paul_Ehrlich_-_1974.jpg/220px-Paul_Ehrlich_-_1974.jpg, 1932 -05-29, , 33341
Barry Commoner, http://upload.wikimedia.org/wikipedia/en/thumb/9/9a/Barry_Commoner.jpg/225px-Barry_Commoner.jpg, 1917-05-28, 2012-09-30, 21498
Eugene Odum, http://upload.wikimedia.org/wikipedia/en/thumb/6/67/Eugene_Odum_by_James_Stawser.jpg/220px-Eugene_Odum_by_James_Stawser.jpg, 1913-09-17, 2002-08-10, 9198
Ilkka Hanski, http://upload.wikimedia.org/wikipedia/commons/thumb/b/b2/Ilkka_Hanski.jpg/220px-Ilkka_Hanski.jpg, 1953-02-14, 2016-05-10, 6754
Karl Patterson Schmidt, http://upload.wikimedia.org/wikipedia/commons/thumb/2/23/Karl_Patterson_Schmidt.jpg/220px-Karl_Patterson_Schmidt.jpg, 1890-06-19, 1957-09-26, 9222
Stephanie Peay, http://upload.wikimedia.org/wikipedia/en/thumb/8/86/StephaniePeayconf.jpg/220px-StephaniePeayconf.jpg, , , 4374
Garrett Hardin, http://upload.wikimedia.org/wikipedia/en/thumb/c/c3/Garrett_Hardin.jpg/150px-Garrett_Hardin.jpg, , 2003-09-14, 17021
Henry Paul Hansen, http://upload.wikimedia.org/wikipedia/en/thumb/a/a4/Flag_of_the_United_States.svg/20px-Flag_of_the_United_States.svg.png, , 1989-10-09, 2326
Ann Haven Morgan, http://upload.wikimedia.org/wikipedia/commons/thumb/3/30/Ann_Haven_Morgan.jpg/220px-Ann_Haven_Morgan.jpg, 1882-05-06, 1966-06-05, 2857
Henry Chandler Cowles, http://upload.wikimedia.org/wikipedia/commons/thumb/f/f9/PSM_V84_D208_Henry_C_Cowles.jpg/220px-PSM_V84_D208_Henry_C_Cowles.jpg, 1869-02-27, 1939-09-12, 7995
Karl Möbius, http://upload.wikimedia.org/wikipedia/commons/thumb/a/a8/Karl_August_M%C3%B6bius_%281825-1908%29.jpg/220px-Karl_August_M%C3%B6bius_%281825-1908%29.jpg, 1825-02-07, 1908-04-26, 3751
Ramon Margalef, http://upload.wikimedia.org/wikipedia/commons/thumb/1/1c/Ramon_Margalef_i_Lopez.jpg/150px-Ramon_Margalef_i_Lopez.jpg, 1919-05-16, 2004-05-23, 4552
Ian McTaggart-Cowan, http://upload.wikimedia.org/wikipedia/en/5/56/IanMcTaggartCowan.jpg, 1910-06-25, 2010-04-18, 6957
Rachel Carson, http://upload.wikimedia.org/wikipedia/commons/thumb/f/f4/Rachel-Carson.jpg/220px-Rachel-Carson.jpg, 1907-05-27, 1964-04-14, 73559
E. C. Pielou, http://upload.wikimedia.org/wikipedia/commons/thumb/3/36/Chris_Pielou.png/220px-Chris_Pielou.png, 1924-02-20, 2016-07-16, 2859
Ruth Patrick, http://upload.wikimedia.org/wikipedia/commons/thumb/3/37/Ruth_Patrick_1976.JPG/220px-Ruth_Patrick_1976.JPG, 1907-11-26, 2013-09-23, 21447
Christen C. Raunkiær, http://upload.wikimedia.org/wikipedia/commons/thumb/4/43/Raunkiaer-Christen-c1930.jpg/200px-Raunkiaer-Christen-c1930.jpg, , 1938-03-12, 15346
Leonty Ramensky, http://upload.wikimedia.org/wikipedia/commons/thumb/b/b2/Ramensky-Leonty_1884-1953.jpg/220px-Ramensky-Leonty_1884-1953.jpg, 1884-06-16, 1953-01-27, 4914
C. Richard Tracy, http://upload.wikimedia.org/wikipedia/commons/thumb/9/97/CRT_Tracy_in_suit.jpeg/220px-CRT_Tracy_in_suit.jpeg, 1943-05-24, , 7299
George C. Williams (biologist), http://upload.wikimedia.org/wikipedia/en/thumb/4/42/George_C._Williams.jpg/200px-George_C._Williams.jpg, 1926-05-12, 2010-09-08, 10210
Alexander Watt, http://upload.wikimedia.org/wikipedia/en/thumb/7/74/Watt%2C_A_S.jpg/220px-Watt%2C_A_S.jpg, 1892-06-21, 1985-03-02, 5569
Daniel Simberloff, http://upload.wikimedia.org/wikipedia/commons/thumb/a/a3/Daniel_Simberloff_Porto_20091027.jpg/220px-Daniel_Simberloff_Porto_20091027.jpg, , , 10179
Elissa Sursara, http://upload.wikimedia.org/wikipedia/commons/thumb/2/2e/Elissa_Sursara_in_the_bridge_of_the_MY_Steve_Irwin_for_Sea_Shepherd_Conservation_Society..jpg/220px-Elissa_Sursara_in_the_bridge_of_the_MY_Steve_Irwin_for_Sea_Shepherd_Conservation_Society..jpg, , , 9223
Emma Lucy Braun, http://upload.wikimedia.org/wikipedia/commons/thumb/2/28/Emma_Lucy_Braun_crop.jpg/220px-Emma_Lucy_Braun_crop.jpg, 1889-04-19, 1971-03-05, 7352
Aziz Ab'Sáber, http://upload.wikimedia.org/wikipedia/commons/thumb/2/29/AZIZ-AB-SABER.jpg/220px-AZIZ-AB-SABER.jpg, 1924-10-24, 2012-03-16, 4111
René Dubos, http://upload.wikimedia.org/wikipedia/commons/thumb/e/e1/Ren%C3%A9_Dubos.jpg/220px-Ren%C3%A9_Dubos.jpg, 1901-02-20, 1982-02-20, 16963
C. S. Holling, http://upload.wikimedia.org/wikipedia/commons/thumb/7/76/Buzz_Holling.jpg/220px-Buzz_Holling.jpg, 1930-12-06, , 6957
Aldo Leopold, http://upload.wikimedia.org/wikipedia/commons/thumb/d/d2/Leopold-Murie.jpg/220px-Leopold-Murie.jpg, 1887-01-11, 1948-04-21, 21030
Douglas J. Futuyma, http://upload.wikimedia.org/wikipedia/commons/b/bd/Futuyma2004.png, 1942-04-24, , 7231
Charles Sutherland Elton, http://upload.wikimedia.org/wikipedia/en/thumb/a/ae/Flag_of_the_United_Kingdom.svg/23px-Flag_of_the_United_Kingdom.svg.png, , , 8363
Eugenius Warming, http://upload.wikimedia.org/wikipedia/commons/2/27/Warming%2CEugen-c1900.jpg, 1841-11-03, 1924-04-02, 37158
Robert Whittaker, http://upload.wikimedia.org/wikipedia/en/thumb/0/01/Whittaker-Robert-H-1920-1980.jpg/220px-Whittaker-Robert-H-1920-1980.jpg, 1920-12-27, 1980-10-20, 4852
Sergei Winogradsky, http://upload.wikimedia.org/wikipedia/commons/thumb/b/b5/Sergei_Winogradsky.jpg/220px-Sergei_Winogradsky.jpg, , , 7728
Göte Turesson, http://upload.wikimedia.org/wikipedia/en/thumb/7/74/Turesson_Gote.jpg/220px-Turesson_Gote.jpg, 1892-04-06, 1970-12-30, 4242
Warder Clyde Allee, http://upload.wikimedia.org/wikipedia/en/thumb/8/81/Warder_Clyde_Allee.jpg/90px-Warder_Clyde_Allee.jpg, , 1955-03-19, 12465
Gene Likens, http://upload.wikimedia.org/wikipedia/commons/thumb/2/25/Gene_Likens_2015_Mariel_Carr.JPG/220px-Gene_Likens_2015_Mariel_Carr.JPG, 1935-01-06, , 25416
Howard T. Odum, http://upload.wikimedia.org/wikipedia/commons/thumb/0/0e/Odum%2C_Howard_T.jpg/220px-Odum%2C_Howard_T.jpg, 1924-09-01, 2002-09-11, 44260
G. Evelyn Hutchinson, http://upload.wikimedia.org/wikipedia/en/thumb/2/2b/G_Evelyn_Hutchinson_1935.jpg/220px-G_Evelyn_Hutchinson_1935.jpg, 1903-01-30, 1991-05-17, 26260
Richard Levins, http://upload.wikimedia.org/wikipedia/commons/thumb/1/1c/01-Richard_Levins_at_85th_Birthday_Symposium_Tribute_Dinner_5-23-2015.jpg/220px-01-Richard_Levins_at_85th_Birthday_Symposium_Tribute_Dinner_5-23-2015.jpg, , 2016-01-19, 21438
Jane Lubchenco, http://upload.wikimedia.org/wikipedia/commons/thumb/f/f5/LubchencoJane-NOAA.jpg/220px-LubchencoJane-NOAA.jpg, 1947-12-04, , 46639
E. O. Wilson, http://upload.wikimedia.org/wikipedia/commons/thumb/9/9d/Plos_wilson.jpg/220px-Plos_wilson.jpg, 1929-06-10, , 54621
