name, img, birth, death, length 
Cyril Clarke, http://upload.wikimedia.org/wikipedia/en/thumb/2/28/Cyril_Astley_Clarke_%281907-2000%29.jpg/220px-Cyril_Astley_Clarke_%281907-2000%29.jpg, 1907-08-22, 2000-11-21, 6258
David Altshuler, http://upload.wikimedia.org/wikipedia/commons/thumb/5/58/David_Altshuler.jpg/220px-David_Altshuler.jpg, , , 8263
Arturo Falaschi, http://upload.wikimedia.org/wikipedia/commons/4/44/Arturo_Falaschi_2.jpg, 1933-01-21, 2010-06-01, 4581
Baruj Benacerraf, http://upload.wikimedia.org/wikipedia/en/a/a1/Baruj_Benacerraf.jpg, 1920-10-29, 2011-08-02, 24489
Hugo de Vries, http://upload.wikimedia.org/wikipedia/commons/thumb/e/e5/Hugo_de_Vries.jpg/150px-Hugo_de_Vries.jpg, 1848-02-16, 1935-05-21, 17498
James F. Crow, http://upload.wikimedia.org/wikipedia/en/3/3d/James_F_Crow.jpg, 1916-01-18, 2012-01-04, 18517
Jean-Pierre Changeux, http://upload.wikimedia.org/wikipedia/commons/9/96/JPChangeux-small.jpg, 1936-04-06, , 38463
Guido Barbujani, http://upload.wikimedia.org/wikipedia/commons/thumb/2/26/Guido_Barbujani.jpg/220px-Guido_Barbujani.jpg, 1955-01-31, , 6983
Charlotte Auerbach, http://upload.wikimedia.org/wikipedia/en/thumb/2/2b/Charlotte_Auerbach.jpg/220px-Charlotte_Auerbach.jpg, 1899-05-14, 1994-03-17, 13434
James Collins (bioengineer), http://upload.wikimedia.org/wikipedia/commons/4/4a/Jimcollins.jpg, 1965-06-26, , 10635
Linda B. Buck, http://upload.wikimedia.org/wikipedia/commons/thumb/1/1f/LindaBuck_cropped_1.jpg/220px-LindaBuck_cropped_1.jpg, 1947-01-29, , 13754
Luther Burbank, http://upload.wikimedia.org/wikipedia/commons/thumb/9/93/Luther_Burbank_cph.3a00184.jpg/180px-Luther_Burbank_cph.3a00184.jpg, 1849-03-07, 1926-04-11, 28986
Herbert McLean Evans, http://upload.wikimedia.org/wikipedia/commons/thumb/7/7d/Herbert_McLean_Evans_1927.jpg/220px-Herbert_McLean_Evans_1927.jpg, 1882-09-23, 1971-03-06, 5873
Sydney Brenner, http://upload.wikimedia.org/wikipedia/commons/thumb/f/fd/EMLederberg_GStent_SBrenner_JLederberg_1965_wiki.jpg/270px-EMLederberg_GStent_SBrenner_JLederberg_1965_wiki.jpg, 1927-01-13, , 26420
Andrew Fire, http://upload.wikimedia.org/wikipedia/commons/7/7e/Andrew_Fire%2C_Stanford_University.jpg, 1959-04-27, , 12690
Charles David Allis, http://upload.wikimedia.org/wikipedia/commons/thumb/a/a2/C._David_Allis.jpg/220px-C._David_Allis.jpg, 1951-03-22, , 5923
Eugen Fischer, http://upload.wikimedia.org/wikipedia/en/thumb/0/0d/Eugen_Fischer.jpg/250px-Eugen_Fischer.jpg, 1874-07-05, 1967-07-09, 14198
Martin Evans, http://upload.wikimedia.org/wikipedia/commons/thumb/8/83/Martin_Evans_Nobel_Prize.jpg/220px-Martin_Evans_Nobel_Prize.jpg, 1941-01-01, , 23346
Werner Arber, http://upload.wikimedia.org/wikipedia/commons/thumb/7/76/Werner_Arber_at_Biozentrum%2C_University_of_Basel_%28cropped%29.jpg/200px-Werner_Arber_at_Biozentrum%2C_University_of_Basel_%28cropped%29.jpg, 1929-06-03, , 15045
E. B. Ford, http://upload.wikimedia.org/wikipedia/en/c/cc/E_B_Ford.jpg, 1901-04-23, 1988-01-02, 14478
Margaret Oakley Dayhoff, http://upload.wikimedia.org/wikipedia/commons/thumb/d/d5/Margaret_Oakley_Dayhoff_cropped.jpg/220px-Margaret_Oakley_Dayhoff_cropped.jpg, 1925-03-11, 1983-02-05, 15860
Douglas J. Futuyma, http://upload.wikimedia.org/wikipedia/commons/b/bd/Futuyma2004.png, 1942-04-24, , 7231
Luigi Luca Cavalli-Sforza, http://upload.wikimedia.org/wikipedia/commons/thumb/b/ba/Luigi_Luca_Cavalli-Sforza_-_Capo_di_Ponte_%28Foto_Luca_Giarelli%29.jpg/220px-Luigi_Luca_Cavalli-Sforza_-_Capo_di_Ponte_%28Foto_Luca_Giarelli%29.jpg, 1922-01-25, , 8959
Lucien Cuénot, http://upload.wikimedia.org/wikipedia/commons/thumb/f/f0/Le_biologiste_Lucien_CUENOT_%281866-1951%29.JPG/150px-Le_biologiste_Lucien_CUENOT_%281866-1951%29.JPG, , 1951-01-08, 8615
Thomas Cech, http://upload.wikimedia.org/wikipedia/commons/thumb/6/68/Thomas_Robert_Cech.jpg/220px-Thomas_Robert_Cech.jpg, 1947-12-08, , 24125
Félix d'Herelle, http://upload.wikimedia.org/wikipedia/en/d/df/Felix_d%27Herelle.png, , 1949-02-22, 22772
Max Delbrück, http://upload.wikimedia.org/wikipedia/commons/thumb/b/bb/Max_Delbruck.jpg/220px-Max_Delbruck.jpg, 1906-09-04, 1981-03-09, 17797
Dagfinn Aarskog, http://upload.wikimedia.org/wikipedia/en/a/a8/Dagfinn_Aarskog.jpg, 1928-12-10, 2014-05-27, 1315
John Desmond Bernal, http://upload.wikimedia.org/wikipedia/en/thumb/b/b9/John_Desmond_Bernal.jpg/150px-John_Desmond_Bernal.jpg, 1901-05-10, 1971-09-15, 23397
Carl Correns, http://upload.wikimedia.org/wikipedia/commons/thumb/8/8e/Carl_Correns_1910s.jpg/220px-Carl_Correns_1910s.jpg, , , 6543
David Botstein, http://upload.wikimedia.org/wikipedia/commons/thumb/3/3d/Plos_botstein.jpg/220px-Plos_botstein.jpg, 1942-09-08, , 8322
Walter Jakob Gehring, http://upload.wikimedia.org/wikipedia/commons/thumb/f/f6/Walter_Jakob_Gehring_2014.jpg/220px-Walter_Jakob_Gehring_2014.jpg, , , 3945
Bruce Ames, http://upload.wikimedia.org/wikipedia/commons/0/0c/Bruce_Ames.jpg, 1928-12-16, , 21144
Aaron Ciechanover, http://upload.wikimedia.org/wikipedia/commons/thumb/d/dc/Aaron_Ciechanover_01.JPG/220px-Aaron_Ciechanover_01.JPG, 1947-10-01, , 9474
Stanley Cohen (biochemist), http://upload.wikimedia.org/wikipedia/commons/5/51/Stanley_Cohen-Biochemist.jpg, 1922-11-17, , 19037
Frederick Griffith, http://upload.wikimedia.org/wikipedia/en/thumb/f/f4/Griffithm.jpg/140px-Griffithm.jpg, 1879, , 13507
Alan Garen, http://upload.wikimedia.org/wikipedia/en/thumb/a/a4/Flag_of_the_United_States.svg/23px-Flag_of_the_United_States.svg.png, , , 1290
Heinz Fraenkel-Conrat, http://upload.wikimedia.org/wikipedia/commons/thumb/0/09/Fraenkel-Conrat.jpg/150px-Fraenkel-Conrat.jpg, 1910-07-29, 1999-04-11, 3284
Leroy Hood, http://upload.wikimedia.org/wikipedia/commons/thumb/f/f5/Lee_Hood%2C_MD%2C_PhD%2C_President_and_Co-found_of_the_Institute_for_Systems_Biology.jpg/220px-Lee_Hood%2C_MD%2C_PhD%2C_President_and_Co-found_of_the_Institute_for_Systems_Biology.jpg, 1938-10-10, , 26437
Leonard Herzenberg, http://upload.wikimedia.org/wikipedia/commons/thumb/8/8e/LenHerzenberg.jpg/220px-LenHerzenberg.jpg, 1931-11-05, 2013-10-27, 4982
G. H. Hardy, http://upload.wikimedia.org/wikipedia/commons/thumb/3/35/Ghhardy%4072.jpg/220px-Ghhardy%4072.jpg, 1877-02-07, 1947-12-01, 21744
W. D. Hamilton, http://upload.wikimedia.org/wikipedia/en/thumb/9/92/W_D_Hamilton.jpg/200px-W_D_Hamilton.jpg, 1936-08-01, 2000-03-07, 20382
Archibald Garrod, http://upload.wikimedia.org/wikipedia/commons/thumb/3/3a/Archibald_Edward_Garrod.jpg/230px-Archibald_Edward_Garrod.jpg, 1857-11-25, 1936-03-28, 8406
Alfred Hershey, http://upload.wikimedia.org/wikipedia/commons/thumb/9/9f/Alfred_Hershey.jpg/150px-Alfred_Hershey.jpg, 1908-12-04, 1997-05-22, 11615
Walter Gilbert, http://upload.wikimedia.org/wikipedia/commons/thumb/7/72/Walter_Gilbert_HD2008_portrait.JPG/220px-Walter_Gilbert_HD2008_portrait.JPG, 1932-03-21, , 13603
Rudolf Jaenisch, http://upload.wikimedia.org/wikipedia/commons/thumb/e/e6/Jaenisch_2003_by_Sam_Ogden.jpg/220px-Jaenisch_2003_by_Sam_Ogden.jpg, 1942-04-22, , 8339
Richard Anthony Jefferson, http://upload.wikimedia.org/wikipedia/commons/thumb/3/3f/Richard_A_Jefferson.jpg/220px-Richard_A_Jefferson.jpg, , , 13418
François Jacob, http://upload.wikimedia.org/wikipedia/commons/thumb/8/8b/Fran%C3%A7ois_Jacob_nobel.jpg/220px-Fran%C3%A7ois_Jacob_nobel.jpg, 1920-06-17, 2013-04-19, 19812
Albert Jacquard, http://upload.wikimedia.org/wikipedia/commons/thumb/6/6f/Albert_Jacquard_-_May_2009.jpg/220px-Albert_Jacquard_-_May_2009.jpg, 1925-12-23, 2013-09-11, 6663
Martin Heisenberg, http://upload.wikimedia.org/wikipedia/commons/thumb/5/51/MartinHeisenberg.jpg/220px-MartinHeisenberg.jpg, 1940-08-07, , 6971
Harvey Itano, http://upload.wikimedia.org/wikipedia/commons/thumb/f/f3/Sacramento%2C_California._Harvey_Akio_Itano%2C_1942_graduate_of_the_University_of_California%2C_who_recei_._._._-_NARA_-_537776.jpg/220px-Sacramento%2C_California._Harvey_Akio_Itano%2C_1942_graduate_of_the_University_of_California%2C_who_recei_._._._-_NARA_-_537776.jpg, 1920-11-03, 2010-05-08, 7250
Avram Hershko, http://upload.wikimedia.org/wikipedia/commons/thumb/d/df/Flickr_-_Government_Press_Office_%28GPO%29_-_Nobel_Laureate_Avram_Hershko.jpg/220px-Flickr_-_Government_Press_Office_%28GPO%29_-_Nobel_Laureate_Avram_Hershko.jpg, 1937-12-31, , 11588
A. W. F. Edwards, http://upload.wikimedia.org/wikipedia/commons/thumb/4/42/Anthony_William_Fairbank_Edwards_FRS.jpg/220px-Anthony_William_Fairbank_Edwards_FRS.jpg, 1935-10-04, , 7911
Robert W. Holley, http://upload.wikimedia.org/wikipedia/en/thumb/8/88/Robert_W._Holley_nobel.jpg/220px-Robert_W._Holley_nobel.jpg, 1922-01-28, 1993-02-11, 8246
Carrie Derick, http://upload.wikimedia.org/wikipedia/commons/thumb/8/8a/Carrie_Derick.jpg/220px-Carrie_Derick.jpg, 1862-01-14, 1941-11-10, 5556
Martha Chase, http://upload.wikimedia.org/wikipedia/commons/thumb/a/aa/Martha_Chase.jpg/220px-Martha_Chase.jpg, 1927-11-30, 2003-08-08, 3093
Oswald Avery, http://upload.wikimedia.org/wikipedia/commons/thumb/e/eb/Oswald_T._Avery_portrait_1937.jpg/220px-Oswald_T._Avery_portrait_1937.jpg, 1877-10-21, 1955-02-20, 12995
Julia Bodmer, http://upload.wikimedia.org/wikipedia/en/thumb/0/03/Julia_Gwynaeth_Bodmer.jpg/220px-Julia_Gwynaeth_Bodmer.jpg, 1934-07-31, 2001-01-29, 4481
Elizabeth Blackburn, http://upload.wikimedia.org/wikipedia/commons/thumb/2/24/Elizabeth_Blackburn_CHF_Heritage_Day_2012_Rush_001.JPG/180px-Elizabeth_Blackburn_CHF_Heritage_Day_2012_Rush_001.JPG, 1948-11-26, , 20370
Michael Ashburner, http://upload.wikimedia.org/wikipedia/commons/thumb/a/a3/Plos_ashburner.jpg/150px-Plos_ashburner.jpg, 1942-05-23, , 20613
Roscoe Brady, http://upload.wikimedia.org/wikipedia/commons/thumb/c/c2/Roscoe_O._Brady.jpg/220px-Roscoe_O._Brady.jpg, 1923-10-11, 2016-06-14, 8173
Richard Axel, http://upload.wikimedia.org/wikipedia/commons/thumb/4/49/Professor_Richard_Axel_ForMemRS.jpg/220px-Professor_Richard_Axel_ForMemRS.jpg, 1946-07-02, , 17107
William Bateson, http://upload.wikimedia.org/wikipedia/commons/thumb/a/a7/Bateson2.jpg/220px-Bateson2.jpg, , 1926-02-08, 17420
John Brookfield, http://upload.wikimedia.org/wikipedia/commons/thumb/3/3a/Professor_John_Brookfield.JPG/220px-Professor_John_Brookfield.JPG, 1955-05-30, , 5197
Herbert Boyer, http://upload.wikimedia.org/wikipedia/commons/thumb/1/1c/Herbert_Boyer_HD2005_Winthrop_Sears_Medal.JPG/220px-Herbert_Boyer_HD2005_Winthrop_Sears_Medal.JPG, 1936-07-10, , 16606
Günter Blobel, http://upload.wikimedia.org/wikipedia/commons/thumb/c/c3/Gunter_Blobel_2008_1.JPG/250px-Gunter_Blobel_2008_1.JPG, 1936-05-21, , 15264
Theodor Boveri, http://upload.wikimedia.org/wikipedia/commons/thumb/1/14/Theodor_Boveri_high_res-2.jpg/150px-Theodor_Boveri_high_res-2.jpg, , 1915-10-16, 4906
George Beadle, http://upload.wikimedia.org/wikipedia/en/2/24/George_Wells_Beadle.jpg, 1903-10-22, 1989-06-09, 14377
Erwin Chargaff, http://upload.wikimedia.org/wikipedia/en/thumb/a/a1/Erwin_Chargaff.jpg/220px-Erwin_Chargaff.jpg, 1905-08-11, 2002-06-20, 22062
Theodosius Dobzhansky, http://upload.wikimedia.org/wikipedia/en/thumb/2/2f/Theodosius_Dobzhansky.jpg/200px-Theodosius_Dobzhansky.jpg, 1900-01-25, 1975-12-18, 26132
George M. Church, http://upload.wikimedia.org/wikipedia/commons/thumb/d/da/George_Church_for_the_PGP.jpg/206px-George_Church_for_the_PGP.jpg, 1954-08-28, , 40778
Baruch Samuel Blumberg, http://upload.wikimedia.org/wikipedia/commons/thumb/c/c1/Baruch_Samuel_Blumberg_by_Tom_Trower_%28NASA%29.jpg/220px-Baruch_Samuel_Blumberg_by_Tom_Trower_%28NASA%29.jpg, 1925-07-28, 2011-04-05, 17907
J. Michael Bishop, http://upload.wikimedia.org/wikipedia/commons/thumb/3/32/Nci-vol-8172-300_j_michael_bishop.jpg/150px-Nci-vol-8172-300_j_michael_bishop.jpg, 1936-02-22, , 19713
Paul Berg, http://upload.wikimedia.org/wikipedia/commons/thumb/8/88/Paul_Berg_in_1980.jpg/250px-Paul_Berg_in_1980.jpg, 1926-06-30, , 25163
Bruce Alberts, http://upload.wikimedia.org/wikipedia/commons/thumb/d/d9/Bruce_Alberts.png/220px-Bruce_Alberts.png, 1938-04-14, , 20707
Michael Stuart Brown, http://upload.wikimedia.org/wikipedia/commons/thumb/9/9c/Mike_Brown_2003.jpg/180px-Mike_Brown_2003.jpg, 1941-04-13, , 37497
Ronald Fisher, http://upload.wikimedia.org/wikipedia/commons/thumb/3/37/Biologist_and_statistician_Ronald_Fisher.jpg/220px-Biologist_and_statistician_Ronald_Fisher.jpg, 1890-02-17, 1962-07-29, 46817
Francis Galton, http://upload.wikimedia.org/wikipedia/commons/thumb/e/ec/Francis_Galton_1850s.jpg/220px-Francis_Galton_1850s.jpg, 1822-02-16, 1911-01-17, 45825
David Baltimore, http://upload.wikimedia.org/wikipedia/commons/thumb/e/e1/Dr._David_Baltimore2.jpg/220px-Dr._David_Baltimore2.jpg, 1938-03-07, , 56636
Irving Gottesman, http://upload.wikimedia.org/wikipedia/en/thumb/8/8d/Irving_Gottesman.jpg/300px-Irving_Gottesman.jpg, 1930-12-29, 2016-06-29, 39341
Alec Jeffreys, http://upload.wikimedia.org/wikipedia/commons/thumb/e/ec/Alec_Jeffreys.jpg/220px-Alec_Jeffreys.jpg, 1950-01-09, , 20453
Aaron Klug, http://upload.wikimedia.org/wikipedia/commons/thumb/a/a5/Aaron_Klug_1979.jpg/220px-Aaron_Klug_1979.jpg, 1926-08-11, , 16941
Franz Josef Kallmann, http://upload.wikimedia.org/wikipedia/commons/thumb/9/9b/Franz_J._Kallmann.jpg/220px-Franz_J._Kallmann.jpg, 1897-07-24, 1965-05-12, 3181
Steve Jones (biologist), http://upload.wikimedia.org/wikipedia/commons/thumb/d/d7/Steve_Jones.png/220px-Steve_Jones.png, 1944-03-24, , 16395
Cynthia Kenyon, http://upload.wikimedia.org/wikipedia/commons/thumb/b/be/Cyntia_Kenyon_01.JPG/275px-Cyntia_Kenyon_01.JPG, 1954-02-21, , 6768
Wilhelm Johannsen, http://upload.wikimedia.org/wikipedia/commons/thumb/3/36/Wilhelm_Johannsen_1857-1927.jpg/220px-Wilhelm_Johannsen_1857-1927.jpg, 1857-02-03, 1927-11-11, 5173
Christian de Duve, http://upload.wikimedia.org/wikipedia/commons/thumb/c/cf/Christian_de_Duve.tif/lossy-page1-220px-Christian_de_Duve.tif.jpg, 1917-10-02, 2013-05-04, 41425
Mario Capecchi, http://upload.wikimedia.org/wikipedia/commons/thumb/4/47/MarioCapecchiFotoThalerTamas.JPG/220px-MarioCapecchiFotoThalerTamas.JPG, 1937-10-06, , 30018
Carol W. Greider, http://upload.wikimedia.org/wikipedia/commons/thumb/d/d1/GREIDER_Carol_2014_-_Less_vignetting.jpg/200px-GREIDER_Carol_2014_-_Less_vignetting.jpg, 1961-04-15, , 20738
Dorothy Hodgkin, http://upload.wikimedia.org/wikipedia/en/thumb/3/3f/Dorothy_Hodgkin_Nobel.jpg/225px-Dorothy_Hodgkin_Nobel.jpg, 1910-05-12, 1994-07-29, 29914
J. B. S. Haldane, http://upload.wikimedia.org/wikipedia/commons/3/3b/J._B._S._Haldane.jpg, 1892-11-05, 1964-12-01, 48013
Joseph L. Goldstein, http://upload.wikimedia.org/wikipedia/commons/thumb/5/5f/Joseph_Goldstein.jpg/280px-Joseph_Goldstein.jpg, 1940-04-18, , 33342
Michael Stebbins, http://upload.wikimedia.org/wikipedia/commons/thumb/b/b1/Michael_Stebbins_CAIN2008_podium.jpg/220px-Michael_Stebbins_CAIN2008_podium.jpg, 1971-03-23, , 2424
Ruth Sanger, http://upload.wikimedia.org/wikipedia/commons/thumb/f/ff/Ruth_Sanger_c1950.jpg/220px-Ruth_Sanger_c1950.jpg, , 2001-06-05, 2870
Piotr Słonimski, http://upload.wikimedia.org/wikipedia/commons/thumb/b/b5/Piotr_Skominski.jpg/220px-Piotr_Skominski.jpg, 1922-11-09, 2009-04-25, 3759
Hamilton O. Smith, http://upload.wikimedia.org/wikipedia/commons/thumb/c/c0/Hamilton_Smith%2C_2.jpg/220px-Hamilton_Smith%2C_2.jpg, 1931-08-23, , 8614
Liane Russell, http://upload.wikimedia.org/wikipedia/en/thumb/b/b2/Liane_Russell.jpg/220px-Liane_Russell.jpg, 1923-08-27, , 5122
Oliver Smithies, http://upload.wikimedia.org/wikipedia/commons/thumb/0/07/Oliver_Smithies_HD2009_AIC_Gold_Medal_portrait_%28cropped%29.JPG/220px-Oliver_Smithies_HD2009_AIC_Gold_Medal_portrait_%28cropped%29.JPG, 1925-06-23, 2017-01-10, 17644
Rajeev Kumar Varshney, http://upload.wikimedia.org/wikipedia/commons/7/71/Rajeev_kumar_varshney_%28reupload%29.jpg, 1973-07-13, , 16241
Michael Smith (chemist), http://upload.wikimedia.org/wikipedia/en/d/d6/Michaelsmith.jpg, 1932-04-26, 2000-10-04, 22542
Edward Tatum, http://upload.wikimedia.org/wikipedia/en/thumb/3/32/Edward_Lawrie_Tatum_nobel.jpg/220px-Edward_Lawrie_Tatum_nobel.jpg, , 1975-11-05, 6886
William S. Sly, http://upload.wikimedia.org/wikipedia/commons/thumb/a/a0/WSSly-Color.jpg/220px-WSSly-Color.jpg, 1932-10-19, , 6351
Jerome Vinograd, http://upload.wikimedia.org/wikipedia/commons/thumb/9/90/Vinograd-signature.svg/128px-Vinograd-signature.svg.png, 1913-02-09, 1976-07-07, 1208
Tim Hunt, http://upload.wikimedia.org/wikipedia/commons/thumb/a/a3/Tim_Hunt_at_UCSF_05_2009_%284%29.jpg/220px-Tim_Hunt_at_UCSF_05_2009_%284%29.jpg, 1943-02-19, , 40793
Lewis Stadler, http://upload.wikimedia.org/wikipedia/commons/thumb/c/c0/Lewis-Stadler-NIH.jpg/150px-Lewis-Stadler-NIH.jpg, , 1954-05-13, 4069
Spencer Wells, http://upload.wikimedia.org/wikipedia/commons/thumb/7/7a/Spencer_Wells.jpg/220px-Spencer_Wells.jpg, 1969-04-06, , 8533
James B. Sumner, http://upload.wikimedia.org/wikipedia/commons/thumb/8/84/James_Batcheller_Sumner.jpg/220px-James_Batcheller_Sumner.jpg, 1887-11-19, 1955-08-12, 9807
Edwin Southern, http://upload.wikimedia.org/wikipedia/commons/thumb/f/f3/Edwin_Mellor_Southern_-_journal.pgen.1003344.g001.png/200px-Edwin_Mellor_Southern_-_journal.pgen.1003344.g001.png, 1938-06-07, , 8716
Gunther Stent, http://upload.wikimedia.org/wikipedia/commons/thumb/f/fd/EMLederberg_GStent_SBrenner_JLederberg_1965_wiki.jpg/220px-EMLederberg_GStent_SBrenner_JLederberg_1965_wiki.jpg, 1924-03-28, 2008-06-12, 8011
Hans Spemann, http://upload.wikimedia.org/wikipedia/commons/thumb/8/82/Hans_Spemann_nobel.jpg/180px-Hans_Spemann_nobel.jpg, 1869-06-27, 1941-09-09, 11837
Nettie Stevens, http://upload.wikimedia.org/wikipedia/commons/thumb/d/d7/Nettie_Stevens.jpg/220px-Nettie_Stevens.jpg, 1861-07-07, 1912-05-04, 16157
Jack W. Szostak, http://upload.wikimedia.org/wikipedia/commons/thumb/1/1a/Jack-szostak.jpg/220px-Jack-szostak.jpg, 1952-11-09, , 13162
David Suzuki, http://upload.wikimedia.org/wikipedia/commons/thumb/8/80/Right_Livelihood_Award_2009-press_conference-6.jpg/220px-Right_Livelihood_Award_2009-press_conference-6.jpg, 1936-03-24, , 23112
Walter Sutton, http://upload.wikimedia.org/wikipedia/commons/4/43/Walter_sutton.jpg, , , 7571
Lap-Chee Tsui, http://upload.wikimedia.org/wikipedia/commons/thumb/d/db/Professor_Lap-Chee_Tsui.jpg/220px-Professor_Lap-Chee_Tsui.jpg, 1950-12-21, , 10261
Erich von Tschermak, http://upload.wikimedia.org/wikipedia/commons/thumb/6/6c/Acta_Horti_berg._-_1905_-_tafl._124._-_Erich_Tschermak.jpg/150px-Acta_Horti_berg._-_1905_-_tafl._124._-_Erich_Tschermak.jpg, , , 2687
Susumu Tonegawa, http://upload.wikimedia.org/wikipedia/commons/thumb/1/16/ST_Photo.jpg/220px-ST_Photo.jpg, 1939-09-05, , 14181
Nikolai Vavilov, http://upload.wikimedia.org/wikipedia/commons/thumb/b/bd/Nikolai_Vavilov_NYWTS.jpg/220px-Nikolai_Vavilov_NYWTS.jpg, 1887-11-25, 1943-01-26, 14569
Peter Walter, http://upload.wikimedia.org/wikipedia/commons/thumb/d/d2/SquarePortrait_PeterWalter1.jpg/220px-SquarePortrait_PeterWalter1.jpg, 1954-12-05, , 8907
C. H. Waddington, http://upload.wikimedia.org/wikipedia/en/thumb/9/9d/Conrad_Hal_Waddington.jpg/220px-Conrad_Hal_Waddington.jpg, , 1975-09-27, 18768
David Weatherall, http://upload.wikimedia.org/wikipedia/commons/thumb/0/08/Jeremy_Farrar_and_David_Weatherall_at_RILD_launch_%2814425802043%29.jpg/220px-Jeremy_Farrar_and_David_Weatherall_at_RILD_launch_%2814425802043%29.jpg, 1933-03-09, , 6799
Jantina Tammes, http://upload.wikimedia.org/wikipedia/commons/thumb/e/e0/Jantina_Tammes.jpg/220px-Jantina_Tammes.jpg, 1871-06-23, 1947-09-20, 4378
Joe Hin Tjio, http://upload.wikimedia.org/wikipedia/commons/thumb/f/f4/Joe_Hin_Tjio.jpg/220px-Joe_Hin_Tjio.jpg, 1919-11-02, 2001-11-27, 3318
Eric F. Wieschaus, http://upload.wikimedia.org/wikipedia/commons/thumb/b/bd/Wieschaus_ecal2011.jpg/220px-Wieschaus_ecal2011.jpg, 1947-06-08, , 10746
Edmund Beecher Wilson, http://upload.wikimedia.org/wikipedia/commons/thumb/c/c2/PSM_V72_D291_Edmund_Beecher_Wilson.png/150px-PSM_V72_D291_Edmund_Beecher_Wilson.png, 1856-10-19, 1939-03-03, 7398
Frank Macfarlane Burnet, http://upload.wikimedia.org/wikipedia/commons/thumb/5/5b/Frank_Macfarlane_Burnet.jpg/250px-Frank_Macfarlane_Burnet.jpg, 1899-09-03, 1985-08-31, 73890
Jean Dausset, http://upload.wikimedia.org/wikipedia/commons/thumb/9/98/Jean_Dausset_1968.jpg/200px-Jean_Dausset_1968.jpg, 1916-10-19, 2009-06-06, 20898
Kay Davies, http://upload.wikimedia.org/wikipedia/commons/thumb/e/e8/Kay_Davies_portrait_2008.jpg/200px-Kay_Davies_portrait_2008.jpg, 1951-04-01, , 8848
Michael Heidelberger, http://upload.wikimedia.org/wikipedia/commons/thumb/a/a6/Michael_Heidelberger_1954.jpg/200px-Michael_Heidelberger_1954.jpg, 1888-04-29, 1991-06-25, 25837
Cyril Burt, http://upload.wikimedia.org/wikipedia/commons/thumb/e/ee/Cyril_Burt_1930s.jpg/220px-Cyril_Burt_1930s.jpg, 1883-03-03, 1971-10-10, 29645
Sidney Altman, http://upload.wikimedia.org/wikipedia/commons/5/57/Sidney_Altman_crop.jpg, 1939-05-07, , 10948
Francis Crick, http://upload.wikimedia.org/wikipedia/commons/thumb/9/99/Francis_Crick_crop.jpg/250px-Francis_Crick_crop.jpg, , 2004-07-28, 93355
Charles Darwin, http://upload.wikimedia.org/wikipedia/commons/thumb/2/2e/Charles_Darwin_seated_crop.jpg/220px-Charles_Darwin_seated_crop.jpg, 1809-02-12, 1882-04-19, 99520
Rosalind Franklin, http://upload.wikimedia.org/wikipedia/en/thumb/9/97/Rosalind_Franklin.jpg/220px-Rosalind_Franklin.jpg, 1920-07-25, 1958-04-16, 95374
Bert Vogelstein, http://upload.wikimedia.org/wikipedia/commons/thumb/2/23/Bert_Vogelstein_giving_the_Trent_Lecture.jpg/220px-Bert_Vogelstein_giving_the_Trent_Lecture.jpg, 1949-06-02, , 23227
Craig Venter, http://upload.wikimedia.org/wikipedia/commons/thumb/8/8f/Craigventer2.jpg/220px-Craigventer2.jpg, 1946-10-14, , 46046
E. Donnall Thomas, http://upload.wikimedia.org/wikipedia/commons/thumb/c/cc/Edward_Donnall_%22Don%22_Thomas.jpg/230px-Edward_Donnall_%22Don%22_Thomas.jpg, 1920-03-15, 2012-10-20, 22108
Lucy Shapiro, http://upload.wikimedia.org/wikipedia/commons/thumb/5/5c/Bacteria-3D-Double-Helix.jpg/175px-Bacteria-3D-Double-Helix.jpg, 1940-07-16, , 27157
John Sulston, http://upload.wikimedia.org/wikipedia/commons/thumb/b/bc/John_Sulston.jpg/220px-John_Sulston.jpg, 1942-03-27, , 22607
G. Ledyard Stebbins, http://upload.wikimedia.org/wikipedia/en/thumb/f/fa/G_Ledyard_Stebbins.jpg/220px-G_Ledyard_Stebbins.jpg, 1906-01-06, 2000-01-19, 43711
Harold E. Varmus, http://upload.wikimedia.org/wikipedia/commons/thumb/5/5a/HEVarmus.jpg/220px-HEVarmus.jpg, 1939-12-18, , 47015
M. S. Swaminathan, http://upload.wikimedia.org/wikipedia/commons/thumb/3/37/Monkombu_Sambasivan_Swaminathan_-_Kolkata_2013-01-07_2674.JPG/250px-Monkombu_Sambasivan_Swaminathan_-_Kolkata_2013-01-07_2674.JPG, 1925-08-07, , 50188
Sewall Wright, http://upload.wikimedia.org/wikipedia/en/thumb/8/81/Sewall_Wright.jpg/150px-Sewall_Wright.jpg, 1889-12-21, 1988-03-03, 24121
Motoo Kimura, http://upload.wikimedia.org/wikipedia/en/4/48/Motoo_Kimura.jpg, , 1994-11-14, 10598
Esther Lederberg, http://upload.wikimedia.org/wikipedia/commons/thumb/1/15/Esther_Lab.jpg/220px-Esther_Lab.jpg, 1922-12-18, 2006-11-11, 24033
Susan Lindquist, http://upload.wikimedia.org/wikipedia/commons/thumb/9/97/Professor_Susan_Lindquist_ForMemRS.jpg/220px-Professor_Susan_Lindquist_ForMemRS.jpg, 1949-06-05, 2016-10-27, 17941
Edwin G. Krebs, http://upload.wikimedia.org/wikipedia/en/9/9e/Edwin_G._Krebs.jpg, 1918-06-06, 2009-12-21, 12487
Hans Kornberg, http://upload.wikimedia.org/wikipedia/commons/1/1f/Sir_Hans_Kornberg.jpg, 1928-01-14, , 5655
John Kendrew, http://upload.wikimedia.org/wikipedia/commons/thumb/e/ed/John_Kendrew_Nobel.jpg/200px-John_Kendrew_Nobel.jpg, 1917-03-24, 1997-08-23, 12758
Jérôme Lejeune, http://upload.wikimedia.org/wikipedia/commons/thumb/9/99/J%C3%A9r%C3%B4me_Lejeune.TIF/lossy-page1-220px-J%C3%A9r%C3%B4me_Lejeune.TIF.jpg, 1926-06-13, 1994-04-03, 12883
Karl Landsteiner, http://upload.wikimedia.org/wikipedia/en/thumb/e/e0/Karl_Landsteiner_nobel.jpg/220px-Karl_Landsteiner_nobel.jpg, 1868-06-14, 1943-06-26, 13498
Alfred G. Knudson, http://upload.wikimedia.org/wikipedia/commons/thumb/9/94/Nci-vol-8196-300_alfred_knudson.jpg/220px-Nci-vol-8196-300_alfred_knudson.jpg, 1922-08-09, 2016-07-10, 5743
Mary-Claire King, http://upload.wikimedia.org/wikipedia/commons/thumb/7/77/Mary-claire_king.jpg/200px-Mary-claire_king.jpg, 1946-02-27, , 15707
Niels Kaj Jerne, http://upload.wikimedia.org/wikipedia/en/3/39/Niels_Kaj_Jerne.gif, , 1994-10-07, 12038
Axel Kahn, http://upload.wikimedia.org/wikipedia/commons/thumb/b/b6/Axel_Kahn_par_Claude_Truong-Ngoc_octobre_2015.jpg/220px-Axel_Kahn_par_Claude_Truong-Ngoc_octobre_2015.jpg, 1944-09-05, , 6717
Richard Lenski, http://upload.wikimedia.org/wikipedia/commons/thumb/6/69/Richard_Lenski_with_Long-Term_Flasks_and_Incubator_on_May_26%2C_2016.jpg/220px-Richard_Lenski_with_Long-Term_Flasks_and_Incubator_on_May_26%2C_2016.jpg, 1956-08-13, , 9510
Roger D. Kornberg, http://upload.wikimedia.org/wikipedia/commons/thumb/2/24/Roger_Kornberg_%28Nobel_Medicine_or_Physiology_2006%29_in_Stockholm%2C_June_2016.jpg/220px-Roger_Kornberg_%28Nobel_Medicine_or_Physiology_2006%29_in_Stockholm%2C_June_2016.jpg, 1947-04-24, , 17123
Eric Lander, http://upload.wikimedia.org/wikipedia/commons/thumb/f/fa/Dr_Eric_Lander%2C_Director_of_the_Broad_Institute_of_MIT_and_Harvard.jpg/220px-Dr_Eric_Lander%2C_Director_of_the_Broad_Institute_of_MIT_and_Harvard.jpg, 1957-02-03, , 16195
Maurice Wilkins, http://upload.wikimedia.org/wikipedia/commons/thumb/7/7f/Maurice_H_F_Wilkins.jpg/220px-Maurice_H_F_Wilkins.jpg, 1916-12-15, 2004-10-05, 31676
Allan Wilson, http://upload.wikimedia.org/wikipedia/en/5/5c/Allan_C_Wilson.png, 1934-10-18, 1991-07-21, 16500
Moira MacTaggert, http://upload.wikimedia.org/wikipedia/en/5/54/Mactaggert_1.jpg, , , 25129
Rolf M. Zinkernagel, http://upload.wikimedia.org/wikipedia/commons/thumb/4/47/Rolf_Zinkernagel_Erudite_Conclave_medical_college_trivandrum.jpg/220px-Rolf_Zinkernagel_Erudite_Conclave_medical_college_trivandrum.jpg, 1944-01-06, , 8970
David Sloan Wilson, http://upload.wikimedia.org/wikipedia/commons/thumb/6/6f/David-sloan-wilson-leaning.png/200px-David-sloan-wilson-leaning.png, , , 8033
Andrew Wells, http://upload.wikimedia.org/wikipedia/en/thumb/8/82/Btvs-andrew.jpg/220px-Btvs-andrew.jpg, , , 16859
Seymour Benzer, http://upload.wikimedia.org/wikipedia/commons/thumb/3/39/Seymour_Benzer.gif/220px-Seymour_Benzer.gif, 1921-10-15, 2007-11-30, 28729
Glucose-6-phosphate dehydrogenase, http://upload.wikimedia.org/wikipedia/commons/thumb/5/50/G6PD_sites_labeled.png/220px-G6PD_sites_labeled.png, , , 19017
David T. Lykken, http://upload.wikimedia.org/wikipedia/commons/8/8f/20lykken.jpg, 1928-06-18, 2006-09-15, 5309
Felix Mitelman, http://upload.wikimedia.org/wikipedia/commons/thumb/c/c3/Felix_Mitelman.JPG/220px-Felix_Mitelman.JPG, 1940-08-26, , 3653
Trofim Lysenko, http://upload.wikimedia.org/wikipedia/commons/thumb/e/ee/Trofim_Lysenko_portrait.jpg/220px-Trofim_Lysenko_portrait.jpg, 1898-09-29, 1976-11-20, 22841
Irwin Rose, http://upload.wikimedia.org/wikipedia/commons/thumb/2/20/Nobel2004chemistrylaurets-Rose.jpg/220px-Nobel2004chemistrylaurets-Rose.jpg, 1926-07-16, 2015-06-02, 9814
Fritz Albert Lipmann, http://upload.wikimedia.org/wikipedia/commons/thumb/a/a3/Portrait_of_Fritz_Albert_Lipmann_%281899-1986%29%2C_Biochemist_%282551001689%29.jpg/180px-Portrait_of_Fritz_Albert_Lipmann_%281899-1986%29%2C_Biochemist_%282551001689%29.jpg, 1899-06-12, 1986-07-24, 18140
Friedrich Miescher, http://upload.wikimedia.org/wikipedia/commons/thumb/b/bc/Friedrich_Miescher.jpg/250px-Friedrich_Miescher.jpg, 1844-08-13, 1895-08-26, 8462
Colin Munro MacLeod, http://upload.wikimedia.org/wikipedia/commons/thumb/e/e5/ColinMacCleod.jpg/220px-ColinMacCleod.jpg, 1909-01-28, 1972-02-11, 6931
Mary F. Lyon, http://upload.wikimedia.org/wikipedia/commons/thumb/e/e8/Mary_Frances_Lyon.png/220px-Mary_Frances_Lyon.png, 1925-05-15, 2014-12-25, 10504
C. C. Little, http://upload.wikimedia.org/wikipedia/en/thumb/8/84/Clarence_Cook_Little.jpg/165px-Clarence_Cook_Little.jpg, , 1971-12-22, 5914
Ernst Rüdin, http://upload.wikimedia.org/wikipedia/en/thumb/2/2f/Ernst_Rudin_Wearing_Swastika.jpg/220px-Ernst_Rudin_Wearing_Swastika.jpg, 1874-04-19, 1952-10-22, 18337
Ruth Sager, http://upload.wikimedia.org/wikipedia/en/thumb/c/cf/Ruth_Sager.jpg/220px-Ruth_Sager.jpg, , 1997-03-29, 4372
Janet Rowley, http://upload.wikimedia.org/wikipedia/commons/a/a4/Janet_Rowley_2009.jpg, 1925-04-05, 2013-12-17, 18677
Francis Collins, http://upload.wikimedia.org/wikipedia/commons/thumb/a/a0/Francis_Collins_official_portrait.jpg/220px-Francis_Collins_official_portrait.jpg, 1950-04-14, , 43928
Alfred Russel Wallace, http://upload.wikimedia.org/wikipedia/commons/thumb/d/d4/Alfred-Russel-Wallace-c1895.jpg/220px-Alfred-Russel-Wallace-c1895.jpg, 1823-01-08, 1913-11-07, 98215
James Watson, http://upload.wikimedia.org/wikipedia/commons/thumb/8/8b/James_D_Watson.jpg/220px-James_D_Watson.jpg, 1928-04-06, , 85966
Joshua Lederberg, http://upload.wikimedia.org/wikipedia/en/thumb/e/e4/Joshua_Lederberg-nih.jpg/220px-Joshua_Lederberg-nih.jpg, 1925-05-23, 2008-02-02, 25765
Jean-Baptiste Lamarck, http://upload.wikimedia.org/wikipedia/commons/thumb/f/f0/Jean-baptiste_lamarck2.jpg/220px-Jean-baptiste_lamarck2.jpg, 1744-08-01, 1829-12-18, 39228
Har Gobind Khorana, http://upload.wikimedia.org/wikipedia/commons/thumb/e/e8/Har_Gobind_Khorana.jpg/220px-Har_Gobind_Khorana.jpg, 1922-01-09, 2011-11-09, 28637
Arthur Kornberg, http://upload.wikimedia.org/wikipedia/commons/thumb/a/ad/Arthur_Kornberg.jpg/220px-Arthur_Kornberg.jpg, 1918-03-03, 2007-10-26, 26614
Lizard (comics), http://upload.wikimedia.org/wikipedia/en/1/19/The-Lizard-Comic-Book-Character.jpg, , , 63408
Carl Woese, http://upload.wikimedia.org/wikipedia/commons/thumb/d/da/Carl_Woese.jpg/220px-Carl_Woese.jpg, 1928-07-15, 2012-12-30, 36576
Salvador Luria, http://upload.wikimedia.org/wikipedia/commons/thumb/3/3d/Salvador_E._Luria_ca.1969.jpg/220px-Salvador_E._Luria_ca.1969.jpg, , 1991-02-06, 25742
Thomas Hunt Morgan, http://upload.wikimedia.org/wikipedia/commons/thumb/8/8f/Thomas_Hunt_Morgan.jpg/220px-Thomas_Hunt_Morgan.jpg, 1866-09-25, 1945-12-04, 34449
Josef Mengele, http://upload.wikimedia.org/wikipedia/en/thumb/f/fc/Josef_Mengele.jpg/160px-Josef_Mengele.jpg, 1911-03-16, 1979-02-07, 46712
Gregor Mendel, http://upload.wikimedia.org/wikipedia/commons/thumb/3/3d/Gregor_Mendel_oval.jpg/260px-Gregor_Mendel_oval.jpg, 1822-07-20, 1884-01-06, 31966
Frederick Sanger, http://upload.wikimedia.org/wikipedia/commons/thumb/f/f8/Frederick_Sanger2.jpg/220px-Frederick_Sanger2.jpg, 1918-08-13, 2013-11-19, 35314
Phillip Allen Sharp, http://upload.wikimedia.org/wikipedia/commons/thumb/e/e0/Phillip_Sharp_HD2007_with_Winthrop_Sears_Medal.jpg/220px-Phillip_Sharp_HD2007_with_Winthrop_Sears_Medal.jpg, 1944-06-06, , 31458
John Maynard Smith, http://upload.wikimedia.org/wikipedia/commons/thumb/e/e2/John_Maynard_Smith.jpg/220px-John_Maynard_Smith.jpg, 1920-01-06, 2004-04-19, 11879
Marco Marra, http://upload.wikimedia.org/wikipedia/commons/thumb/b/bb/Marco_Marra_2014.jpg/220px-Marco_Marra_2014.jpg, 1966-06-30, , 2636
César Milstein, http://upload.wikimedia.org/wikipedia/commons/thumb/7/7f/Milstein_lnp.jpg/150px-Milstein_lnp.jpg, 1927-10-08, 2002-03-24, 15446
Craig Mello, http://upload.wikimedia.org/wikipedia/commons/thumb/4/4a/Craig_Mello_01.JPG/220px-Craig_Mello_01.JPG, 1960-10-18, , 15445
Jacques Monod, http://upload.wikimedia.org/wikipedia/commons/thumb/7/70/Jacques_Monod_nobel.jpg/220px-Jacques_Monod_nobel.jpg, 1910-02-09, 1976-05-31, 16787
Ivan Vladimirovich Michurin, http://upload.wikimedia.org/wikipedia/commons/thumb/c/cf/Michurin_Barry_Kent.jpg/250px-Michurin_Barry_Kent.jpg, , 1935-06-08, 6063
Richard J. Roberts, http://upload.wikimedia.org/wikipedia/commons/thumb/1/19/Roberts%2C_Richard_John_%281943%29.jpg/220px-Roberts%2C_Richard_John_%281943%29.jpg, 1943-09-06, , 13788
George R. Price, http://upload.wikimedia.org/wikipedia/en/thumb/2/20/George_Robert_Price.jpg/220px-George_Robert_Price.jpg, , 1975-01-06, 14281
Raymond Pearl, http://upload.wikimedia.org/wikipedia/commons/thumb/e/e0/Raymond_Pearl_%28cropped%29.jpg/220px-Raymond_Pearl_%28cropped%29.jpg, 1879-06-03, 1940-11-17, 10815
G. N. Ramachandran, http://upload.wikimedia.org/wikipedia/en/thumb/5/59/G_N_Ramachandran.jpg/220px-G_N_Ramachandran.jpg, 1922-10-08, 2001-04-07, 13246
Theodore Puck, http://upload.wikimedia.org/wikipedia/en/thumb/a/a4/Flag_of_the_United_States.svg/23px-Flag_of_the_United_States.svg.png, 1916-09-24, 2005-11-06, 3189
Max Perutz, http://upload.wikimedia.org/wikipedia/commons/3/34/Max_Perutz.jpg, , 2002-02-06, 25996
Massimo Pigliucci, http://upload.wikimedia.org/wikipedia/commons/thumb/7/76/Massimo_Pigliucci.jpg/220px-Massimo_Pigliucci.jpg, 1964-01-16, , 12597
Carl Neuberg, http://upload.wikimedia.org/wikipedia/commons/1/11/Carl_Neuberg.jpg, 1877-07-29, 1956-05-30, 8032
William Nyhan, http://upload.wikimedia.org/wikipedia/en/thumb/7/7e/Nyhan.jpg/150px-Nyhan.jpg, 1926-03-13, , 2162
Christiane Nüsslein-Volhard, http://upload.wikimedia.org/wikipedia/commons/thumb/5/5c/Christiane_N%C3%BCsslein-Volhard_mg_4406.jpg/250px-Christiane_N%C3%BCsslein-Volhard_mg_4406.jpg, 1942-10-20, , 17526
Hermann Joseph Muller, http://upload.wikimedia.org/wikipedia/en/thumb/a/a4/Hermann_Joseph_Muller.jpg/220px-Hermann_Joseph_Muller.jpg, 1890-12-21, 1967-04-05, 25069
Arthur Mourant, http://upload.wikimedia.org/wikipedia/commons/thumb/7/75/Arthur_Mourant_1954.jpg/220px-Arthur_Mourant_1954.jpg, 1904-04-11, 1994-08-29, 3186
Lois K. Miller, http://upload.wikimedia.org/wikipedia/en/thumb/9/95/Lois_Kathryn_Miller.jpg/220px-Lois_Kathryn_Miller.jpg, 1945-10-08, 1999-11-09, 3271
Maclyn McCarty, http://upload.wikimedia.org/wikipedia/commons/thumb/e/ed/Maclyn_McCarty_with_Francis_Crick_and_James_D_Watson_-_10.1371_journal.pbio.0030341.g001-O.jpg/220px-Maclyn_McCarty_with_Francis_Crick_and_James_D_Watson_-_10.1371_journal.pbio.0030341.g001-O.jpg, 1911-06-09, 2005-01-02, 16896
David S Rosenblatt, http://upload.wikimedia.org/wikipedia/commons/3/32/Rosenblattpic2006.jpg, , , 2962
Lilian Vaughan Morgan, http://upload.wikimedia.org/wikipedia/en/7/7f/Lilian_Vaughan_Morgan.jpg, 1870-07-07, 1952-12-06, 9333
Leo Sachs, http://upload.wikimedia.org/wikipedia/commons/thumb/6/6f/Leo_Sachs1955.jpg/250px-Leo_Sachs1955.jpg, 1924-10-14, 2013-12-12, 7769
Elizabeth S. Russell, http://upload.wikimedia.org/wikipedia/commons/thumb/3/39/ElizabethShullRussell.jpg/220px-ElizabethShullRussell.jpg, , 2001-05-28, 6481
Ernst Mayr, http://upload.wikimedia.org/wikipedia/commons/thumb/a/af/Ernst_Mayr_PLoS.jpg/220px-Ernst_Mayr_PLoS.jpg, 1904-07-05, 2005-02-03, 40038
Peter Medawar, http://upload.wikimedia.org/wikipedia/commons/thumb/c/ca/Peter_Brian_Medawar.jpg/220px-Peter_Brian_Medawar.jpg, 1915-02-28, 1987-10-02, 34967
Karl Pearson, http://upload.wikimedia.org/wikipedia/commons/thumb/1/18/Karl_Pearson%2C_1912.jpg/220px-Karl_Pearson%2C_1912.jpg, 1857-03-27, 1936-04-27, 41253
Marshall Warren Nirenberg, http://upload.wikimedia.org/wikipedia/commons/d/d9/Marshall_Nirenberg_2003.jpg, 1927-04-10, 2010-01-15, 30302
Paul Nurse, http://upload.wikimedia.org/wikipedia/commons/thumb/a/ac/Paul_Nurse_portrait.jpg/220px-Paul_Nurse_portrait.jpg, 1949-01-25, , 24506
Kary Mullis, http://upload.wikimedia.org/wikipedia/commons/thumb/7/7f/Kary_Mullis.jpg/220px-Kary_Mullis.jpg, 1944-12-28, , 27220
Victor A. McKusick, http://upload.wikimedia.org/wikipedia/commons/thumb/9/9c/Victor_McKusick.jpg/220px-Victor_McKusick.jpg, 1921-10-21, 2008-07-22, 26102
Francis Peyton Rous, http://upload.wikimedia.org/wikipedia/en/thumb/7/74/Peyton_Rous_nobel.jpg/200px-Peyton_Rous_nobel.jpg, , 1970-02-16, 20024
Edward B. Lewis, http://upload.wikimedia.org/wikipedia/en/thumb/6/68/EdwardBLewis.jpg/100px-EdwardBLewis.jpg, , , 24583
Lionel Penrose, http://upload.wikimedia.org/wikipedia/en/thumb/f/fb/LionelPenrose.jpg/220px-LionelPenrose.jpg, 1898-06-11, 1972-05-12, 5545
Newton Morton, http://upload.wikimedia.org/wikipedia/commons/0/05/Newton_Morton%2C.jpg, 1929-12-21, , 5497
Mark Ptashne, http://upload.wikimedia.org/wikipedia/commons/thumb/c/c5/Nci-vol-8185-300_mark_ptashne.jpg/220px-Nci-vol-8185-300_mark_ptashne.jpg, 1940-06-05, , 4967
Svante Pääbo, http://upload.wikimedia.org/wikipedia/commons/thumb/1/14/Professor_Svante_Paabo_ForMemRS.jpg/220px-Professor_Svante_Paabo_ForMemRS.jpg, 1955-04-20, , 12746
Barbara McClintock, http://upload.wikimedia.org/wikipedia/commons/thumb/1/14/Barbara_McClintock_%281902-1992%29_shown_in_her_laboratory_in_1947.jpg/220px-Barbara_McClintock_%281902-1992%29_shown_in_her_laboratory_in_1947.jpg, 1902-06-16, 1992-09-02, 70536
Severo Ochoa, http://upload.wikimedia.org/wikipedia/commons/thumb/d/d3/Severo_Ochoa_1959.jpg/220px-Severo_Ochoa_1959.jpg, 1905-09-24, 1993-11-01, 24081
Linus Pauling, http://upload.wikimedia.org/wikipedia/commons/thumb/5/58/L_Pauling.jpg/220px-L_Pauling.jpg, 1901-02-28, 1994-08-19, 99611
