name, img, birth, death, length 
Arthur Holmes, http://upload.wikimedia.org/wikipedia/commons/thumb/f/f5/Arthurholmesin1912.jpg/220px-Arthurholmesin1912.jpg, 1890-01-14, 1965-09-20, 8688
Beno Gutenberg, http://upload.wikimedia.org/wikipedia/commons/9/9a/Beno_Gutenberg.jpg, , 1960-01-26, 5134
Loránd Eötvös, http://upload.wikimedia.org/wikipedia/commons/thumb/4/4b/Roland_Eotvos.jpg/150px-Roland_Eotvos.jpg, , 1919-04-08, 8321
Reginald Aldworth Daly, http://upload.wikimedia.org/wikipedia/en/thumb/0/09/RA_Daly.jpg/220px-RA_Daly.jpg, , 1957-09-20, 9641
Eratosthenes, http://upload.wikimedia.org/wikipedia/commons/thumb/b/b3/Eratosthene.01.png/220px-Eratosthene.01.png, , , 29372
Maurice Ewing, http://upload.wikimedia.org/wikipedia/en/3/32/M.Ewing-1948.jpg, 1906-05-12, 1974-05-04, 5986
Walter Hermann Bucher, http://upload.wikimedia.org/wikipedia/en/thumb/a/a4/Flag_of_the_United_States.svg/23px-Flag_of_the_United_States.svg.png, 1888-03-12, 1965-02-17, 7030
Jean-Jacques d'Ortous de Mairan, http://upload.wikimedia.org/wikipedia/commons/thumb/1/11/Miger_-_Dortous_de_Mairan-transparent.png/150px-Miger_-_Dortous_de_Mairan-transparent.png, , 1771-02-21, 11102
Harald Sverdrup (oceanographer), http://upload.wikimedia.org/wikipedia/commons/thumb/8/8d/Harald_Ulrik_Sverdrup.jpg/220px-Harald_Ulrik_Sverdrup.jpg, 1888-11-15, 1957-08-21, 3646
Motonori Matuyama, http://upload.wikimedia.org/wikipedia/commons/thumb/7/79/Motonori_Matuyama.png/220px-Motonori_Matuyama.png, , 1958-01-28, 3977
Michael Schoenberg, http://upload.wikimedia.org/wikipedia/en/thumb/f/f5/Mike_Schoenberg.jpg/200px-Mike_Schoenberg.jpg, , , 5764
European Geosciences Union, http://upload.wikimedia.org/wikipedia/commons/thumb/b/b2/EGU_plain_blue_logo.svg/200px-EGU_plain_blue_logo.svg.png, 2002-09-07, , 7900
Scott Forbush, http://upload.wikimedia.org/wikipedia/en/thumb/7/71/Scott_Forbush.JPG/220px-Scott_Forbush.JPG, 1904-04-10, 1984-04-04, 8717
Christopher Hansteen, http://upload.wikimedia.org/wikipedia/commons/thumb/7/70/Christopher_hansteen.jpg/220px-Christopher_hansteen.jpg, 1784-11-26, 1873-04-11, 8934
Petr Vaníček, http://upload.wikimedia.org/wikipedia/commons/thumb/4/41/Petr_Vanicek.jpg/220px-Petr_Vanicek.jpg, , , 6675
Harsh Gupta, http://upload.wikimedia.org/wikipedia/commons/thumb/0/06/Harsh_Gupta.jpg/220px-Harsh_Gupta.jpg, 1942-06-28, , 10756
Seismological Society of America, http://upload.wikimedia.org/wikipedia/en/thumb/5/55/Seismological_Society_of_America_%28logo%29.jpg/220px-Seismological_Society_of_America_%28logo%29.jpg, , , 3079
Don L. Anderson, http://upload.wikimedia.org/wikipedia/commons/thumb/2/26/Don_L._Anderson_portrait_photo.jpg/220px-Don_L._Anderson_portrait_photo.jpg, 1933-03-05, 2014-12-02, 30253
Akitsune Imamura, http://upload.wikimedia.org/wikipedia/commons/thumb/1/1f/Akitsune_Imamura2.jpg/180px-Akitsune_Imamura2.jpg, , , 1913
Robert Were Fox the Younger, http://upload.wikimedia.org/wikipedia/commons/thumb/4/4b/Fox_Robert_Were_Younger.jpg/150px-Fox_Robert_Were_Younger.jpg, , 1877-07-26, 12127
William Gilbert (astronomer), http://upload.wikimedia.org/wikipedia/commons/thumb/3/3e/William_Gilbert_45626i.jpg/220px-William_Gilbert_45626i.jpg, , 1603-11-30, 17886
James Freeman Gilbert, http://upload.wikimedia.org/wikipedia/commons/thumb/3/37/Grandad.png/220px-Grandad.png, 1931-08-09, 2014-08-15, 3956
Harry Hammond Hess, http://upload.wikimedia.org/wikipedia/commons/thumb/0/01/Hess.gif/150px-Hess.gif, , , 13774
Andrija Mohorovičić, http://upload.wikimedia.org/wikipedia/commons/thumb/e/e5/%E0%B8%A0%E0%B8%B2%E0%B8%9E%E0%B8%96%E0%B9%88%E0%B8%B2%E0%B8%A2%E0%B8%82%E0%B8%AD%E0%B8%87Andria_Mohorovicic.gif/220px-%E0%B8%A0%E0%B8%B2%E0%B8%9E%E0%B8%96%E0%B9%88%E0%B8%B2%E0%B8%A2%E0%B8%82%E0%B8%AD%E0%B8%87Andria_Mohorovicic.gif, , 1936-12-18, 11884
Marcia Neugebauer, http://upload.wikimedia.org/wikipedia/commons/thumb/6/6c/Marcia_Neugebauer_JPL_NASA_Circa_1962.jpg/220px-Marcia_Neugebauer_JPL_NASA_Circa_1962.jpg, 1932-09-27, , 3539
Hannes Alfvén, http://upload.wikimedia.org/wikipedia/commons/thumb/b/b9/YoungAlfven.jpg/200px-YoungAlfven.jpg, 1908-05-30, 1995-04-02, 21896
Sydney Chapman (mathematician), http://upload.wikimedia.org/wikipedia/commons/thumb/3/36/Sydney_Chapman.jpg/220px-Sydney_Chapman.jpg, 1888-01-29, 1970-06-16, 11684
Henry William Menard, http://upload.wikimedia.org/wikipedia/commons/thumb/6/6b/Henry_William_Menard.jpg/220px-Henry_William_Menard.jpg, 1920-12-101978, 1986-02-09, 5249
Louis Néel, http://upload.wikimedia.org/wikipedia/commons/thumb/4/4d/Louis_Neel_1970.jpg/220px-Louis_Neel_1970.jpg, 1904-11-22, 2000-11-17, 10077
William Bowie (engineer), http://upload.wikimedia.org/wikipedia/en/6/61/William_Bowie_NOAA.jpg, , 1940-08-29, 3526
Luigi Palmieri, http://upload.wikimedia.org/wikipedia/commons/thumb/6/65/Luigi_Palmieri.png/150px-Luigi_Palmieri.png, , 1896-09-10, 2917
Alexis Clairaut, http://upload.wikimedia.org/wikipedia/commons/thumb/a/a0/Alexis_Clairault.jpg/220px-Alexis_Clairault.jpg, 1713-05-13, 1765-05-17, 11891
Carl Størmer, http://upload.wikimedia.org/wikipedia/commons/thumb/a/a1/Portrett_av_Carl_St%C3%B8rmer_%28cropped%29.jpg/220px-Portrett_av_Carl_St%C3%B8rmer_%28cropped%29.jpg, 1874-09-03, 1957-08-13, 13307
Frank Press, http://upload.wikimedia.org/wikipedia/commons/thumb/6/60/Frank_Press_Jerusalem1953.jpg/220px-Frank_Press_Jerusalem1953.jpg, 1924-12-04, , 9194
Kristian Birkeland, http://upload.wikimedia.org/wikipedia/commons/thumb/e/e7/Asta_Norregaard_Kristian_Birkeland_1900.jpg/220px-Asta_Norregaard_Kristian_Birkeland_1900.jpg, 1867-12-13, 1917-06-15, 14384
Jacob Bjerknes, http://upload.wikimedia.org/wikipedia/commons/thumb/5/59/Jacob_bjerknes_headshot.jpg/220px-Jacob_bjerknes_headshot.jpg, 1897-11-02, 1975-07-07, 5532
Harold Jeffreys, http://upload.wikimedia.org/wikipedia/en/7/73/Harold_Jeffreys%2C_Sir.jpg, 1891-04-22, 1989-03-18, 14314
Thomas H. Jordan, http://upload.wikimedia.org/wikipedia/en/c/cd/Thomas_h._Jordan.jpg, 1948-10-08, , 4058
Inge Lehmann, http://upload.wikimedia.org/wikipedia/commons/thumb/7/7b/Inge-lehmann-google-doodle.jpg/220px-Inge-lehmann-google-doodle.jpg, 1888-05-13, 1993-02-21, 11361
Walter M. Elsasser, http://upload.wikimedia.org/wikipedia/commons/thumb/0/08/Waltermelsasser.jpg/150px-Waltermelsasser.jpg, , 1991-10-15, 10115
Francis Birch (geophysicist), http://upload.wikimedia.org/wikipedia/commons/thumb/4/4c/Albert_Francis_Birch00.jpg/250px-Albert_Francis_Birch00.jpg, 1903-08-22, 1992-01-30, 27484
Abel Idowu Olayinka, http://upload.wikimedia.org/wikipedia/commons/thumb/5/52/Abel_Idowu_Olayinka.JPG/220px-Abel_Idowu_Olayinka.JPG, , , 8035
Albert P. Crary, http://upload.wikimedia.org/wikipedia/commons/thumb/4/40/Albert_Paddock_Crary_in_1959.jpg/220px-Albert_Paddock_Crary_in_1959.jpg, 1911-07-25, 1987-10-29, 10395
Johann von Lamont, http://upload.wikimedia.org/wikipedia/commons/thumb/d/d5/Johann_Lamont_Litho.jpg/150px-Johann_Lamont_Litho.jpg, , , 3820
Richard Dixon Oldham, http://upload.wikimedia.org/wikipedia/commons/thumb/a/a7/RD_Oldham.gif/150px-RD_Oldham.gif, 1858-07-31, , 5787
Felix Andries Vening Meinesz, http://upload.wikimedia.org/wikipedia/commons/thumb/0/0a/Vening_meinesz.jpg/220px-Vening_meinesz.jpg, , 1966-08-10, 9273
Giuseppe Mercalli, http://upload.wikimedia.org/wikipedia/commons/thumb/1/1f/Osservatorio_ximeniano%2C_giuseppe_mercalli_sul_vesuvio.JPG/220px-Osservatorio_ximeniano%2C_giuseppe_mercalli_sul_vesuvio.JPG, , 1914-03-19, 5253
Oscar Edward Meinzer, http://upload.wikimedia.org/wikipedia/commons/thumb/0/05/Oscar_Edward_Meinzer_photo.jpeg/220px-Oscar_Edward_Meinzer_photo.jpeg, 1876-11-28, 1948-06-14, 4563
Ahsan Mubarak, http://upload.wikimedia.org/wikipedia/commons/thumb/2/2b/Dr._Ahsan_Mubarak.jpg/270px-Dr._Ahsan_Mubarak.jpg, , , 10598
John Milne, http://upload.wikimedia.org/wikipedia/commons/9/91/John_Milne.jpg, , 1913-07-31, 12128
Harry Fielding Reid, http://upload.wikimedia.org/wikipedia/commons/thumb/c/c6/HarryFieldingReid_1933.jpg/150px-HarryFieldingReid_1933.jpg, , , 16212
Nicholas Shackleton, http://upload.wikimedia.org/wikipedia/commons/thumb/c/c6/Nicholas_shackleton.jpg/150px-Nicholas_shackleton.jpg, 1937-06-23, 2006-01-24, 9363
Edward Sabine, http://upload.wikimedia.org/wikipedia/en/thumb/f/f3/Edward_Sabine_1860s.jpg/220px-Edward_Sabine_1860s.jpg, 1788-10-14, 1883-06-26, 22438
Lawrence Morley, http://upload.wikimedia.org/wikipedia/en/thumb/c/cf/Flag_of_Canada.svg/23px-Flag_of_Canada.svg.png, 1920-02-19, 2013-04-22, 2534
Adam Dziewonski, http://upload.wikimedia.org/wikipedia/commons/thumb/0/05/Adam_Dziewo%C5%84ski%2C_Schlosshotel_Linderhof_-_09150004_ff34219_03.jpg/220px-Adam_Dziewo%C5%84ski%2C_Schlosshotel_Linderhof_-_09150004_ff34219_03.jpg, 1936-11-15, 2016-03-01, 4404
Environmental and Engineering Geophysical Society, http://upload.wikimedia.org/wikipedia/en/f/f3/Environmental_and_Engineering_Geophysical_Society_logo.jpg, , , 6644
T. Wayland Vaughan, http://upload.wikimedia.org/wikipedia/commons/thumb/9/90/Thomas_Wayland_Vaughan.jpg/220px-Thomas_Wayland_Vaughan.jpg, 1870-09-20, 1952-01-16, 9991
W. Jason Morgan, http://upload.wikimedia.org/wikipedia/commons/thumb/e/ee/Morgan%2C_W._Jason.jpg/220px-Morgan%2C_W._Jason.jpg, 1935-10-10, , 4928
Kiyoo Wadati, http://upload.wikimedia.org/wikipedia/commons/thumb/2/27/Kiyoo_Wadachi_01.jpg/220px-Kiyoo_Wadachi_01.jpg, , 1995-01-06, 2021
Emil Wiechert, http://upload.wikimedia.org/wikipedia/commons/thumb/1/1b/Emil_Wiechert.jpg/220px-Emil_Wiechert.jpg, , 1928-03-19, 5048
Benjamin D. Santer, http://upload.wikimedia.org/wikipedia/commons/thumb/f/f4/Bensanter.jpg/220px-Bensanter.jpg, 1955-06-03, , 4933
James Van Allen, http://upload.wikimedia.org/wikipedia/commons/thumb/3/34/James_van_Allen.jpg/220px-James_van_Allen.jpg, 1914-09-07, 2006-08-09, 36633
American Meteorological Society, http://upload.wikimedia.org/wikipedia/en/2/22/Seal_of_the_American_Meteorological_Society.jpg, , , 17133
International Union of Geodesy and Geophysics, http://upload.wikimedia.org/wikipedia/en/thumb/8/8e/International_Union_of_Geodesy_and_Geophysics_logo.jpeg/150px-International_Union_of_Geodesy_and_Geophysics_logo.jpeg, 1919, , 11122
International Association of Geomagnetism and Aeronomy, http://upload.wikimedia.org/wikipedia/en/thumb/5/59/International_Association_of_Geomagnetism_and_Aeronomy.jpeg/220px-International_Association_of_Geomagnetism_and_Aeronomy.jpeg, , , 3513
Royal Astronomical Society, http://upload.wikimedia.org/wikipedia/commons/thumb/3/3a/Entrance_to_the_Royal_Astronomical_Society_3.jpg/220px-Entrance_to_the_Royal_Astronomical_Society_3.jpg, 1820-03-10, , 15361
M. King Hubbert, http://upload.wikimedia.org/wikipedia/en/thumb/5/50/Marion_King_Hubbert00.jpg/220px-Marion_King_Hubbert00.jpg, , 1989-10-11, 15118
Edmond Halley, http://upload.wikimedia.org/wikipedia/commons/thumb/d/df/Edmond_Halley_072.jpg/220px-Edmond_Halley_072.jpg, , , 24473
Erich von Drygalski, http://upload.wikimedia.org/wikipedia/commons/thumb/e/e2/Erich_dagobert_von_drygalski.jpg/220px-Erich_dagobert_von_drygalski.jpg, 1865-02-09, 1949-01-11, 9644
James David Forbes, http://upload.wikimedia.org/wikipedia/commons/thumb/2/2b/James_David_Forbes.png/220px-James_David_Forbes.png, 1809-04-20, 1868-12-31, 9157
George Darwin, http://upload.wikimedia.org/wikipedia/commons/thumb/d/dc/George_Darwin_sepia_tone.jpg/240px-George_Darwin_sepia_tone.jpg, 1845-07-09, 1912-12-07, 11823
Henry Cavendish, http://upload.wikimedia.org/wikipedia/commons/thumb/6/64/Cavendish_Henry_signature.jpg/200px-Cavendish_Henry_signature.jpg, 1731-10-10, 1810-02-24, 28426
William Thomson, 1st Baron Kelvin, http://upload.wikimedia.org/wikipedia/commons/thumb/a/a0/Lord_Kelvin_photograph.jpg/220px-Lord_Kelvin_photograph.jpg, 1824-06-26, 1907-12-17, 62861
Marcia McNutt, http://upload.wikimedia.org/wikipedia/commons/thumb/2/27/Marcia_McNutt.jpg/220px-Marcia_McNutt.jpg, 1952-02-192016-07-012009, , 52544
Shen Kuo, http://upload.wikimedia.org/wikipedia/commons/thumb/4/40/Shen_Kua.JPG/280px-Shen_Kua.JPG, , , 81089
Blaise Pascal, http://upload.wikimedia.org/wikipedia/commons/thumb/9/98/Blaise_Pascal_Versailles.JPG/220px-Blaise_Pascal_Versailles.JPG, 1623-06-19, 1662-08-19, 54220
Susan Solomon, http://upload.wikimedia.org/wikipedia/commons/thumb/8/80/Susan_Solomon-Desk_With_Globe.jpg/220px-Susan_Solomon-Desk_With_Globe.jpg, 1956-01-19, , 31965
American Geophysical Union, http://upload.wikimedia.org/wikipedia/en/thumb/2/2f/American_Geophysical_Union_logo.svg/250px-American_Geophysical_Union_logo.svg.png, 1919, , 35707
Zhang Heng, http://upload.wikimedia.org/wikipedia/commons/thumb/4/47/Zhang_Heng.jpg/185px-Zhang_Heng.jpg, , , 67560
Society of Exploration Geophysicists, http://upload.wikimedia.org/wikipedia/en/thumb/f/fb/SEG-Logo_Final.jpg/250px-SEG-Logo_Final.jpg, 1930, , 13160
Henry Stommel, http://upload.wikimedia.org/wikipedia/commons/thumb/c/c3/Stommel_about_n1_35630.jpg/220px-Stommel_about_n1_35630.jpg, 1920-09-27, 1992-01-17, 7318
Alfred Wegener, http://upload.wikimedia.org/wikipedia/commons/thumb/6/65/Alfred_Wegener_ca.1924-30.jpg/220px-Alfred_Wegener_ca.1924-30.jpg, 1880-11-01, , 27159
Balfour Stewart, http://upload.wikimedia.org/wikipedia/commons/thumb/b/bd/PSM_V11_D270_Balfour_Stewart.jpg/200px-PSM_V11_D270_Balfour_Stewart.jpg, , 1887-12-19, 14516
Eugene Parker, http://upload.wikimedia.org/wikipedia/commons/thumb/3/34/Prof._Eugene_Parker_from_University_of_Chicago.jpg/220px-Prof._Eugene_Parker_from_University_of_Chicago.jpg, 1927-06-10, , 4651
Eugene Merle Shoemaker, http://upload.wikimedia.org/wikipedia/commons/thumb/7/77/Eugene_Shoemaker.jpg/250px-Eugene_Shoemaker.jpg, 1928-04-28, 1997-07-18, 13524
Wallace Smith Broecker, http://upload.wikimedia.org/wikipedia/commons/9/9d/Wallace_Smith_Broecker.jpg, 1931-11-29, , 10406
Claude Allègre, http://upload.wikimedia.org/wikipedia/commons/thumb/4/49/Claude_All%C3%A8gre.jpg/220px-Claude_All%C3%A8gre.jpg, 1937-03-31, , 8748
Louis Agricola Bauer, http://upload.wikimedia.org/wikipedia/commons/thumb/4/4d/PSM_V76_D207_Louis_Agricola_Bauer.png/150px-PSM_V76_D207_Louis_Agricola_Bauer.png, , 1932-04-12, 2272
John Tuzo Wilson, http://upload.wikimedia.org/wikipedia/commons/thumb/b/bd/John_Tuzo_Wilson_in_1992.jpg/220px-John_Tuzo_Wilson_in_1992.jpg, 1908-10-24, 1993-04-15, 8482
Charles Francis Richter, http://upload.wikimedia.org/wikipedia/commons/thumb/6/62/CharlesRichter.jpg/220px-CharlesRichter.jpg, 1900-04-26, 1985-09-30, 10445
Walter Munk, http://upload.wikimedia.org/wikipedia/commons/thumb/a/a6/Crafoordprize_2010-03.jpg/220px-Crafoordprize_2010-03.jpg, 1917-10-19, , 26417
Carl Friedrich Gauss, http://upload.wikimedia.org/wikipedia/commons/thumb/e/ec/Carl_Friedrich_Gauss_1840_by_Jensen.jpg/220px-Carl_Friedrich_Gauss_1840_by_Jensen.jpg, 1777-04-30, 1855-02-23, 53343
Alexander von Humboldt, http://upload.wikimedia.org/wikipedia/commons/thumb/3/36/Stieler%2C_Joseph_Karl_-_Alexander_von_Humboldt_-_1843.jpg/250px-Stieler%2C_Joseph_Karl_-_Alexander_von_Humboldt_-_1843.jpg, , 1859-05-06, 135484
Al-Biruni, http://upload.wikimedia.org/wikipedia/commons/thumb/f/ff/Biruni-russian.jpg/220px-Biruni-russian.jpg, , , 49312
Fred Singer, http://upload.wikimedia.org/wikipedia/commons/thumb/f/fb/S_Fred_Singer_2011.jpg/220px-S_Fred_Singer_2011.jpg, 1924-09-27, , 57008
Benjamin Franklin, http://upload.wikimedia.org/wikipedia/commons/thumb/c/cc/BenFranklinDuplessis.jpg/220px-BenFranklinDuplessis.jpg, 1706-01-17, 1790-04-17, 146850
