name, img, birth, death, length 
Franz Martin Hilgendorf, http://upload.wikimedia.org/wikipedia/commons/thumb/7/78/Franz_Martin_Hilgendorf.jpg/220px-Franz_Martin_Hilgendorf.jpg, 1839-12-05, 1904-07-05, 3165
Caitlín R. Kiernan, http://upload.wikimedia.org/wikipedia/commons/thumb/8/81/Caitl%C3%ADn_R._Kiernan_by_Kyle_Cassidy2.JPG/220px-Caitl%C3%ADn_R._Kiernan_by_Kyle_Cassidy2.JPG, 1964-05-26, , 14947
Alpheus Hyatt, http://upload.wikimedia.org/wikipedia/commons/thumb/f/f2/Alpheus_Hyatt.jpg/220px-Alpheus_Hyatt.jpg, 1838-04-05, 1902-01-15, 4435
Annie Montague Alexander, http://upload.wikimedia.org/wikipedia/commons/thumb/4/4d/Annie_Montague_Alexander.jpg/180px-Annie_Montague_Alexander.jpg, 1867 -12-29, 1950-12-10, 10279
Andre Keyser, http://upload.wikimedia.org/wikipedia/commons/thumb/c/c5/Andre_Keyser00.jpg/220px-Andre_Keyser00.jpg, 1938-03-08, 2010-08-15, 4007
Luis Alcalá, http://upload.wikimedia.org/wikipedia/commons/thumb/d/dc/Luis_Alcal%C3%A1_Mart%C3%ADnez_-_oct_2013.JPG/220px-Luis_Alcal%C3%A1_Mart%C3%ADnez_-_oct_2013.JPG, , , 719
Farish Jenkins, http://upload.wikimedia.org/wikipedia/en/5/56/Farish_jenkins_on_safari.jpg, , , 4054
Jack Horner (paleontologist), http://upload.wikimedia.org/wikipedia/commons/thumb/a/a5/2015JackHorner.jpg/250px-2015JackHorner.jpg, 1946-06-15, , 12548
Edward Hitchcock, http://upload.wikimedia.org/wikipedia/commons/thumb/1/1c/Edward_Hitchcock.jpg/250px-Edward_Hitchcock.jpg, , 1864-02-27, 8936
Berhane Asfaw, http://upload.wikimedia.org/wikipedia/commons/thumb/1/1a/Berhane_Asfaw.jpg/220px-Berhane_Asfaw.jpg, , , 2848
Julius von Haast, http://upload.wikimedia.org/wikipedia/commons/thumb/6/6f/Julius_von_Haast.jpg/220px-Julius_von_Haast.jpg, 1822-05-01, 1887-08-16, 11977
Charles Emerson Beecher, http://upload.wikimedia.org/wikipedia/commons/thumb/c/ca/PSM_V64_D572_Charles_Emerson_Beecher.png/220px-PSM_V64_D572_Charles_Emerson_Beecher.png, , 1904-02-15, 12693
Peter Merian, http://upload.wikimedia.org/wikipedia/commons/thumb/9/94/Peter_Merian.JPG/220px-Peter_Merian.JPG, , 1883-02-09, 2716
Johan Gunnar Andersson, http://upload.wikimedia.org/wikipedia/commons/thumb/e/ea/Andersson%2C_Johan_Gunnar_i_Hvar_8_dag_2_1906.jpg/200px-Andersson%2C_Johan_Gunnar_i_Hvar_8_dag_2_1906.jpg, , 1960-10-30, 10752
Roy Chapman Andrews, http://upload.wikimedia.org/wikipedia/commons/thumb/c/ce/Roy_Chapman_Andrews_50488r.jpg/250px-Roy_Chapman_Andrews_50488r.jpg, 1884-01-26, 1960-03-11, 10146
Emiliano Aguirre, http://upload.wikimedia.org/wikipedia/commons/thumb/7/73/Emiliano_Aguirre_Enr%C3%ADquez_2007-1.JPG/220px-Emiliano_Aguirre_Enr%C3%ADquez_2007-1.JPG, , , 6236
Elaine Anderson, http://upload.wikimedia.org/wikipedia/en/thumb/9/9d/Elaine_Anderson%2C_Denver_Museum.jpg/250px-Elaine_Anderson%2C_Denver_Museum.jpg, 1936-01-08, 2002-03-26, 4112
Florentino Ameghino, http://upload.wikimedia.org/wikipedia/commons/thumb/f/f1/Florentino_Ameghino.jpg/150px-Florentino_Ameghino.jpg, 1854-09-18, 1911-08-06, 7536
Richard Aldridge, http://upload.wikimedia.org/wikipedia/en/thumb/b/be/Flag_of_England.svg/23px-Flag_of_England.svg.png, , , 3282
Alberto Angela, http://upload.wikimedia.org/wikipedia/commons/thumb/1/1e/Alberto_Angela.jpg/220px-Alberto_Angela.jpg, 1962-04-08, , 4120
Vladimir Prokhorovich Amalitskii, http://upload.wikimedia.org/wikipedia/commons/thumb/f/f1/%D0%92%D0%BB%D0%B0%D0%B4%D0%B8%D0%BC%D0%B8%D1%80_%D0%9F%D1%80%D0%BE%D1%85%D0%BE%D1%80%D0%BE%D0%B2%D0%B8%D1%87_%D0%90%D0%BC%D0%B0%D0%BB%D0%B8%D1%86%D0%BA%D0%B8%D0%B9.jpg/200px-%D0%92%D0%BB%D0%B0%D0%B4%D0%B8%D0%BC%D0%B8%D1%80_%D0%9F%D1%80%D0%BE%D1%85%D0%BE%D1%80%D0%BE%D0%B2%D0%B8%D1%87_%D0%90%D0%BC%D0%B0%D0%BB%D0%B8%D1%86%D0%BA%D0%B8%D0%B9.jpg, 1860-06-01, 1917-12-15, 2133
William Beard (bone collector), http://upload.wikimedia.org/wikipedia/commons/thumb/9/93/William_Beard_b1772.jpg/220px-William_Beard_b1772.jpg, , , 3413
Miguel Telles Antunes, http://upload.wikimedia.org/wikipedia/commons/thumb/a/a4/Academia_das_Ci%C3%AAncias_de_Lisboa.svg/100px-Academia_das_Ci%C3%AAncias_de_Lisboa.svg.png, , , 4150
James Hall (paleontologist), http://upload.wikimedia.org/wikipedia/commons/thumb/1/16/James_Hall_paleantologist.jpg/220px-James_Hall_paleantologist.jpg, , 1898-08-07, 10660
Amadeus William Grabau, http://upload.wikimedia.org/wikipedia/commons/thumb/f/fb/Amadeus_William_Grabau.jpg/177px-Amadeus_William_Grabau.jpg, 1870-01-09, 1946-03-20, 6712
Paul Gervais, http://upload.wikimedia.org/wikipedia/commons/thumb/d/dc/Paul_Gervais.jpg/150px-Paul_Gervais.jpg, , 1879-02-11, 3595
Dragutin Gorjanović-Kramberger, http://upload.wikimedia.org/wikipedia/commons/thumb/3/30/Krapina_-_Dragutin_Gorjanovic_Kramberger.jpg/220px-Krapina_-_Dragutin_Gorjanovic_Kramberger.jpg, 1856-10-25, 1936-12-24, 5465
Charles W. Gilmore, http://upload.wikimedia.org/wikipedia/commons/thumb/7/75/Gilmore_with_Diplodocus_vertebrae.jpg/220px-Gilmore_with_Diplodocus_vertebrae.jpg, , 1945-09-28, 8651
William King Gregory, http://upload.wikimedia.org/wikipedia/commons/thumb/b/bd/WilliamKingGregory.jpg/160px-WilliamKingGregory.jpg, 1876-05-19, 1970-12-29, 5206
Anthony Hallam, http://upload.wikimedia.org/wikipedia/en/thumb/a/ae/Flag_of_the_United_Kingdom.svg/20px-Flag_of_the_United_Kingdom.svg.png, 1933-12-23, , 3859
Walter W. Granger, http://upload.wikimedia.org/wikipedia/commons/thumb/3/3a/American_Museum_party.jpg/300px-American_Museum_party.jpg, 1872-11-07, 1941-09-06, 6022
Oswald Heer, http://upload.wikimedia.org/wikipedia/commons/thumb/4/4c/Oswald_Heer_1809%E2%80%931883.jpg/220px-Oswald_Heer_1809%E2%80%931883.jpg, 1809-08-31, 1883-09-27, 4749
Amanz Gressly, http://upload.wikimedia.org/wikipedia/commons/thumb/b/be/Amanz_gressly.jpg/150px-Amanz_gressly.jpg, , 1865-04-14, 3665
Richard E. Grant, http://upload.wikimedia.org/wikipedia/commons/thumb/1/14/BAFTA_2007_%28387046786%29.jpg/220px-BAFTA_2007_%28387046786%29.jpg, 1957-05-05, , 23385
John Bell Hatcher, http://upload.wikimedia.org/wikipedia/commons/thumb/2/24/PSM_V67_D568_John_Bell_Hatcher.png/220px-PSM_V67_D568_John_Bell_Hatcher.png, 1861-10-11, 1904-07-03, 3664
Othenio Abel, http://upload.wikimedia.org/wikipedia/commons/thumb/1/15/Othenio_Abel.jpg/220px-Othenio_Abel.jpg, 1875-06-20, 1946-07-04, 8070
Truman H. Aldrich, http://upload.wikimedia.org/wikipedia/commons/2/29/Truman_Heminway_Aldrich.png, 1848-10-17, 1932-04-28, 9926
William Joscelyn Arkell, http://upload.wikimedia.org/wikipedia/en/thumb/9/99/William_Joscelyn_Arkell.jpg/220px-William_Joscelyn_Arkell.jpg, 1904-06-09, 1958-04-18, 9021
Thomas Henry Huxley, http://upload.wikimedia.org/wikipedia/commons/thumb/2/2e/T.H.Huxley%28Woodburytype%29.jpg/220px-T.H.Huxley%28Woodburytype%29.jpg, 1825-05-04, 1895-06-29, 92634
Graham Budd, http://upload.wikimedia.org/wikipedia/commons/thumb/2/25/Graham_Budd_2011_V%C3%A4sterg%C3%B6tland.jpg/220px-Graham_Budd_2011_V%C3%A4sterg%C3%B6tland.jpg, , 1968-09-08, 1901
George Busk, http://upload.wikimedia.org/wikipedia/commons/thumb/1/19/George_Busk2.jpg/220px-George_Busk2.jpg, 1807-08-12, 1886-08-10, 4719
Christian Leopold von Buch, http://upload.wikimedia.org/wikipedia/commons/thumb/7/75/Leopold_von_Buch%2C_Carl_Josef_Begas%2C_C_Fischer_%281850%29.jpg/150px-Leopold_von_Buch%2C_Carl_Josef_Begas%2C_C_Fischer_%281850%29.jpg, 1774-04-26, 1853-03-04, 8249
Mary Buckland, http://upload.wikimedia.org/wikipedia/en/thumb/5/51/Mary_Morland_Buckland%2C_from_an_original_photograph.jpg/220px-Mary_Morland_Buckland%2C_from_an_original_photograph.jpg, , , 4882
Eudald Carbonell, http://upload.wikimedia.org/wikipedia/commons/thumb/4/48/Eudald_Carbonell.jpg/220px-Eudald_Carbonell.jpg, 1953-02-17, , 3698
Henry Christy, http://upload.wikimedia.org/wikipedia/commons/thumb/2/26/HenryChristyCropped.jpg/220px-HenryChristyCropped.jpg, , 1865-05-05, 9165
Giovanni Capellini, http://upload.wikimedia.org/wikipedia/en/thumb/d/d9/Giovanni_Capellini.jpg/220px-Giovanni_Capellini.jpg, 1833-08-23, 1922-05-28, 5023
Robert T. Bakker, http://upload.wikimedia.org/wikipedia/commons/thumb/f/f0/Dr._Bob_Bakker.jpg/220px-Dr._Bob_Bakker.jpg, 1945-03-24, , 8419
Mary Anning, http://upload.wikimedia.org/wikipedia/commons/thumb/e/e7/Mary_Anning_painting.jpg/220px-Mary_Anning_painting.jpg, 1799-05-21, 1847-03-09, 58398
Jorge O. Calvo, http://upload.wikimedia.org/wikipedia/commons/thumb/c/cf/Dr._Jorge_Orlando_Calvo.jpg/220px-Dr._Jorge_Orlando_Calvo.jpg, 1961-04-27, , 5816
Adolphe-Théodore Brongniart, http://upload.wikimedia.org/wikipedia/commons/thumb/7/77/Adolphe_Th%C3%A9odore_Brongniart00.jpg/220px-Adolphe_Th%C3%A9odore_Brongniart00.jpg, 1801-01-14, 1876-02-18, 6565
Robert Broom, http://upload.wikimedia.org/wikipedia/commons/thumb/a/a1/Robert_Broom00.jpg/220px-Robert_Broom00.jpg, 1866-11-30, 1951-04-06, 7112
Barnum Brown, http://upload.wikimedia.org/wikipedia/commons/thumb/9/9c/BarnumBrown_Student.jpg/220px-BarnumBrown_Student.jpg, , , 6243
Walter Hermann Bucher, http://upload.wikimedia.org/wikipedia/en/thumb/a/a4/Flag_of_the_United_States.svg/23px-Flag_of_the_United_States.svg.png, 1888-03-12, 1965-02-17, 7030
Stephen L. Brusatte, http://upload.wikimedia.org/wikipedia/commons/thumb/c/c3/Stephen_Brusatte.tif/lossy-page1-220px-Stephen_Brusatte.tif.jpg, 1984-04-24, , 7724
Mary Gordon Calder, http://upload.wikimedia.org/wikipedia/en/thumb/8/88/Mary_Gordon_Calder_%28circa_1929%29.jpg/220px-Mary_Gordon_Calder_%28circa_1929%29.jpg, , , 4929
James Scott Bowerbank, http://upload.wikimedia.org/wikipedia/commons/thumb/2/22/James_Scott_Bowerbank.jpg/200px-James_Scott_Bowerbank.jpg, , 1877-03-08, 2616
Stoycho Vassilev Breskovski, http://upload.wikimedia.org/wikipedia/commons/thumb/a/a4/Dr_Breskovski_in_a_Fossilling_Day_with_Students_Summer_1981.jpg/220px-Dr_Breskovski_in_a_Fossilling_Day_with_Students_Summer_1981.jpg, 1934-12-25, 2004-01-15, 7583
Irene Crespin, http://upload.wikimedia.org/wikipedia/commons/c/cc/Irene_Crespin.jpg, 1896-11-12, 1980-01-02, 5982
Alberto Cobos, http://upload.wikimedia.org/wikipedia/en/thumb/9/9a/Flag_of_Spain.svg/20px-Flag_of_Spain.svg.png, , , 812
Luis M. Chiappe, http://upload.wikimedia.org/wikipedia/commons/thumb/1/1e/Luis_M._Chiappe.jpg/220px-Luis_M._Chiappe.jpg, , , 2415
Fabio Colonna, http://upload.wikimedia.org/wikipedia/commons/thumb/2/28/Portrait_of_Colonna_1572.jpg/220px-Portrait_of_Colonna_1572.jpg, , 1640-07-25, 5276
William Conybeare (geologist), http://upload.wikimedia.org/wikipedia/commons/thumb/1/15/William_Conybeare.gif/180px-William_Conybeare.gif, , 1857-08-12, 6464
John Mason Clarke, http://upload.wikimedia.org/wikipedia/commons/thumb/e/ef/John_M._Clarke.jpg/220px-John_M._Clarke.jpg, , , 8700
Preston Cloud, http://upload.wikimedia.org/wikipedia/en/thumb/0/0c/Preston_Cloud.jpg/220px-Preston_Cloud.jpg, 1912-09-26, 1991-01-16, 14543
Edwin H. Colbert, http://upload.wikimedia.org/wikipedia/en/thumb/d/d6/Edwin_Harris_Colbert_1.jpg/175px-Edwin_Harris_Colbert_1.jpg, 1905-09-28, 2001-11-15, 4770
Daniel Cargnin, http://upload.wikimedia.org/wikipedia/commons/thumb/0/0b/Museu_Padre_Cargnin.JPG/300px-Museu_Padre_Cargnin.JPG, , , 1771
John William Dawson, http://upload.wikimedia.org/wikipedia/commons/thumb/c/c2/Portrait_of_John_William_Dawson.jpg/220px-Portrait_of_John_William_Dawson.jpg, 1820-10-13, 1899-11-19, 12430
Philip J. Currie, http://upload.wikimedia.org/wikipedia/commons/thumb/9/94/Philip_Currie.jpg/220px-Philip_Currie.jpg, 1949-03-13, , 10871
Richard Fortey, http://upload.wikimedia.org/wikipedia/commons/thumb/d/d0/Richard_Fortey_in_Adelaide%2C_South_Australia_2014.jpg/220px-Richard_Fortey_in_Adelaide%2C_South_Australia_2014.jpg, 1946-02-15, , 9889
Edward Forbes, http://upload.wikimedia.org/wikipedia/commons/thumb/2/21/Edward_Forbes.jpg/200px-Edward_Forbes.jpg, , 1854-11-18, 13505
William Fox (palaeontologist), http://upload.wikimedia.org/wikipedia/en/c/c4/William_D_Fox_palaeontologist.jpg, , , 2843
Mildred Adams Fenton, http://upload.wikimedia.org/wikipedia/commons/thumb/8/8f/Mildred_Adams_Fenton.jpg/220px-Mildred_Adams_Fenton.jpg, 1899-11-14, 1995-12-08, 1460
Geraldine Finlayson, http://upload.wikimedia.org/wikipedia/commons/thumb/6/60/Gibraltar_-_300_a%C3%B1os_de_Utrecht_13.7.2013_33_%289292015500%29_%282%29-2.jpg/220px-Gibraltar_-_300_a%C3%B1os_de_Utrecht_13.7.2013_33_%289292015500%29_%282%29-2.jpg, , , 13819
Antonin Fritsch, http://upload.wikimedia.org/wikipedia/commons/thumb/d/da/Fric_Antonin.jpg/220px-Fric_Antonin.jpg, , , 2196
Gotthelf Fischer von Waldheim, http://upload.wikimedia.org/wikipedia/commons/thumb/c/c2/Fischer_von_Waldheim_1771-1853.jpg/220px-Fischer_von_Waldheim_1771-1853.jpg, , 1853-10-18, 4688
Hugh Falconer, http://upload.wikimedia.org/wikipedia/commons/thumb/9/96/Hugh_Falconer.jpeg/220px-Hugh_Falconer.jpeg, 1808-02-29, 1865-01-31, 9718
Clive Finlayson, http://upload.wikimedia.org/wikipedia/commons/thumb/3/31/Clive_Finlayson_portrait.jpg/220px-Clive_Finlayson_portrait.jpg, 1955-01-15, , 5955
Franz Nopcsa von Felső-Szilvás, http://upload.wikimedia.org/wikipedia/commons/3/33/BaronNopcsa.jpg, , 1933-04-25, 11193
Philip Donoghue, http://upload.wikimedia.org/wikipedia/commons/thumb/b/bd/Professor_Philip_Conrad_Donoghue_FRS.jpg/220px-Professor_Philip_Conrad_Donoghue_FRS.jpg, 1971-04-05, , 7219
Mikhail Fedonkin, http://upload.wikimedia.org/wikipedia/commons/thumb/7/7d/2017-FedonkinMA.jpg/220px-2017-FedonkinMA.jpg, 1946-06-19, , 5340
Louis Dollo, http://upload.wikimedia.org/wikipedia/commons/thumb/9/9c/Louis_Dollo_2.JPG/220px-Louis_Dollo_2.JPG, , , 8355
Henry De la Beche, http://upload.wikimedia.org/wikipedia/commons/thumb/0/01/Henry_Thomas_de_la_Beche.jpg/220px-Henry_Thomas_de_la_Beche.jpg, 1796-02-10, 1855-04-13, 12604
Tilly Edinger, http://upload.wikimedia.org/wikipedia/commons/thumb/e/e5/TillyEdinger.jpg/220px-TillyEdinger.jpg, 1897-11-13, 1967-05-27, 6673
Jean Albert Gaudry, http://upload.wikimedia.org/wikipedia/commons/thumb/6/6f/PSM_V74_D522_Jean_Albert_Gaudry.png/220px-PSM_V74_D522_Jean_Albert_Gaudry.png, , 1908-11-28, 4281
Maria Gordon, http://upload.wikimedia.org/wikipedia/commons/0/00/Maria_Matilda_Ogilvie_Gordon_1900.jpg, 1864-04-13, 1939-06-24, 6737
Henry Gee, http://upload.wikimedia.org/wikipedia/commons/thumb/a/a1/Henry_Gee%2C_December_2008.jpg/150px-Henry_Gee%2C_December_2008.jpg, , , 6943
Stephen Jay Gould, http://upload.wikimedia.org/wikipedia/en/thumb/2/21/Stephen_Jay_Gould_2015%2C_portrait_%28unknown_date%29.jpg/220px-Stephen_Jay_Gould_2015%2C_portrait_%28unknown_date%29.jpg, , 2002-05-20, 65237
George Gaylord Simpson, http://upload.wikimedia.org/wikipedia/en/a/ab/George_Gaylord_Simpson.jpg, 1902-06-16, 1984-10-06, 17743
Benjamin Franklin Mudge, http://upload.wikimedia.org/wikipedia/commons/thumb/b/b6/Benjamin_Franklin_Mudge.jpg/220px-Benjamin_Franklin_Mudge.jpg, 1817-08-11, 1879-11-21, 21660
Marcello Ruta, http://upload.wikimedia.org/wikipedia/en/thumb/b/be/Flag_of_England.svg/23px-Flag_of_England.svg.png, , , 2102
Judith Schiebout, http://upload.wikimedia.org/wikipedia/en/thumb/a/a4/Flag_of_the_United_States.svg/23px-Flag_of_the_United_States.svg.png, , , 2650
Ian Tattersall, http://upload.wikimedia.org/wikipedia/commons/thumb/9/91/Ian_Tattersall_Gibraltar_September_2012.jpg/220px-Ian_Tattersall_Gibraltar_September_2012.jpg, , , 7239
Pierre-Joseph van Beneden, http://upload.wikimedia.org/wikipedia/commons/thumb/4/4f/Pierre-Joseph_Van_Beneden_%281809-1894%29.jpg/220px-Pierre-Joseph_Van_Beneden_%281809-1894%29.jpg, 1809-12-19, 1894-01-08, 5015
Alfred Romer, http://upload.wikimedia.org/wikipedia/en/thumb/f/fa/Alfred_Sherwood_Romer.jpg/220px-Alfred_Sherwood_Romer.jpg, , , 6505
Emily Rayfield, http://upload.wikimedia.org/wikipedia/en/thumb/b/be/Flag_of_England.svg/23px-Flag_of_England.svg.png, , , 2636
Paul Sereno, http://upload.wikimedia.org/wikipedia/commons/thumb/2/24/Paul_Sereno_Lab_Photo.jpg/220px-Paul_Sereno_Lab_Photo.jpg, 1957-10-11, , 6261
Frederick McCoy, http://upload.wikimedia.org/wikipedia/commons/thumb/c/c0/Frederick_McCoy.jpg/220px-Frederick_McCoy.jpg, , 1899-05-16, 6064
Viktor Uhlig, http://upload.wikimedia.org/wikipedia/commons/thumb/6/63/Uhlig_Viktor.jpg/220px-Uhlig_Viktor.jpg, , 1911-06-04, 2098
Robert M. Schoch, http://upload.wikimedia.org/wikipedia/commons/thumb/1/16/Robert_M._Schoch_in_Turkey%2C_Photo_by_Catherine_Ulissey.jpg/220px-Robert_M._Schoch_in_Turkey%2C_Photo_by_Catherine_Ulissey.jpg, 1949-04-24, , 7535
Mohammad-Javad Mohammadizadeh, http://upload.wikimedia.org/wikipedia/commons/thumb/f/fa/Mohammad-Javad_Mohammadizadeh.jpg/220px-Mohammad-Javad_Mohammadizadeh.jpg, , , 6034
Elmer S. Riggs, http://upload.wikimedia.org/wikipedia/commons/thumb/6/6f/Altithorax.jpg/220px-Altithorax.jpg, 1869-01-23, 1963-03-25, 5017
Yuri Alexandrovich Popov, http://upload.wikimedia.org/wikipedia/commons/thumb/e/e4/Yuri_Alexandrovich_Popov%2C_ca._1997.jpg/220px-Yuri_Alexandrovich_Popov%2C_ca._1997.jpg, 1936-03-05, 2016-11-16, 4985
Nathaniel Shaler, http://upload.wikimedia.org/wikipedia/commons/thumb/4/41/Picture_of_Nathaniel_Shaler.jpg/220px-Picture_of_Nathaniel_Shaler.jpg, 1841-02-20, 1906-04-10, 11489
Franz Unger, http://upload.wikimedia.org/wikipedia/commons/thumb/5/5c/Franz_Unger.jpg/220px-Franz_Unger.jpg, 1800-11-30, 1870-02-13, 4155
Dmitry Mushketov, http://upload.wikimedia.org/wikipedia/commons/thumb/c/c3/1930-MushketovD.jpg/220px-1930-MushketovD.jpg, 1882-03-31, 1938-02-18, 4294
Rafael Royo-Torres, http://upload.wikimedia.org/wikipedia/commons/thumb/0/02/Rafael_Royo_Torres_-_oct_2015.JPG/220px-Rafael_Royo_Torres_-_oct_2015.JPG, , , 668
Gaston de Saporta, http://upload.wikimedia.org/wikipedia/commons/thumb/f/fa/Gaston_de_saporta_portrait.jpg/220px-Gaston_de_saporta_portrait.jpg, , 1895-01-27, 5702
R. J. G. Savage, http://upload.wikimedia.org/wikipedia/en/thumb/a/a5/RJG_Savage_portrait.jpg/220px-RJG_Savage_portrait.jpg, 1927-07-02, 1998-05-09, 6034
Joseph Tyrrell, http://upload.wikimedia.org/wikipedia/commons/thumb/f/f5/JBTyrrell.png/220px-JBTyrrell.png, 1858-11-01, 1957-08-26, 5102
Darren Naish, http://upload.wikimedia.org/wikipedia/commons/thumb/5/5c/Darren_Naish.jpg/220px-Darren_Naish.jpg, , , 8434
Bernard Renault, http://upload.wikimedia.org/wikipedia/en/thumb/c/c3/Flag_of_France.svg/23px-Flag_of_France.svg.png, , , 3283
Mark Purnell, http://upload.wikimedia.org/wikipedia/en/thumb/b/be/Flag_of_England.svg/23px-Flag_of_England.svg.png, , , 3679
Donald Prothero, http://upload.wikimedia.org/wikipedia/commons/thumb/d/dc/ProtheroPhoto1.jpg/220px-ProtheroPhoto1.jpg, 1954-02-21, , 19365
Ivan Sansom, http://upload.wikimedia.org/wikipedia/en/thumb/a/ae/Flag_of_the_United_Kingdom.svg/23px-Flag_of_the_United_Kingdom.svg.png, , , 2241
Richard Owen, http://upload.wikimedia.org/wikipedia/commons/thumb/1/13/Richard-owen2.jpg/250px-Richard-owen2.jpg, 1804-07-20, 1892-12-18, 39847
George William Stow, http://upload.wikimedia.org/wikipedia/commons/thumb/5/58/George_William_Stow02.jpg/220px-George_William_Stow02.jpg, 1822-02-02, 1882-03-17, 6926
Charles Mortram Sternberg, http://upload.wikimedia.org/wikipedia/commons/thumb/0/0c/The_Canadian_field-naturalist_%281982%29_%2819899824613%29.jpg/220px-The_Canadian_field-naturalist_%281982%29_%2819899824613%29.jpg, , , 3201
Kaspar Maria von Sternberg, http://upload.wikimedia.org/wikipedia/commons/thumb/0/04/KasparMariaVonSternberg.jpg/220px-KasparMariaVonSternberg.jpg, , , 3247
William Berryman Scott, http://upload.wikimedia.org/wikipedia/commons/thumb/9/99/PSM_V66_D014_Officers_of_the_paleontology_section_of_the_st_louis_congress.png/220px-PSM_V66_D014_Officers_of_the_paleontology_section_of_the_st_louis_congress.png, 1859-02-12, 1947-03-29, 6987
M. Paul Smith, http://upload.wikimedia.org/wikipedia/en/thumb/b/be/Flag_of_England.svg/23px-Flag_of_England.svg.png, , , 3311
Samuel Hubbard Scudder, http://upload.wikimedia.org/wikipedia/commons/thumb/1/17/Samuel_Hubbard_Scudder_1837-1911.jpg/220px-Samuel_Hubbard_Scudder_1837-1911.jpg, 1837-04-13, 1911-05-17, 5094
Neil Shubin, http://upload.wikimedia.org/wikipedia/commons/thumb/2/20/Neil_Shubin.jpg/250px-Neil_Shubin.jpg, 1960-12-22, , 4123
Charles Hazelius Sternberg, http://upload.wikimedia.org/wikipedia/commons/thumb/f/f8/CharlesHSternberg.jpg/220px-CharlesHSternberg.jpg, 1850-06-15, 1943-07-20, 5227
Michael P. Taylor, http://upload.wikimedia.org/wikipedia/commons/thumb/6/6a/Michael_P._Taylor.jpg/220px-Michael_P._Taylor.jpg, 1968-03-12, , 1477
Charles Doolittle Walcott, http://upload.wikimedia.org/wikipedia/commons/thumb/7/7f/Charles_Walcott.jpg/220px-Charles_Walcott.jpg, 1894, , 16337
Joan Wiffen, http://upload.wikimedia.org/wikipedia/en/thumb/7/75/Joan_Wiffen_with_fossil.jpg/220px-Joan_Wiffen_with_fossil.jpg, 1922-02-04, 2009-06-30, 3121
Elisabeth Vrba, http://upload.wikimedia.org/wikipedia/commons/thumb/5/57/Elisabeth_Vrba_2009-02.JPG/220px-Elisabeth_Vrba_2009-02.JPG, 1942-05-17, , 3972
C. H. Waddington, http://upload.wikimedia.org/wikipedia/en/thumb/9/9d/Conrad_Hal_Waddington.jpg/220px-Conrad_Hal_Waddington.jpg, , 1975-09-27, 18768
Amos Henry Worthen, http://upload.wikimedia.org/wikipedia/commons/thumb/c/cc/Amos_Henry_Worthen_-_Appletons_annual_cyclopedia.jpg/220px-Amos_Henry_Worthen_-_Appletons_annual_cyclopedia.jpg, 1813-10-31, 1888-05-06, 1318
Arthur Smith Woodward, http://upload.wikimedia.org/wikipedia/commons/thumb/f/f5/PSM_V75_D415_Arthur_Smith_Woodward.png/175px-PSM_V75_D415_Arthur_Smith_Woodward.png, 1864-05-23, 1944-09-02, 6759
Samuel Wendell Williston, http://upload.wikimedia.org/wikipedia/commons/thumb/e/e6/Williston1890s.jpg/250px-Williston1890s.jpg, 1851-07-10, 1918-08-30, 5604
Tiberius Cornelis Winkler, http://upload.wikimedia.org/wikipedia/commons/thumb/6/65/Tiberius_Cornelius_Winkler.jpg/220px-Tiberius_Cornelius_Winkler.jpg, 1822-05-28, 1897-04-04, 5268
Charles Abiathar White, http://upload.wikimedia.org/wikipedia/commons/thumb/e/e3/CharlesAbiatharWhiteca1848.jpg/220px-CharlesAbiatharWhiteca1848.jpg, 1836-01-26, 1910-06-29, 3102
Vladimir Zherikhin, http://upload.wikimedia.org/wikipedia/en/thumb/f/f3/Flag_of_Russia.svg/20px-Flag_of_Russia.svg.png, , 2001-12-21, 2699
Richard Swann Lull, http://upload.wikimedia.org/wikipedia/commons/thumb/3/38/Richard_Swann_Lull_by_William_Sergeant_Kendall.jpeg/220px-Richard_Swann_Lull_by_William_Sergeant_Kendall.jpeg, 1867-11-06, 1957-04-22, 4687
Gideon Mantell, http://upload.wikimedia.org/wikipedia/commons/thumb/1/11/Gideonmantell.jpg/220px-Gideonmantell.jpg, 1790-02-03, 1852-11-10, 16702
James Kitching, http://upload.wikimedia.org/wikipedia/commons/thumb/e/e9/James_Kitching.jpg/200px-James_Kitching.jpg, 1922-02-06, 2003-12-24, 6565
Andrew H. Knoll, http://upload.wikimedia.org/wikipedia/commons/thumb/4/40/Andrew-Herbert-Knoll-ForMemRS.jpg/220px-Andrew-Herbert-Knoll-ForMemRS.jpg, , , 10067
Jaroslav Kraft, http://upload.wikimedia.org/wikipedia/commons/thumb/0/0e/Kraft3.jpg/220px-Kraft3.jpg, 1940-04-09, 2007-01-10, 6822
Vladimir Kovalevsky (paleontologist), http://upload.wikimedia.org/wikipedia/commons/thumb/3/39/Vladimir_Kovalevsky_%28paleontologist%29.jpg/220px-Vladimir_Kovalevsky_%28paleontologist%29.jpg, , 1883-04-16, 4801
Gregory S. Paul, http://upload.wikimedia.org/wikipedia/commons/thumb/f/fe/Gregory_S_Paul_in_Princeton.jpg/200px-Gregory_S_Paul_in_Princeton.jpg, 1954-12-24, , 16252
Heinz Christian Pander, http://upload.wikimedia.org/wikipedia/commons/thumb/6/65/Heinz_Christian_Pander00.jpg/220px-Heinz_Christian_Pander00.jpg, 1794-07-24, 1865-09-22, 3894
Paul E. Olsen, http://upload.wikimedia.org/wikipedia/commons/thumb/6/68/Dr._Paul_E._Olsen.png/220px-Dr._Paul_E._Olsen.png, 1953-08-04, , 3174
Miquel Crusafont i Pairó, http://upload.wikimedia.org/wikipedia/commons/thumb/e/e9/Crusafont.jpg/220px-Crusafont.jpg, , , 1794
Peter Wilhelm Lund, http://upload.wikimedia.org/wikipedia/commons/thumb/a/aa/Peter_Wilhelm_Lund.jpg/220px-Peter_Wilhelm_Lund.jpg, 1801-06-14, 1880-05-25, 10844
Thomas Oldham, http://upload.wikimedia.org/wikipedia/commons/thumb/3/39/Thomas_oldham.jpg/200px-Thomas_oldham.jpg, 1816-05-04, 1878-07-17, 3841
Vladimir Obruchev, http://upload.wikimedia.org/wikipedia/commons/thumb/2/25/1930s-ObruchevVA.jpg/220px-1930s-ObruchevVA.jpg, 1863-09-28, 1956-06-19, 7599
John Ostrom, http://upload.wikimedia.org/wikipedia/en/thumb/a/af/John_ostrom.jpg/220px-John_ostrom.jpg, 1928-02-18, 2005-07-16, 6272
Erwin Hinckley Barbour, http://upload.wikimedia.org/wikipedia/commons/thumb/d/d5/Erwin_Hinckly_Barbour_1856-1947.jpg/220px-Erwin_Hinckly_Barbour_1856-1947.jpg, , 1947-05-11, 2420
Dorothea Bate, http://upload.wikimedia.org/wikipedia/en/8/8a/Dorothea_Bate.png, , , 10016
Yuri Alexandrovich Orlov, http://upload.wikimedia.org/wikipedia/commons/thumb/7/7f/Orlov_Yu_A.jpg/220px-Orlov_Yu_A.jpg, , 1966-10-02, 5342
Alcide d'Orbigny, http://upload.wikimedia.org/wikipedia/commons/thumb/8/8c/Alcide_Dessalines_d%27Orbigny_1802.jpg/200px-Alcide_Dessalines_d%27Orbigny_1802.jpg, , 1857-07-01, 8380
Harry Seeley, http://upload.wikimedia.org/wikipedia/commons/thumb/6/6f/Harry_Seeley.jpg/220px-Harry_Seeley.jpg, 1839-02-18, 1909-01-08, 4337
Mignon Talbot, http://upload.wikimedia.org/wikipedia/commons/thumb/0/0f/Mignon_Talbot.jpg/200px-Mignon_Talbot.jpg, 1869-08-16, 1950-07-18, 4150
Klaus Oeggl, http://upload.wikimedia.org/wikipedia/commons/thumb/4/49/Klaus_Oeggl.jpg/220px-Klaus_Oeggl.jpg, , , 11969
William Buckland, http://upload.wikimedia.org/wikipedia/commons/thumb/0/0e/William_Buckland_c1845.jpg/220px-William_Buckland_c1845.jpg, 1784-03-12, 1856-08-14, 31237
Edward Drinker Cope, http://upload.wikimedia.org/wikipedia/commons/thumb/7/7a/Cope_Edward_Drinker_1840-1897.jpg/220px-Cope_Edward_Drinker_1840-1897.jpg, 1840-07-28, 1897-04-12, 56042
Georges Cuvier, http://upload.wikimedia.org/wikipedia/commons/thumb/f/f3/Georges_Cuvier.png/200px-Georges_Cuvier.png, 1769-08-23, 1832-05-13, 66119
Tim Flannery, http://upload.wikimedia.org/wikipedia/commons/thumb/2/22/Tim_Flannery.jpg/220px-Tim_Flannery.jpg, 1956-01-28, , 34139
Marie Stopes, http://upload.wikimedia.org/wikipedia/commons/thumb/2/2d/Marie_Stopes_in_her_laboratory%2C_1904.jpg/240px-Marie_Stopes_in_her_laboratory%2C_1904.jpg, 1880-10-15, 1958-10-03, 46330
Pierre Teilhard de Chardin, http://upload.wikimedia.org/wikipedia/en/thumb/a/ac/Teilhard_de_Chardin%281%29.jpg/220px-Teilhard_de_Chardin%281%29.jpg, 1881-05-01, 1955-04-10, 63111
Venceslau de Sousa Pereira de Lima, http://upload.wikimedia.org/wikipedia/commons/thumb/e/ea/Wenceslau_Pereira_de_Lima.jpg/220px-Wenceslau_Pereira_de_Lima.jpg, 1858-11-15, 1919-12-24, 9313
Richard Leakey, http://upload.wikimedia.org/wikipedia/commons/thumb/1/13/Richard_Leakey_cropped.jpg/220px-Richard_Leakey_cropped.jpg, 1944-12-19, , 21614
René Lavocat, http://upload.wikimedia.org/wikipedia/commons/thumb/e/ee/Ren%C3%A9_Lavocat.jpg/220px-Ren%C3%A9_Lavocat.jpg, , 2007-08-10, 2465
André Leroi-Gourhan, http://upload.wikimedia.org/wikipedia/commons/thumb/3/3a/Andr%C3%A9_Leroi-Gourhan.png/220px-Andr%C3%A9_Leroi-Gourhan.png, 1911-08-25, 1986-02-19, 7747
Giancarlo Ligabue, http://upload.wikimedia.org/wikipedia/en/thumb/2/2a/Giancarlo_Ligabue_1931_%E2%80%93_2015.jpg/220px-Giancarlo_Ligabue_1931_%E2%80%93_2015.jpg, 1931-10-30, 2015-01-25, 2123
Joseph Leidy, http://upload.wikimedia.org/wikipedia/commons/thumb/c/c1/Joseph_Leidy_by_Gilbert_Studios_c1870.jpg/175px-Joseph_Leidy_by_Gilbert_Studios_c1870.jpg, 1823-09-09, 1891-04-30, 7892
Othniel Charles Marsh, http://upload.wikimedia.org/wikipedia/commons/thumb/0/01/Othniel_Charles_Marsh_-_Brady-Handy.jpg/220px-Othniel_Charles_Marsh_-_Brady-Handy.jpg, 1831-10-29, 1899-03-18, 9838
David P. Penhallow, http://upload.wikimedia.org/wikipedia/commons/thumb/d/de/PSM_V43_D608_David_Pearce_Penhallow.jpg/220px-PSM_V43_D608_David_Pearce_Penhallow.jpg, 1854-05-25, 1910-10-20, 3452
Edna P. Plumstead, http://upload.wikimedia.org/wikipedia/en/thumb/9/9e/Edna_Plumstead01a.jpg/220px-Edna_Plumstead01a.jpg, 1903-09-15, 1989-09-23, 4973
Henry Fairfield Osborn, http://upload.wikimedia.org/wikipedia/commons/thumb/8/8c/H._F._Osborn.jpg/220px-H._F._Osborn.jpg, , 1935-11-07, 13505
Alexei Petrovich Pavlov, http://upload.wikimedia.org/wikipedia/commons/thumb/b/bb/Alexey_Petrovich_Pavlov.jpg/220px-Alexey_Petrovich_Pavlov.jpg, , , 819
Alexandr Rasnitsyn, http://upload.wikimedia.org/wikipedia/commons/thumb/f/fc/Rasnitsyn_Alava.jpg/250px-Rasnitsyn_Alava.jpg, 1936-09-24, , 21788
Armin Öpik, http://upload.wikimedia.org/wikipedia/commons/thumb/7/70/Armin_Aleksander_%C3%96pik.jpg/220px-Armin_Aleksander_%C3%96pik.jpg, 1898-06-24, 1983-01-15, 3917
Ivan Yefremov, http://upload.wikimedia.org/wikipedia/en/f/f7/Ivan_Yefremov.jpg, , 1972-10-05, 7766
Halszka Osmólska, http://upload.wikimedia.org/wikipedia/en/1/12/Halszka_Osm%C3%B3lska.jpg, 1930-09-15, 2008-03-31, 6696
Joachim Barrande, http://upload.wikimedia.org/wikipedia/commons/7/7e/Barrandepic.jpg, 1799-08-11, 1883-10-06, 4174
Andrew Geddes Bain, http://upload.wikimedia.org/wikipedia/commons/5/55/Andrew_Geddes_Bain00.jpg, 1797-06-11, 1864-10-20, 7914
Francisco Javier Muñiz, http://upload.wikimedia.org/wikipedia/commons/thumb/1/15/Francisco_Javier_Mu%C3%B1iz.jpg/220px-Francisco_Javier_Mu%C3%B1iz.jpg, 1795-12-21, 1871-04-08, 10185
Günter Bechly, http://upload.wikimedia.org/wikipedia/commons/thumb/5/5b/Dr._G%C3%BCnter_Bechly%2C_geboren_1963%2C_deutscher_Pal%C3%A4ontologe%2C_Kurator_f%C3%BCr_Bernstein_und_fossile_Insekten_am_Staatlichen_Museum_f%C3%BCr_Naturkunde_in_Stuttgart.jpg/220px-Dr._G%C3%BCnter_Bechly%2C_geboren_1963%2C_deutscher_Pal%C3%A4ontologe%2C_Kurator_f%C3%BCr_Bernstein_und_fossile_Insekten_am_Staatlichen_Museum_f%C3%BCr_Naturkunde_in_Stuttgart.jpg, 1963-10-16, , 8831
Gregory Retallack, http://upload.wikimedia.org/wikipedia/commons/thumb/c/c4/RetallackBernardRanch.jpg/220px-RetallackBernardRanch.jpg, 1951-11-08, , 20746
Marcellin Boule, http://upload.wikimedia.org/wikipedia/commons/thumb/2/21/IPH_Marcellin_Boule.jpg/220px-IPH_Marcellin_Boule.jpg, , , 2593
Michael Benton, http://upload.wikimedia.org/wikipedia/commons/thumb/c/ce/Professor_Michael_Benton_FRS.jpg/220px-Professor_Michael_Benton_FRS.jpg, 1956-04-08, , 8427
Alexander Keyserling, http://upload.wikimedia.org/wikipedia/commons/thumb/b/bb/AlexanderGrafKeyserling.jpg/175px-AlexanderGrafKeyserling.jpg, , 1891-05-09, 2122
Kenneth Lacovara, http://upload.wikimedia.org/wikipedia/commons/thumb/8/87/Kenneth_J._Lacovara_with_Dreadnoughtus_femur.jpg/220px-Kenneth_J._Lacovara_with_Dreadnoughtus_femur.jpg, , , 10345
Luigi Piacenza, http://upload.wikimedia.org/wikipedia/commons/thumb/3/37/Luigi_Piacenza.jpg/220px-Luigi_Piacenza.jpg, , 2009-11-15, 8790
Édouard Lartet, http://upload.wikimedia.org/wikipedia/commons/thumb/2/25/Lartet.jpg/200px-Lartet.jpg, , , 4588
