name, img, birth, death, length 
Mir Masoom Ali, http://upload.wikimedia.org/wikipedia/commons/3/3c/Mir_Masoom_Ali.jpg, 1937-02-01, , 6420
Raghu Raj Bahadur, http://upload.wikimedia.org/wikipedia/en/7/78/Raghu_Raj_Bahadur.jpg, 1924-04-30, 1997-07-07, 2955
William Beveridge, http://upload.wikimedia.org/wikipedia/commons/thumb/e/e2/William_Beveridge_D_17134.jpg/220px-William_Beveridge_D_17134.jpg, 1879-03-05, 1963-03-16, 20390
Debabrata Basu, http://upload.wikimedia.org/wikipedia/en/thumb/2/22/Debabrata_Basu.gif/220px-Debabrata_Basu.gif, 1924-07-05, 2001-03-24, 7979
Roelof Botha, http://upload.wikimedia.org/wikipedia/commons/thumb/5/54/Roelof_Botha.jpg/220px-Roelof_Botha.jpg, 1973-09-19, , 3437
Leo Breiman, http://upload.wikimedia.org/wikipedia/en/4/4d/Leo_Breiman.jpg, 1928-01-27, 2005-07-05, 2252
Pafnuty Chebyshev, http://upload.wikimedia.org/wikipedia/commons/8/82/Chebyshev.jpg, 1821-05-16, 1894-12-08, 10902
Irénée-Jules Bienaymé, http://upload.wikimedia.org/wikipedia/commons/thumb/c/cf/Ir%C3%A9n%C3%A9e-Jules_Bienaym%C3%A9.jpeg/250px-Ir%C3%A9n%C3%A9e-Jules_Bienaym%C3%A9.jpeg, 1796-08-28, 1878-10-19, 4961
Doug Altman, http://upload.wikimedia.org/wikipedia/commons/thumb/1/12/Doug_altman.jpeg/220px-Doug_altman.jpeg, 1948-07-12, , 7151
Hirotugu Akaike, http://upload.wikimedia.org/wikipedia/commons/thumb/c/c0/Akaike_Guest_House_in_Jan_2016.JPG/220px-Akaike_Guest_House_in_Jan_2016.JPG, 1927-11-05, 2009-08-04, 4243
John Aitchison, http://upload.wikimedia.org/wikipedia/commons/thumb/2/25/John_Aitchison_October_2007_in_Girona_%28Spain%29.jpg/220px-John_Aitchison_October_2007_in_Girona_%28Spain%29.jpg, , , 6499
Anthony Ashley-Cooper, 7th Earl of Shaftesbury, http://upload.wikimedia.org/wikipedia/commons/thumb/a/a2/Anthony_Ashley-Cooper%2C_7th_Earl_of_Shaftesbury_by_John_Collier.jpg/220px-Anthony_Ashley-Cooper%2C_7th_Earl_of_Shaftesbury_by_John_Collier.jpg, 1801-04-28, 1885-10-01, 39277
Colin Clark (economist), http://upload.wikimedia.org/wikipedia/en/2/2e/Colin_Clark_%28economist%29.jpg, 1905-11-02, 1989-09-04, 10907
Calvin Beale, http://upload.wikimedia.org/wikipedia/commons/thumb/6/67/Calvin_Beale.jpg/220px-Calvin_Beale.jpg, 1923-06-06, 2008-09-02, 2095
Thomas Bayes, http://upload.wikimedia.org/wikipedia/commons/thumb/d/d4/Thomas_Bayes.gif/225px-Thomas_Bayes.gif, , 1761-04-07, 11547
Edith Abbott, http://upload.wikimedia.org/wikipedia/en/thumb/0/08/Edith_abbott.jpg/220px-Edith_abbott.jpg, 1876-09-26, 1957-07-28, 6594
R. G. D. Allen, http://upload.wikimedia.org/wikipedia/commons/thumb/7/70/Professor_Sir_Roy_George_Douglas_Allen%2C_c1978.jpg/220px-Professor_Sir_Roy_George_Douglas_Allen%2C_c1978.jpg, 1906-06-03, 1983-09-29, 12483
Carlo Emilio Bonferroni, http://upload.wikimedia.org/wikipedia/commons/thumb/d/de/Carlo_Emilio_Bonferroni.jpg/160px-Carlo_Emilio_Bonferroni.jpg, 1892-01-28, 1960-08-18, 1710
Frank Anscombe, http://upload.wikimedia.org/wikipedia/en/d/d5/Francis_Anscombe.jpeg, 1918-05-13, 2001-10-17, 4057
Raj Chandra Bose, http://upload.wikimedia.org/wikipedia/en/d/d3/Raj_Chandra_Bose.jpg, 1901-06-19, 1987-10-31, 7004
Kenneth Arrow, http://upload.wikimedia.org/wikipedia/commons/9/9d/Kenneth_Arrow%2C_Stanford_University.jpg, 1921-08-23, 2017-02-21, 45274
Gauss Moutinho Cordeiro, http://upload.wikimedia.org/wikipedia/commons/thumb/1/1b/Foto_Gauss_2014.jpg/220px-Foto_Gauss_2014.jpg, 1952-04-17, , 6840
Norman Breslow, http://upload.wikimedia.org/wikipedia/en/6/6f/Professor_Norman_E._Breslow%2C_University_of_Washington.jpg, 1941-02-21, 2015-12-09, 2170
David E. Bloom, http://upload.wikimedia.org/wikipedia/commons/thumb/c/ca/David_Bloom.JPG/220px-David_Bloom.JPG, 1955-10-16, , 8098
Lawrence D. Brown, http://upload.wikimedia.org/wikipedia/commons/thumb/0/0b/Lawrence_D._Brown%2C_Linda_Zhao.jpg/220px-Lawrence_D._Brown%2C_Linda_Zhao.jpg, 1940-12-16, , 2416
Leonard Porter Ayres, http://upload.wikimedia.org/wikipedia/en/thumb/a/a4/Flag_of_the_United_States.svg/23px-Flag_of_the_United_States.svg.png, 1879-09-15, 1946-10-29, 3426
David B. Allison, http://upload.wikimedia.org/wikipedia/en/thumb/1/19/David_B._Allison%2C_September_2014.jpg/220px-David_B._Allison%2C_September_2014.jpg, , , 6006
David Glass (sociologist), http://upload.wikimedia.org/wikipedia/commons/thumb/7/70/David_Glass%2C_c1970s_%284303691460%29.jpg/220px-David_Glass%2C_c1970s_%284303691460%29.jpg, 1911-01-02, 1978-09-23, 3492
A. Ross Eckler, http://upload.wikimedia.org/wikipedia/commons/9/99/A._Ross_Eckler.jpg, , 1991-03-14, 1792
Thomas M. Cover, http://upload.wikimedia.org/wikipedia/en/8/87/ThomasMCover.jpg, 1938-08-07, 2012-03-26, 5575
John Pakington, 1st Baron Hampton, http://upload.wikimedia.org/wikipedia/commons/thumb/9/98/John_Pakington_1st_Baron_Hampton.jpg/200px-John_Pakington_1st_Baron_Hampton.jpg, 1799-02-20, , 8032
Lucien Le Cam, http://upload.wikimedia.org/wikipedia/commons/thumb/2/25/Lucien_Le_Cam.jpg/250px-Lucien_Le_Cam.jpg, 1924-11-18, 2000-04-25, 3769
Arthur P. Dempster, http://upload.wikimedia.org/wikipedia/commons/thumb/d/d4/Dempster_in_Brest.JPG/220px-Dempster_in_Brest.JPG, , , 2573
Richard Stone, http://upload.wikimedia.org/wikipedia/en/thumb/7/71/Richard_Stone.jpg/220px-Richard_Stone.jpg, 1913-08-30, 1991-12-06, 12576
Oskar Anderson, http://upload.wikimedia.org/wikipedia/commons/thumb/f/f1/Oskar_Anderson.jpg/150px-Oskar_Anderson.jpg, 1887-08-02, 1960-02-12, 3643
Theodore Wilbur Anderson, http://upload.wikimedia.org/wikipedia/commons/thumb/3/3a/TW_Anderson.jpeg/150px-TW_Anderson.jpeg, , , 5141
James Joseph Sylvester, http://upload.wikimedia.org/wikipedia/commons/thumb/2/29/James_Joseph_Sylvester.jpg/220px-James_Joseph_Sylvester.jpg, 1814-09-03, 1897-03-15, 13557
W. Edwards Deming, http://upload.wikimedia.org/wikipedia/en/a/a3/W._Edwards_Deming.gif, 1900-10-14, 1993-12-20, 37260
George E. P. Box, http://upload.wikimedia.org/wikipedia/commons/thumb/a/a2/GeorgeEPBox.jpg/200px-GeorgeEPBox.jpg, 1919-10-18, 2013-03-28, 10273
Howell Tong, http://upload.wikimedia.org/wikipedia/commons/thumb/4/43/The_2014_ISA_public_lecture_Bologna.jpg/220px-The_2014_ISA_public_lecture_Bologna.jpg, , , 9760
David Blackwell, http://upload.wikimedia.org/wikipedia/commons/thumb/7/73/David_Blackwell_1999.jpeg/220px-David_Blackwell_1999.jpeg, 1919-04-24, 2010-07-08, 7173
Abraham Wald, http://upload.wikimedia.org/wikipedia/en/thumb/0/05/Abraham_Wald_in_his_youth.jpg/220px-Abraham_Wald_in_his_youth.jpg, 1902-10-31, 1950-12-13, 7409
Robert F. Engle, http://upload.wikimedia.org/wikipedia/commons/thumb/3/3d/Robert_Engle_SantiagoWEAI2017.png/220px-Robert_Engle_SantiagoWEAI2017.png, 1942-11-10, , 8770
Geoffrey Grimmett, http://upload.wikimedia.org/wikipedia/commons/7/76/Geoffrey_Grimmett_cropped_for_small_screen_use.jpg, 1950-12-20, , 6969
Thomas Farrer, 1st Baron Farrer, http://upload.wikimedia.org/wikipedia/commons/thumb/5/50/Photo_of_Thomas_Farrer%2C_1st_Baron_Farrer.jpg/200px-Photo_of_Thomas_Farrer%2C_1st_Baron_Farrer.jpg, 1819-06-24, , 8484
Benjamin Gompertz, http://upload.wikimedia.org/wikipedia/commons/thumb/a/a9/Gompertz.png/200px-Gompertz.png, 1779-03-05, 1865-07-14, 5701
André-Michel Guerry, http://upload.wikimedia.org/wikipedia/commons/e/e7/Signature_de_Andr%C3%A9-Michel_Guerry.png, , 1866-04-09, 6601
William Sealy Gosset, http://upload.wikimedia.org/wikipedia/commons/thumb/4/42/William_Sealy_Gosset.jpg/240px-William_Sealy_Gosset.jpg, 1876-06-13, 1937-10-16, 7233
Ronald Freedman, http://upload.wikimedia.org/wikipedia/en/thumb/7/74/RonaldFreedman2002.jpg/220px-RonaldFreedman2002.jpg, 1917-08-08, 2007-11-21, 1916
Henry Fowler, 1st Viscount Wolverhampton, http://upload.wikimedia.org/wikipedia/commons/thumb/b/b7/Portrait_of_Henry_Fowler%2C_1st_Viscount_Wolverhampton.jpg/220px-Portrait_of_Henry_Fowler%2C_1st_Viscount_Wolverhampton.jpg, 1830-05-16, 1911-02-26, 9731
Donald Geman, http://upload.wikimedia.org/wikipedia/commons/thumb/2/2d/DonaldGeman.jpg/220px-DonaldGeman.jpg, 1943-09-20, , 5410
Jayanta Kumar Ghosh, http://upload.wikimedia.org/wikipedia/commons/thumb/1/12/Jayanta_Kumar_Ghosh.JPG/220px-Jayanta_Kumar_Ghosh.JPG, 1937-05-23, , 5330
George Gallup, http://upload.wikimedia.org/wikipedia/commons/5/58/George_Gallup.png, 1901-11-18, 1984-07-26, 6596
Terry Speed, http://upload.wikimedia.org/wikipedia/commons/thumb/a/a6/Terry_Speed_1.jpg/220px-Terry_Speed_1.jpg, 1943-03-14, , 6397
François Simiand, http://upload.wikimedia.org/wikipedia/en/7/75/Simiand_fran%C3%A7ois.gif, 1873-04-18, 1935-04-13, 8767
David Spiegelhalter, http://upload.wikimedia.org/wikipedia/commons/thumb/8/8b/Cmglee_David_Spiegelhalter_2013_Cambridge_Science_Festival.jpg/220px-Cmglee_David_Spiegelhalter_2013_Cambridge_Science_Festival.jpg, 1953-08-16, , 13943
Raymond Pearl, http://upload.wikimedia.org/wikipedia/commons/thumb/e/e0/Raymond_Pearl_%28cropped%29.jpg/220px-Raymond_Pearl_%28cropped%29.jpg, 1879-06-03, 1940-11-17, 10815
Gene V. Glass, http://upload.wikimedia.org/wikipedia/commons/thumb/a/af/Gene_Glass.jpg/220px-Gene_Glass.jpg, 1940-06-19, , 10910
David Cox (statistician), http://upload.wikimedia.org/wikipedia/commons/thumb/d/d8/Nci-vol-8182-300_david_cox.jpg/180px-Nci-vol-8182-300_david_cox.jpg, 1924-07-15, , 15822
Thomas Brassey, 1st Earl Brassey, http://upload.wikimedia.org/wikipedia/commons/thumb/b/bc/Brassey1.JPG/200px-Brassey1.JPG, , 1918-02-24, 14823
Jim Berger (statistician), http://upload.wikimedia.org/wikipedia/commons/thumb/8/8e/James_Berger_Oberwolfach_2005.jpg/220px-James_Berger_Oberwolfach_2005.jpg, 1950-04-06, , 4016
William A. Barnett, http://upload.wikimedia.org/wikipedia/commons/thumb/8/85/Wabarnett.jpg/200px-Wabarnett.jpg, 1941-10-30, , 9386
Richard D. Gill, http://upload.wikimedia.org/wikipedia/en/thumb/4/4d/RDG110951.jpg/150px-RDG110951.jpg, 1951-09-11, , 6675
Gustav Fechner, http://upload.wikimedia.org/wikipedia/commons/thumb/a/ae/Gustav_Fechner.jpg/250px-Gustav_Fechner.jpg, 1801-04-19, 1887-11-18, 20838
Agner Krarup Erlang, http://upload.wikimedia.org/wikipedia/commons/thumb/f/fd/Erlang.jpg/200px-Erlang.jpg, 1878-01, 1929-02-04, 5347
William Feller, http://upload.wikimedia.org/wikipedia/commons/thumb/6/6c/Feller_sig.jpg/128px-Feller_sig.jpg, 1906-07-07, 1970-01-15, 17774
Irving Fisher, http://upload.wikimedia.org/wikipedia/commons/thumb/7/7d/Irvingfisher.jpg/220px-Irvingfisher.jpg, 1867-02-27, 1947-04-29, 35149
Francis Ysidro Edgeworth, http://upload.wikimedia.org/wikipedia/commons/thumb/b/b1/Edgeworth.jpeg/220px-Edgeworth.jpeg, 1845-02-08, 1926-02-13, 33141
Persi Diaconis, http://upload.wikimedia.org/wikipedia/commons/thumb/d/d3/Persi_Diaconis_2010.jpg/225px-Persi_Diaconis_2010.jpg, 1945-01-31, , 7013
Gertrude Mary Cox, http://upload.wikimedia.org/wikipedia/en/7/7f/Gertrude_Mary_Cox.jpg, 1900-01-13, 1978-10-17, 4385
John Nelder, http://upload.wikimedia.org/wikipedia/en/thumb/3/31/John_Ashworth_Nelder.jpg/220px-John_Ashworth_Nelder.jpg, 1924-10-08, 2010-08-07, 12533
Rattan Chand, http://upload.wikimedia.org/wikipedia/commons/thumb/1/10/Dr._rattan_chand_B%26W.jpg/220px-Dr._rattan_chand_B%26W.jpg, 1955-05-10, , 8837
John Wingate Thornton, http://upload.wikimedia.org/wikipedia/en/thumb/6/62/JWT_1870.jpg/200px-JWT_1870.jpg, 1818-08-12, 1878-06-06, 33228
Edward Stanley, 15th Earl of Derby, http://upload.wikimedia.org/wikipedia/commons/thumb/b/ba/Edward_Stanley%2C_15th_Earl_of_Derby_2.jpg/200px-Edward_Stanley%2C_15th_Earl_of_Derby_2.jpg, 1826-07-21, 1893-04-21, 16338
Francis Amasa Walker, http://upload.wikimedia.org/wikipedia/commons/9/95/Francis_A_Walker_MIT_2.jpg, 1840-07-02, 1897-01-05, 49477
Francis Galton, http://upload.wikimedia.org/wikipedia/commons/thumb/e/ec/Francis_Galton_1850s.jpg/220px-Francis_Galton_1850s.jpg, 1822-02-16, 1911-01-17, 45825
Karl Pearson, http://upload.wikimedia.org/wikipedia/commons/thumb/1/18/Karl_Pearson%2C_1912.jpg/220px-Karl_Pearson%2C_1912.jpg, 1857-03-27, 1936-04-27, 41253
Eugen Slutsky, http://upload.wikimedia.org/wikipedia/en/thumb/1/1a/Eugen_slutsky_photo.jpg/200px-Eugen_slutsky_photo.jpg, 1880-04-07, 1948-03-10, 4499
Jerzy Neyman, http://upload.wikimedia.org/wikipedia/commons/thumb/8/8e/Jerzy_Neyman2.jpg/220px-Jerzy_Neyman2.jpg, 1894-04-16, 1981-08-05, 20531
John Wishart (statistician), http://upload.wikimedia.org/wikipedia/commons/thumb/d/d8/JohnWishart.jpg/220px-JohnWishart.jpg, 1898-11-28, 1956-07-14, 2433
Jacob Wolfowitz, http://upload.wikimedia.org/wikipedia/commons/thumb/5/5b/Jacob_Wolfowitz.jpg/225px-Jacob_Wolfowitz.jpg, 1910-03-19, 1981-07-16, 3445
James Goodnight, http://upload.wikimedia.org/wikipedia/commons/e/e0/Drgoodnight.jpg, 1943-01-06, , 10256
Edwin Thompson Jaynes, http://upload.wikimedia.org/wikipedia/commons/thumb/b/b0/ETJaynes1.jpg/200px-ETJaynes1.jpg, 1922-07-05, 1998-04-30, 3626
Michael I. Jordan, http://upload.wikimedia.org/wikipedia/commons/d/de/Michael_I_Jordan.png, 1956-02-25, , 6031
Lancelot Hogben, http://upload.wikimedia.org/wikipedia/en/7/74/Lancelot_Hogben.gif, 1895-12-09, 1975-08-22, 16801
Austin Bradford Hill, http://upload.wikimedia.org/wikipedia/commons/thumb/e/eb/Austin_Bradford_Hill.jpg/220px-Austin_Bradford_Hill.jpg, , 1991-04-19, 14059
Wilhelm Lexis, http://upload.wikimedia.org/wikipedia/commons/thumb/0/08/Voit_172_Wilhelm_Lexis.jpg/220px-Voit_172_Wilhelm_Lexis.jpg, 1837-07-17, 1914-08-24, 12432
Frederick Marquis, 1st Earl of Woolton, http://upload.wikimedia.org/wikipedia/commons/thumb/5/5d/1st_Earl_of_Woolton_1947.jpg/220px-1st_Earl_of_Woolton_1947.jpg, 1883-08-23, 1964-12-14, 19920
Joseph C. G. Kennedy, http://upload.wikimedia.org/wikipedia/commons/thumb/d/d6/Joseph_Camp_Griffith_Kennedy.jpg/220px-Joseph_Camp_Griffith_Kennedy.jpg, , 1887-07-13, 5355
Anders Lindstedt, http://upload.wikimedia.org/wikipedia/commons/thumb/0/0a/Anders_Lindstedt%281854-1939%29.jpg/220px-Anders_Lindstedt%281854-1939%29.jpg, 1854-06-27, 1939-05-16, 4327
Gunnar Kulldorff, http://upload.wikimedia.org/wikipedia/commons/7/7f/Gunnar_Kulldorff.jpg, 1927-12-06, 2015-06-25, 5913
Aryeh Dvoretzky, http://upload.wikimedia.org/wikipedia/commons/thumb/2/27/Dvoretzky.jpg/220px-Dvoretzky.jpg, 1916-05-03, 2008-05-08, 3576
Joseph L. Fleiss, http://upload.wikimedia.org/wikipedia/en/c/c1/Joseph_Fleiss.jpg, 1937-11-13, 2003-06-12, 6715
John Lubbock, 1st Baron Avebury, http://upload.wikimedia.org/wikipedia/commons/thumb/b/b6/John_Lubbock72.jpg/230px-John_Lubbock72.jpg, 1834-04-30, 1913-05-29, 21748
Mark Kac, http://upload.wikimedia.org/wikipedia/commons/thumb/5/56/Mark_Kac.jpg/220px-Mark_Kac.jpg, 1914-08-03, 1984-10-26, 10472
Simon Kuznets, http://upload.wikimedia.org/wikipedia/en/thumb/5/59/Kuznets_portrait.jpg/200px-Kuznets_portrait.jpg, 1901-04-30, 1985-07-08, 30396
George Handley Knibbs, http://upload.wikimedia.org/wikipedia/commons/thumb/c/c6/Knibbs_Low_1919.jpg/200px-Knibbs_Low_1919.jpg, , , 4349
Charles Lemon, http://upload.wikimedia.org/wikipedia/commons/thumb/6/6b/Carclew_1841_%281%29.jpg/220px-Carclew_1841_%281%29.jpg, , 1868-02-13, 10618
Gilean McVean, http://upload.wikimedia.org/wikipedia/commons/thumb/8/86/Professor_Gilean_McVean_FMedSci_FRS.jpg/220px-Professor_Gilean_McVean_FMedSci_FRS.jpg, , , 11254
Michael Teitelbaum, http://upload.wikimedia.org/wikipedia/commons/thumb/7/7f/Michael_Tietelbaum_9_2104.JPG/220px-Michael_Tietelbaum_9_2104.JPG, 1944-01-21, , 7684
Jacob Marschak, http://upload.wikimedia.org/wikipedia/en/8/85/Marschak.png, 1898-07-23, 1977-07-27, 16758
I. J. Good, http://upload.wikimedia.org/wikipedia/en/b/b4/I._J._Good.jpg, 1916-12-09, 2009-04-05, 14657
Thorvald N. Thiele, http://upload.wikimedia.org/wikipedia/commons/thumb/7/75/Thiele1.jpg/200px-Thiele1.jpg, 1838-12-24, 1910-09-26, 9815
Arthur Schuster, http://upload.wikimedia.org/wikipedia/commons/thumb/9/9d/Arthur_Schuster.jpg/220px-Arthur_Schuster.jpg, 1851-09-12, 1934-10-17, 12464
William Onslow, 4th Earl of Onslow, http://upload.wikimedia.org/wikipedia/commons/thumb/2/2b/4thEarlOfOnslow.jpg/200px-4thEarlOfOnslow.jpg, 1853-03-07, 1911-10-24, 13849
Clive Granger, http://upload.wikimedia.org/wikipedia/commons/thumb/8/8a/Clive_Granger_by_Olaf_Storbeck.jpg/240px-Clive_Granger_by_Olaf_Storbeck.jpg, 1934-09-04, 2009-05-27, 11913
Herman Wold, http:https://wikimedia.org/api/rest_v1/media/math/render/svg/c26c105004f30c27aa7c2a9c601550a4183b1f21, 1908-12-25, 1992-02-16, 11527
George Kingsley Zipf, http://upload.wikimedia.org/wikipedia/commons/c/c6/George_Kingsley_Zipf_1917.jpg, 1902-01-07, 1950-09-25, 3446
Ernst Engel, http://upload.wikimedia.org/wikipedia/commons/thumb/4/4e/Ernst_Engel.jpg/150px-Ernst_Engel.jpg, 1821-03-26, 1896-12-08, 3394
A. W. F. Edwards, http://upload.wikimedia.org/wikipedia/commons/thumb/4/42/Anthony_William_Fairbank_Edwards_FRS.jpg/220px-Anthony_William_Fairbank_Edwards_FRS.jpg, 1935-10-04, , 7911
Major Greenwood, http://upload.wikimedia.org/wikipedia/commons/thumb/9/9d/Major_Greenwood.jpg/220px-Major_Greenwood.jpg, 1880-08-09, 1949-10-05, 15310
William Stanley Jevons, http://upload.wikimedia.org/wikipedia/commons/thumb/0/01/Picture_of_jevons.jpg/220px-Picture_of_jevons.jpg, 1835-09-01, 1882-08-13, 35934
Herman Hollerith, http://upload.wikimedia.org/wikipedia/commons/thumb/4/42/Hollerith.jpg/220px-Hollerith.jpg, 1860-02-291865-12-03, 1929-11-171944-08-04, 13391
Garrett Hardin, http://upload.wikimedia.org/wikipedia/en/thumb/c/c3/Garrett_Hardin.jpg/150px-Garrett_Hardin.jpg, , 2003-09-14, 17021
Andrey Kolmogorov, http://upload.wikimedia.org/wikipedia/commons/thumb/4/43/Andrej_Nikolajewitsch_Kolmogorov.jpg/220px-Andrej_Nikolajewitsch_Kolmogorov.jpg, 1903-04-25, 1987-10-20, 16840
William Wilson Hunter, http://upload.wikimedia.org/wikipedia/commons/thumb/8/8c/Sir_William_Wilson_Hunter_%281840-1900%29.png/220px-Sir_William_Wilson_Hunter_%281840-1900%29.png, 1840-07-15, 1900-02-06, 14910
Harold Jeffreys, http://upload.wikimedia.org/wikipedia/en/7/73/Harold_Jeffreys%2C_Sir.jpg, 1891-04-22, 1989-03-18, 14314
Trevor Hastie, http://upload.wikimedia.org/wikipedia/commons/thumb/9/9f/TrevorHastiePic.jpg/180px-TrevorHastiePic.jpg, 1953-06-27, , 5334
Ivo Lah, http://upload.wikimedia.org/wikipedia/commons/thumb/d/de/Ivo_Lah.jpeg/220px-Ivo_Lah.jpeg, 1896-09-05, 1979-03-23, 2011
Ross Ihaka, http://upload.wikimedia.org/wikipedia/commons/thumb/f/f0/Ross_Ihaka_%285189180796%29.jpg/220px-Ross_Ihaka_%285189180796%29.jpg, , , 2199
David George Kendall, http://upload.wikimedia.org/wikipedia/commons/thumb/1/1b/David_Kendall.jpg/220px-David_Kendall.jpg, 1918-01-15, 2007-10-23, 7999
Robert Tibshirani, http://upload.wikimedia.org/wikipedia/commons/thumb/3/32/Robert_tibshirani.jpg/180px-Robert_tibshirani.jpg, 1956-07-10, , 3249
John Law (economist), http://upload.wikimedia.org/wikipedia/commons/thumb/7/72/John_Law-Casimir_Balthazar_mg_8450.jpg/220px-John_Law-Casimir_Balthazar_mg_8450.jpg, 1671-04-21, 1729-03-21, 23085
Royal Meeker, http://upload.wikimedia.org/wikipedia/commons/c/c9/Royal_Meeker.jpg, , 1953-08-17, 2837
Emmanuel Candès, http://upload.wikimedia.org/wikipedia/commons/thumb/f/f8/Emmanuel_Cand%C3%A8s.jpg/220px-Emmanuel_Cand%C3%A8s.jpg, 1970-04-27, , 4755
Wassily Leontief, http://upload.wikimedia.org/wikipedia/en/thumb/a/aa/Leontief-Harvard.jpg/220px-Leontief-Harvard.jpg, 1906-08-05, 1999-02-05, 23027
Solomon Kullback, http://upload.wikimedia.org/wikipedia/commons/e/ed/Solomon-kullback.jpg, 1907-04-03, 1994-08-05, 5856
Khandkar Manwar Hossain, http://upload.wikimedia.org/wikipedia/en/thumb/6/65/Khandkar_Manwar_Hossain.jpg/220px-Khandkar_Manwar_Hossain.jpg, 1930-04-30, 1999-06-27, 3637
Étienne Laspeyres, http://upload.wikimedia.org/wikipedia/commons/thumb/6/6c/LaspeyresE.jpg/220px-LaspeyresE.jpg, 1834-11-28, 1913-08-04, 5865
Edward Tufte, http://upload.wikimedia.org/wikipedia/commons/thumb/4/46/Edward_Tufte_-_cropped.jpg/220px-Edward_Tufte_-_cropped.jpg, 1942-03-14, , 22495
Jahar Saha, http://upload.wikimedia.org/wikipedia/en/thumb/4/41/Flag_of_India.svg/20px-Flag_of_India.svg.png, , , 2949
John Rickman, http://upload.wikimedia.org/wikipedia/en/thumb/4/4e/John_Rickman.jpg/220px-John_Rickman.jpg, 1771-08-22, 1840-08-11, 3637
James Tobin, http://upload.wikimedia.org/wikipedia/commons/thumb/1/11/James_Tobin.png/220px-James_Tobin.png, 1918-03-05, 2002-03-11, 22855
William Petty, http://upload.wikimedia.org/wikipedia/commons/thumb/8/84/Sir_William_Petty.jpg/220px-Sir_William_Petty.jpg, , , 28623
George Pólya, http://upload.wikimedia.org/wikipedia/commons/thumb/5/5a/George_P%C3%B3lya_ca_1973.jpg/200px-George_P%C3%B3lya_ca_1973.jpg, 1887-12-13, 1985-09-07, 11598
Bernard Silverman, http://upload.wikimedia.org/wikipedia/commons/thumb/2/21/Bernard_Silverman.jpg/220px-Bernard_Silverman.jpg, 1952-02-22, , 13832
Sylvia Richardson, http://upload.wikimedia.org/wikipedia/en/thumb/a/ae/Flag_of_the_United_Kingdom.svg/20px-Flag_of_the_United_Kingdom.svg.png, , , 5355
S. Jay Olshansky, http://upload.wikimedia.org/wikipedia/en/thumb/d/d1/S._Jay_Olshansky%2C_Ph.D.jpg/220px-S._Jay_Olshansky%2C_Ph.D.jpg, 1954-02-22, , 4321
Abraham de Moivre, http://upload.wikimedia.org/wikipedia/commons/thumb/1/1b/Abraham_de_moivre.jpg/200px-Abraham_de_moivre.jpg, , 1754-11-27, 17565
Kantilal Mardia, http://upload.wikimedia.org/wikipedia/en/thumb/c/c8/Kanti_mardia.jpg/200px-Kanti_mardia.jpg, 1935-04-03, , 8772
Prasanta Chandra Mahalanobis, http://upload.wikimedia.org/wikipedia/en/thumb/c/ca/PCMahalanobis.png/220px-PCMahalanobis.png, 1893-06-29, 1972-06-28, 21289
Jeff Rosenthal, http://upload.wikimedia.org/wikipedia/commons/thumb/7/7c/Jeffrey_S._Rosenthal.jpg/220px-Jeffrey_S._Rosenthal.jpg, 1967-10-13, , 7159
Hilton Young, 1st Baron Kennet, http://upload.wikimedia.org/wikipedia/en/thumb/d/d5/Edward_Hilton_Young.jpg/220px-Edward_Hilton_Young.jpg, 1879-03-20, 1960-07-11, 20040
Herbert Robbins, http://upload.wikimedia.org/wikipedia/en/7/76/1966-HerbertRobbins.jpg, 1915-01-12, 2001-02-12, 7144
James Durbin, http://upload.wikimedia.org/wikipedia/commons/thumb/9/9a/James_Durbin.jpg/220px-James_Durbin.jpg, 1923-06-30, 2012-06-23, 11575
Joseph L. Doob, http://upload.wikimedia.org/wikipedia/commons/thumb/9/96/Joseph_Doob.jpg/240px-Joseph_Doob.jpg, 1910-02-27, 2004-06-07, 18212
Emmanuel Todd, http://upload.wikimedia.org/wikipedia/commons/thumb/8/8d/Emmanuel_Todd_11_2014.JPG/250px-Emmanuel_Todd_11_2014.JPG, 1951-05-16, , 11899
Harald Cramér, http://upload.wikimedia.org/wikipedia/commons/thumb/c/ce/Harald_Cram%C3%A9r.jpeg/220px-Harald_Cram%C3%A9r.jpeg, 1893-09-25, 1985-10-05, 12060
Richard Doll, http://upload.wikimedia.org/wikipedia/commons/thumb/3/32/Richard_Doll.jpg/150px-Richard_Doll.jpg, 1912-10-28, 2005-07-24, 19842
Sir Charles Dilke, 2nd Baronet, http://upload.wikimedia.org/wikipedia/commons/thumb/7/71/Charles_Dilke_2.JPG/240px-Charles_Dilke_2.JPG, 1843-09-04, 1911-01-27, 15696
Kenneth Massey, http://upload.wikimedia.org/wikipedia/en/thumb/3/39/KennethMasseyAug2014.png/220px-KennethMasseyAug2014.png, 1975-12-25, , 6504
George Goschen, 1st Viscount Goschen, http://upload.wikimedia.org/wikipedia/commons/thumb/e/ea/George_Goschen_by_Bassano.jpg/200px-George_Goschen_by_Bassano.jpg, 2017-03-08UTC06:24:50, 1907-02-07, 18531
Nathan Mantel, http://upload.wikimedia.org/wikipedia/en/thumb/f/fa/Mantel.jpg/220px-Mantel.jpg, 1919-02-16, 2002-05-26, 1637
Henry Petty-Fitzmaurice, 3rd Marquess of Lansdowne, http://upload.wikimedia.org/wikipedia/en/thumb/4/4a/Lord_Henry_Petty.jpg/220px-Lord_Henry_Petty.jpg, 1780-07-02, 1863-01-31, 15754
Frank Wilcoxon, http://upload.wikimedia.org/wikipedia/en/thumb/9/9a/FrankWilcoxon.png/175px-FrankWilcoxon.png, 1892-09-02, 1965-11-18, 2552
Allyn Abbott Young, http://upload.wikimedia.org/wikipedia/commons/thumb/b/be/Allyn.jpg/220px-Allyn.jpg, , 1929-03-08, 9500
Udny Yule, http://upload.wikimedia.org/wikipedia/en/thumb/4/4a/George_Udny_Yule.jpg/220px-George_Udny_Yule.jpg, 1871-02-18, , 14954
Elizur Wright, http://upload.wikimedia.org/wikipedia/commons/thumb/5/5a/1883_ElizurWright.png/220px-1883_ElizurWright.png, , , 10615
C.-F. Jeff Wu, http://upload.wikimedia.org/wikipedia/commons/thumb/f/f7/C.F._Jeff_Wu_at_Chinese_Academy_of_Sciences_2011.JPG/220px-C.F._Jeff_Wu_at_Chinese_Academy_of_Sciences_2011.JPG, , , 6758
Dudley Ryder, 2nd Earl of Harrowby, http://upload.wikimedia.org/wikipedia/commons/thumb/0/07/Dudley_Ryder%2C_2nd_Earl_of_Harrowby.jpg/200px-Dudley_Ryder%2C_2nd_Earl_of_Harrowby.jpg, 1798-05-19, 1882-11-20, 7516
Walter A. Shewhart, http://upload.wikimedia.org/wikipedia/en/9/96/WalterShewhart.gif, 1891-03-18, 1967-03-11, 10671
Henry Scheffé, http://upload.wikimedia.org/wikipedia/commons/c/ca/Henry_Scheffe.jpeg, 1907-04-11, 1977-06-05, 2910
Lloyd Shapley, http://upload.wikimedia.org/wikipedia/commons/thumb/c/cb/Shapley%2C_Lloyd_%281980%29.jpg/220px-Shapley%2C_Lloyd_%281980%29.jpg, 1923-06-02, 2016-03-12, 12722
Rattan Chand, http://upload.wikimedia.org/wikipedia/commons/thumb/1/10/Dr._rattan_chand_B%26W.jpg/220px-Dr._rattan_chand_B%26W.jpg, 1955-05-10, , 8837
Adolphe Quetelet, http://upload.wikimedia.org/wikipedia/commons/thumb/6/68/Adolphe_Qu%C3%A9telet_by_Joseph-Arnold_Demannez.jpg/220px-Adolphe_Qu%C3%A9telet_by_Joseph-Arnold_Demannez.jpg, 1796-02-22, 1874-02-17, 12295
Leonard Courtney, 1st Baron Courtney of Penwith, http://upload.wikimedia.org/wikipedia/commons/thumb/4/41/Portrait_of_Leonard_Courtney_of_Penwith.jpg/220px-Portrait_of_Leonard_Courtney_of_Penwith.jpg, , 1918-05-12, 12614
Charles Spearman, http://upload.wikimedia.org/wikipedia/commons/thumb/0/01/Exposition_universelle_de_1900_-_portraits_des_commissaires_g%C3%A9n%C3%A9raux-Charles_Spearman.jpg/220px-Exposition_universelle_de_1900_-_portraits_des_commissaires_g%C3%A9n%C3%A9raux-Charles_Spearman.jpg, 1863-09-10, 1945-09-17, 14452
Giovanni Villani, http://upload.wikimedia.org/wikipedia/commons/thumb/a/a4/Giovanni_villani_1.JPG/220px-Giovanni_villani_1.JPG, , , 39792
Raphael Weldon, http://upload.wikimedia.org/wikipedia/commons/thumb/c/c7/Weldon_Walter_F_R.jpg/220px-Weldon_Walter_F_R.jpg, 1860-03-15, 1906-04-13, 7712
W. Allen Wallis, http://upload.wikimedia.org/wikipedia/commons/thumb/f/f5/WAllenWallis1970.jpg/220px-WAllenWallis1970.jpg, 1912-11-05, 1998-10-12, 7160
Charles Sanders Peirce, http://upload.wikimedia.org/wikipedia/commons/thumb/5/58/Charles_Sanders_Peirce.jpg/220px-Charles_Sanders_Peirce.jpg, , , 118688
Milton Friedman, http://upload.wikimedia.org/wikipedia/commons/thumb/2/20/Portrait_of_Milton_Friedman.jpg/220px-Portrait_of_Milton_Friedman.jpg, 1912-07-31, 2006-11-16, 96727
Sewall Wright, http://upload.wikimedia.org/wikipedia/en/thumb/8/81/Sewall_Wright.jpg/150px-Sewall_Wright.jpg, 1889-12-21, 1988-03-03, 24121
Harold Hotelling, http://upload.wikimedia.org/wikipedia/en/thumb/4/49/Harold_Hotelling.jpg/220px-Harold_Hotelling.jpg, 1895-09-29, 1973-12-26, 34509
Joseph M. Juran, http://upload.wikimedia.org/wikipedia/en/thumb/8/8f/Joseph_Moses_Juran.jpg/220px-Joseph_Moses_Juran.jpg, 1904-12-24, 2008-02-28, 15378
Bill James, http://upload.wikimedia.org/wikipedia/commons/thumb/3/36/Bill_James_2010.jpg/220px-Bill_James_2010.jpg, 1949-10-05, , 28134
John F. MacGregor, http://upload.wikimedia.org/wikipedia/commons/thumb/d/de/John_F._MacGregor_statistician.jpg/180px-John_F._MacGregor_statistician.jpg, , , 3706
Michel Loève, http://upload.wikimedia.org/wikipedia/commons/thumb/d/d0/Michel_Lo%C3%A8ve.jpg/220px-Michel_Lo%C3%A8ve.jpg, 1907-01-22, 1979-02-17, 2787
Richard Monckton Milnes, 1st Baron Houghton, http://upload.wikimedia.org/wikipedia/commons/thumb/b/ba/Milnes.jpg/200px-Milnes.jpg, , 1885-08-12, 11438
Wesley Clair Mitchell, http://upload.wikimedia.org/wikipedia/commons/c/c1/Wesley_Clair_Mitchell.jpg, 1874-08-05, 1948-10-29, 16163
Claus Moser, Baron Moser, http://upload.wikimedia.org/wikipedia/en/thumb/2/2d/Sir_Claus_Moser_in_1980.jpg/220px-Sir_Claus_Moser_in_1980.jpg, 1922-11-24, 2015-09-04, 9231
P. A. P. Moran, http://upload.wikimedia.org/wikipedia/en/thumb/1/1a/PaddyMoran2.jpg/225px-PaddyMoran2.jpg, 1917-07-14, 1988-09-19, 7005
John Tukey, http://upload.wikimedia.org/wikipedia/en/thumb/e/e9/John_Tukey.jpg/220px-John_Tukey.jpg, 1915-06-16, 2000-07-26, 24024
Thomas Robert Malthus, http://upload.wikimedia.org/wikipedia/commons/thumb/d/d5/Thomas_Robert_Malthus_Wellcome_L0069037_-crop.jpg/220px-Thomas_Robert_Malthus_Wellcome_L0069037_-crop.jpg, , 1834-12-29, 39049
Herbert Samuel, 1st Viscount Samuel, http://upload.wikimedia.org/wikipedia/en/thumb/8/8d/Herbert_Samuel.jpg/220px-Herbert_Samuel.jpg, 1870-11-06, 1963-02-05, 27934
Nate Silver, http://upload.wikimedia.org/wikipedia/commons/thumb/6/6c/Nate_Silver_2009.png/220px-Nate_Silver_2009.png, 1978-01-13, , 72893
Thomas Spring Rice, 1st Baron Monteagle of Brandon, http://upload.wikimedia.org/wikipedia/commons/thumb/2/2b/1stBaronMonteagle.jpg/200px-1stBaronMonteagle.jpg, 2017-03-07UTC13:55:26, 1866-02-17, 19677
Ronald Fisher, http://upload.wikimedia.org/wikipedia/commons/thumb/3/37/Biologist_and_statistician_Ronald_Fisher.jpg/220px-Biologist_and_statistician_Ronald_Fisher.jpg, 1890-02-17, 1962-07-29, 46817
Richard Price, http://upload.wikimedia.org/wikipedia/commons/thumb/d/d4/Dr_Richard_Price%2C_DD%2C_FRS_-_Benjamin_West_contrasted.jpg/220px-Dr_Richard_Price%2C_DD%2C_FRS_-_Benjamin_West_contrasted.jpg, , 1791-04-19, 33375
C. R. Rao, http://upload.wikimedia.org/wikipedia/commons/thumb/5/50/Calyampudi_Radhakrishna_Rao_at_ISI_Chennai.JPG/220px-Calyampudi_Radhakrishna_Rao_at_ISI_Chennai.JPG, 1920-09-10, , 43051
George Dantzig, http://upload.wikimedia.org/wikipedia/commons/thumb/6/6e/George_B._Dantzig_at_National_Medal_of_Science_Awards_Ceremony%2C_1976.jpg/280px-George_B._Dantzig_at_National_Medal_of_Science_Awards_Ceremony%2C_1976.jpg, 1914-11-08, 2005-05-13, 28036
Harold Wilson, http://upload.wikimedia.org/wikipedia/commons/thumb/c/c6/Harold_Wilson_Number_10_official.jpg/220px-Harold_Wilson_Number_10_official.jpg, 1916-03-11, 1995-05-24, 123627
Florence Nightingale, http://upload.wikimedia.org/wikipedia/commons/thumb/1/13/Florence_Nightingale_three_quarter_length.jpg/220px-Florence_Nightingale_three_quarter_length.jpg, 1820-05-12, 1910-08-13, 68732
John Russell, 1st Earl Russell, http://upload.wikimedia.org/wikipedia/commons/thumb/7/71/Lord_John_Russell.jpg/245px-Lord_John_Russell.jpg, 1792-08-18, 1878-05-28, 53174
Elżbieta Pleszczyńska, http://upload.wikimedia.org/wikipedia/commons/c/cb/El%C5%BCbieta_Pleszczy%C5%84ska.jpg, 1933-03-20, , 7113
Paul Halmos, http://upload.wikimedia.org/wikipedia/commons/thumb/a/ae/Paul_Halmos.jpeg/225px-Paul_Halmos.jpeg, 1916-03-03, 2006-10-02, 11577
David Hand (statistician), http://upload.wikimedia.org/wikipedia/commons/thumb/d/d5/Brainwash_Festival_2015_-_David_Hand_%281%29.jpg/220px-Brainwash_Festival_2015_-_David_Hand_%281%29.jpg, 1950-06-30, , 6070
Peter Gavin Hall, http://upload.wikimedia.org/wikipedia/commons/thumb/9/96/Peter_Gavin_Hall_13_March_2007.JPG/220px-Peter_Gavin_Hall_13_March_2007.JPG, 1951-11-20, 2016-01-09, 7191
I. M. Rubinow, http://upload.wikimedia.org/wikipedia/en/thumb/1/14/Rubinow.gif/200px-Rubinow.gif, , , 4454
Lord George Hamilton, http://upload.wikimedia.org/wikipedia/commons/1/14/Lord_George_Hamilton.JPG, 1845-12-17, 1927-09-23, 13545
Samarendra Nath Roy, http://upload.wikimedia.org/wikipedia/en/thumb/5/59/SamarendraNathRoy.jpg/225px-SamarendraNathRoy.jpg, 1906-12-11, 1964-07-23, 10931
Shlomo Sawilowsky, http://upload.wikimedia.org/wikipedia/commons/thumb/4/49/Sawilowsky1991.jpg/220px-Sawilowsky1991.jpg, , , 17456
