name, img, birth, death, length 
Ruth Charney, http://upload.wikimedia.org/wikipedia/commons/thumb/0/0b/Ruth_Charney.jpg/220px-Ruth_Charney.jpg, , , 3080
Christine Darden, http://upload.wikimedia.org/wikipedia/commons/thumb/a/a9/Christine_Darden.jpg/220px-Christine_Darden.jpg, 1942-09-10, , 12793
Etta Zuber Falconer, http://upload.wikimedia.org/wikipedia/commons/thumb/7/73/Blue_pencil.svg/10px-Blue_pencil.svg.png, , , 4440
Ingrid Daubechies, http://upload.wikimedia.org/wikipedia/commons/thumb/8/8e/Ingrid_Daubechies_%282005%29.jpg/220px-Ingrid_Daubechies_%282005%29.jpg, 1954-08-17, , 10200
Sophie Germain, http://upload.wikimedia.org/wikipedia/commons/thumb/8/8b/Germain.jpeg/180px-Germain.jpeg, 1776-04-01, 1831-06-27, 33999
Coralie Colmez, http://upload.wikimedia.org/wikipedia/commons/thumb/5/53/Coralie_Colmez_%282009%29.jpg/220px-Coralie_Colmez_%282009%29.jpg, , , 7188
Nicole El Karoui, http://upload.wikimedia.org/wikipedia/commons/thumb/7/76/Nicole_El_Karoui_2008.jpg/220px-Nicole_El_Karoui_2008.jpg, 1944-05-29, , 4876
Ilka Agricola, http://upload.wikimedia.org/wikipedia/commons/thumb/a/a2/Ilka-Agricola.jpg/220px-Ilka-Agricola.jpg, 1973-08-08, , 4587
Winifred Asprey, http://upload.wikimedia.org/wikipedia/en/thumb/e/e6/Winifred_Asprey.jpg/280px-Winifred_Asprey.jpg, 1917-04-08, 2007-10-19, 3737
Maria Angela Ardinghelli, http://upload.wikimedia.org/wikipedia/en/thumb/0/03/Portrait_Medallion_of_Maria_Ardinghelli%2C_Institut_de_France.jpg/220px-Portrait_Medallion_of_Maria_Ardinghelli%2C_Institut_de_France.jpg, 1730, , 6162
Lenore Blum, http://upload.wikimedia.org/wikipedia/commons/thumb/9/90/Lenore_Blum.jpg/220px-Lenore_Blum.jpg, 1942-12-18, , 4232
Tamara Awerbuch-Friedlander, http://upload.wikimedia.org/wikipedia/commons/thumb/2/2a/TamaraAwerbuch-03-19-2015f.jpg/220px-TamaraAwerbuch-03-19-2015f.jpg, , , 14848
Jean Bartik, http://upload.wikimedia.org/wikipedia/en/1/19/Jean_Bartik.jpg, 1924-12-27, 2011-03-23, 11514
Alicia Boole Stott, http://upload.wikimedia.org/wikipedia/en/thumb/5/5f/Alicia_Boole_Stott.jpg/200px-Alicia_Boole_Stott.jpg, , 1940-12-18, 5687
Jo Boaler, http://upload.wikimedia.org/wikipedia/commons/thumb/7/7a/Dr_Jo_Boaler.jpg/220px-Dr_Jo_Boaler.jpg, , , 16157
Dorothy Lewis Bernstein, http://upload.wikimedia.org/wikipedia/en/b/ba/Dorothy_Lewis_Bernstein.jpg, 1914-04-11, 1988-02-05, 5119
Bonnie Berger, http://upload.wikimedia.org/wikipedia/commons/thumb/b/be/Bonnie_Berger_2014.jpg/220px-Bonnie_Berger_2014.jpg, , , 2644
Vasanti N. Bhat-Nayak, http://upload.wikimedia.org/wikipedia/en/thumb/4/41/Flag_of_India.svg/15px-Flag_of_India.svg.png, , , 1278
Marjorie Lee Browne, http://upload.wikimedia.org/wikipedia/en/thumb/b/b9/Marjorie_Lee_Browne.jpg/220px-Marjorie_Lee_Browne.jpg, 1914-09-09, 1979-10-19, 7534
Kathrin Bringmann, http://upload.wikimedia.org/wikipedia/commons/thumb/1/14/Mahlburg_Bringmann.jpg/220px-Mahlburg_Bringmann.jpg, 1977-05-08, , 1876
Sylvia Bozeman, http://upload.wikimedia.org/wikipedia/commons/thumb/7/73/Blue_pencil.svg/10px-Blue_pencil.svg.png, , , 2901
Grace Chisholm Young, http://upload.wikimedia.org/wikipedia/en/7/72/Grace_Chisholm_Young.jpg, , , 9658
Émilie du Châtelet, http://upload.wikimedia.org/wikipedia/commons/thumb/b/ba/Emilie_Chatelet_portrait_by_Latour.jpg/250px-Emilie_Chatelet_portrait_by_Latour.jpg, 1706-12-17, 1749-09-10, 27910
Maria Chudnovsky, http://upload.wikimedia.org/wikipedia/commons/thumb/1/1b/Nuvola_apps_kaboodle.svg/16px-Nuvola_apps_kaboodle.svg.png, 1977-01-06, , 4848
Joan Clarke, http://upload.wikimedia.org/wikipedia/en/thumb/3/35/Joan_Clarke_%28cryptanalyst%29.jpg/220px-Joan_Clarke_%28cryptanalyst%29.jpg, 1917-06-24, 1996-09-04, 11631
Sophie Bryant, http://upload.wikimedia.org/wikipedia/commons/thumb/f/f9/Sophie_Bryant.jpg/220px-Sophie_Bryant.jpg, , , 3618
Mary Cartwright, http://upload.wikimedia.org/wikipedia/en/thumb/0/0d/Dame_Mary_Lucy_Cartwright.jpg/220px-Dame_Mary_Lucy_Cartwright.jpg, 1900-12-17, 1998-04-03, 6979
Sun-Yung Alice Chang, http://upload.wikimedia.org/wikipedia/commons/thumb/2/23/Sun_Yung_Alice_Chang.jpg/220px-Sun_Yung_Alice_Chang.jpg, , , 5736
Shakuntala Devi, http://upload.wikimedia.org/wikipedia/en/thumb/f/f6/Shakuntala_Devi.jpg/220px-Shakuntala_Devi.jpg, 1929-11-04, 2013-04-21, 12436
María Andrea Casamayor, http://upload.wikimedia.org/wikipedia/commons/thumb/d/db/Mar%C3%ADa_Andrea_Casamayor_%28MUNCYT%2C_Eulogia_Merle%29-extracto.png/220px-Mar%C3%ADa_Andrea_Casamayor_%28MUNCYT%2C_Eulogia_Merle%29-extracto.png, , , 1705
Cécile DeWitt-Morette, http://upload.wikimedia.org/wikipedia/commons/thumb/1/10/Cecile.png/220px-Cecile.png, 1922-12-21, , 8055
Fan Chung, http://upload.wikimedia.org/wikipedia/commons/thumb/3/34/Fan_Chung.jpg/200px-Fan_Chung.jpg, 1949-10-09, , 11265
Shafi Goldwasser, http://upload.wikimedia.org/wikipedia/commons/thumb/8/84/Shafi_Goldwasser.JPG/220px-Shafi_Goldwasser.JPG, , , 8451
Philippa Fawcett, http://upload.wikimedia.org/wikipedia/commons/thumb/3/3f/Phillipafawcett.jpg/200px-Phillipafawcett.jpg, 1868-04-04, 1948-06-10, 4653
Suzan Rose Benedict, http://upload.wikimedia.org/wikipedia/commons/thumb/7/7b/Photo_of_Suzan_Benedict_1922_Smith_College_Yearbook_with_Signature.jpg/220px-Photo_of_Suzan_Benedict_1922_Smith_College_Yearbook_with_Signature.jpg, 1873-11-29, 1942-04-08, 5092
Susan Jane Cunningham, http://upload.wikimedia.org/wikipedia/en/a/a1/Susan_Jane_Cunningham.jpg, 1842-03-23, 1921-01-24, 3572
Annie Easley, http://upload.wikimedia.org/wikipedia/commons/thumb/9/93/NASA_Science_and_Engineering_Newsletter_Annie_Easley.jpg/220px-NASA_Science_and_Engineering_Newsletter_Annie_Easley.jpg, 1933-04-23, 2011-06-25, 7782
Cornelia Fabri, http://upload.wikimedia.org/wikipedia/en/thumb/a/a0/Cornelia_Fabri.jpg/220px-Cornelia_Fabri.jpg, 1869-09-09, 1915-05-24, 4620
Shelly Harvey, http://upload.wikimedia.org/wikipedia/en/thumb/0/05/Shelly_Harvey_at_Rice_University_2016.jpg/250px-Shelly_Harvey_at_Rice_University_2016.jpg, , , 2139
Annalisa Buffa, http://upload.wikimedia.org/wikipedia/commons/thumb/2/22/Annalisa_buffa.jpg/220px-Annalisa_buffa.jpg, , , 2379
Eva Bayer-Fluckiger, http://upload.wikimedia.org/wikipedia/commons/thumb/4/4d/Eva_Bayer-Fluckiger.jpeg/220px-Eva_Bayer-Fluckiger.jpeg, 1951-06-25, , 1666
Genevieve Grotjan Feinstein, http://upload.wikimedia.org/wikipedia/commons/6/62/Genevieve_Grotjan_Feinstein.jpg, , , 3094
Yvonne Choquet-Bruhat, http://upload.wikimedia.org/wikipedia/commons/thumb/1/1e/Yvonne_Choquet-Bruhat_2.jpeg/220px-Yvonne_Choquet-Bruhat_2.jpeg, 1923-12-29, , 6241
Alexandra Bellow, http://upload.wikimedia.org/wikipedia/commons/thumb/d/db/Ionescu_tulcea.jpg/220px-Ionescu_tulcea.jpg, 1935-08-30, , 15883
Jennifer Tour Chayes, http://upload.wikimedia.org/wikipedia/commons/e/ef/Jenniferchayes.jpg, 1956-09-20, , 7750
Alison Etheridge, http://upload.wikimedia.org/wikipedia/commons/thumb/e/ed/Alison-Mary-Etheridge-FRS.jpg/220px-Alison-Mary-Etheridge-FRS.jpg, 1964-04-27, , 7494
Hertha Ayrton, http://upload.wikimedia.org/wikipedia/commons/thumb/a/a9/Helena_Ars%C3%A8ne_Darmesteter_-_Portrait_of_Hertha_Ayrton.jpg/220px-Helena_Ars%C3%A8ne_Darmesteter_-_Portrait_of_Hertha_Ayrton.jpg, 1854-04-28, 1923-08-23, 13746
Louise Hay (mathematician), http://upload.wikimedia.org/wikipedia/commons/thumb/9/9c/Louise_Hay.jpg/300px-Louise_Hay.jpg, 1935-06-14, 1989-10-28, 5450
Alice Guionnet, http://upload.wikimedia.org/wikipedia/commons/thumb/1/17/Alice_Guionnet.jpg/220px-Alice_Guionnet.jpg, , , 900
Grete Hermann, http://upload.wikimedia.org/wikipedia/en/e/ea/Grete_Hermann.jpg, 1901-03-02, 1984-04-15, 11434
Ellen Hayes, http://upload.wikimedia.org/wikipedia/en/6/68/Ellen_Amanda_Hayes.jpg, 1851-09-23, 1930-10-27, 5353
Barbara R. Holland, http://upload.wikimedia.org/wikipedia/commons/thumb/0/09/Barbara_R_Holland.jpg/220px-Barbara_R_Holland.jpg, 1976-01-23, , 3831
Euphemia Haynes, http://upload.wikimedia.org/wikipedia/commons/thumb/1/1f/Haynes_euphemia.jpg/220px-Haynes_euphemia.jpg, 1890-09-11, 1980-07-25, 4059
Dagmar R. Henney, http://upload.wikimedia.org/wikipedia/commons/thumb/8/8a/Prof._Dagmar_Renate_Kirchner_Henney_Photo.jpg/220px-Prof._Dagmar_Renate_Kirchner_Henney_Photo.jpg, 1931-05-06, , 8689
Olga Holtz, http://upload.wikimedia.org/wikipedia/commons/thumb/4/4e/Olga_Holtz_Princeton_2009_2P158.jpg/220px-Olga_Holtz_Princeton_2009_2P158.jpg, 1973-08-19, , 3058
Suzan Kahramaner, http://upload.wikimedia.org/wikipedia/commons/thumb/9/96/SZ1.jpg/220px-SZ1.jpg, 1913-05-21, 2006-02-22, 10119
Verena Huber-Dyson, http://upload.wikimedia.org/wikipedia/commons/thumb/f/f9/Verena_Huber-Dyson_%28cropped%29.jpg/220px-Verena_Huber-Dyson_%28cropped%29.jpg, 1923-05-06, 2016-03-12, 9682
Hilda Phoebe Hudson, http://upload.wikimedia.org/wikipedia/en/thumb/e/e3/Hilda_Phoebe_Hudson.jpeg/220px-Hilda_Phoebe_Hudson.jpeg, , , 3061
Annette Huber-Klawitter, http://upload.wikimedia.org/wikipedia/commons/thumb/6/6a/Annette_Huber-Klawitter.jpg/250px-Annette_Huber-Klawitter.jpg, 1967-05-23, , 1580
Sofia Kovalevskaya, http://upload.wikimedia.org/wikipedia/commons/thumb/f/f6/Sofja_Wassiljewna_Kowalewskaja_1.jpg/220px-Sofja_Wassiljewna_Kowalewskaja_1.jpg, 1850-01-15, 1891-02-10, 16921
Frances Kirwan, http://upload.wikimedia.org/wikipedia/commons/thumb/6/6a/Frances_Kirwan.jpg/220px-Frances_Kirwan.jpg, , , 5378
Maria Klawe, http://upload.wikimedia.org/wikipedia/commons/thumb/3/36/Maria_Klawe_2015.jpg/220px-Maria_Klawe_2015.jpg, 2006-07-01, , 13771
Lynette Long, http://upload.wikimedia.org/wikipedia/commons/thumb/d/d1/LynetteLong30.jpg/220px-LynetteLong30.jpg, , , 11556
Krystyna Kuperberg, http://upload.wikimedia.org/wikipedia/commons/thumb/c/cb/KrystynaKuperberg.jpg/220px-KrystynaKuperberg.jpg, 1944-07-17, , 3636
Ruth Lawrence, http://upload.wikimedia.org/wikipedia/commons/thumb/f/ff/Ruth_Lawrence.jpg/220px-Ruth_Lawrence.jpg, 1971-08-02, , 4433
Kristin Lauter, http://upload.wikimedia.org/wikipedia/commons/thumb/3/3d/Kristin-Lauter-02-Predictions.jpg/220px-Kristin-Lauter-02-Predictions.jpg, 1969-12-08, , 2856
Chrystal Macmillan, http://upload.wikimedia.org/wikipedia/commons/thumb/5/5f/Macmillan%2C_Chrystal_1908-1914_%2822704149049%29.jpg/165px-Macmillan%2C_Chrystal_1908-1914_%2822704149049%29.jpg, 1872-06-13, 1937-09-21, 23311
Christine Ladd-Franklin, http://upload.wikimedia.org/wikipedia/commons/thumb/8/80/Christine_Ladd-Franklin_%281847-1930%29.jpg/220px-Christine_Ladd-Franklin_%281847-1930%29.jpg, , , 14626
Olga Ladyzhenskaya, http://upload.wikimedia.org/wikipedia/commons/thumb/3/36/Ladyshenskaya.jpg/220px-Ladyshenskaya.jpg, 1922-03-07, 2004-01-12, 6872
Irena Lasiecka, http://upload.wikimedia.org/wikipedia/commons/thumb/f/f3/Irena_Lasiecka.jpg/220px-Irena_Lasiecka.jpg, , , 12654
Danica McKellar, http://upload.wikimedia.org/wikipedia/commons/thumb/5/53/DanicaMcKellar-2007-10-01.jpg/200px-DanicaMcKellar-2007-10-01.jpg, 1975-01-03, , 21312
Idun Reiten, http://upload.wikimedia.org/wikipedia/commons/thumb/4/45/Idun_Reiten.jpg/220px-Idun_Reiten.jpg, 1942-01, , 2752
Edith Hirsch Luchins, http://upload.wikimedia.org/wikipedia/en/thumb/1/12/Flag_of_Poland.svg/23px-Flag_of_Poland.svg.png, 1921-12-21, 2002-11-18, 3949
Vivienne Malone-Mayes, http://upload.wikimedia.org/wikipedia/en/thumb/9/92/Vivienne_Malone-Mayes.jpeg/220px-Vivienne_Malone-Mayes.jpeg, 1932-02-10, 1995-06-09, 3866
Emilie Martin, http://upload.wikimedia.org/wikipedia/en/5/5b/Emilie_Norton_Martin.jpg, 1869-12-30, 1936-02-08, 2899
Kaisa Miettinen, http://upload.wikimedia.org/wikipedia/commons/thumb/b/bc/Flag_of_Finland.svg/20px-Flag_of_Finland.svg.png, 1965-07-25, , 8590
Winifred Edgerton Merrill, http://upload.wikimedia.org/wikipedia/commons/thumb/3/31/Winifred_Edgerton_Merrill_Cyclopedia_Biography.jpg/220px-Winifred_Edgerton_Merrill_Cyclopedia_Biography.jpg, 1862-09-24, 1951-09-06, 5452
Susan Montgomery, http://upload.wikimedia.org/wikipedia/en/thumb/a/a4/Flag_of_the_United_States.svg/23px-Flag_of_the_United_States.svg.png, 1943-04-02, , 5333
Dusa McDuff, http://upload.wikimedia.org/wikipedia/commons/thumb/a/af/Dusa_McDuff.jpg/220px-Dusa_McDuff.jpg, 1945-10-18, , 10893
Matilde Marcolli, http://upload.wikimedia.org/wikipedia/commons/thumb/e/eb/Matilde_Marcolli2010.jpg/220px-Matilde_Marcolli2010.jpg, 1969-11-30, , 9606
Linda Petzold, http://upload.wikimedia.org/wikipedia/commons/thumb/7/7e/Linda_Petzold.jpg/220px-Linda_Petzold.jpg, , , 3289
Helena Rasiowa, http://upload.wikimedia.org/wikipedia/en/f/fd/Helena_Rasiowa.jpg, 1917-06-20, 1994-08-09, 4416
Hee Oh, http://upload.wikimedia.org/wikipedia/commons/thumb/9/98/Hee_oh.jpg/220px-Hee_oh.jpg, , , 3780
Ruth Moufang, http://upload.wikimedia.org/wikipedia/en/thumb/9/97/Ruth_Moufang.jpg/220px-Ruth_Moufang.jpg, 1905-01-10, 1977-11-26, 2146
Gabriele Nebe, http://upload.wikimedia.org/wikipedia/commons/thumb/4/41/Nebe_gabriele.jpg/220px-Nebe_gabriele.jpg, , , 1587
Linda Preiss Rothschild, http://upload.wikimedia.org/wikipedia/commons/thumb/0/00/Linda_Preiss_Rothschild.jpeg/300px-Linda_Preiss_Rothschild.jpeg, 1945-02-28, , 3491
Julia Robinson, http://upload.wikimedia.org/wikipedia/commons/thumb/1/10/Julia_Robinson_1975.jpg/200px-Julia_Robinson_1975.jpg, , , 7892
Marie-Françoise Roy, http://upload.wikimedia.org/wikipedia/commons/thumb/5/5f/Marie-Francoise_Roy.jpg/220px-Marie-Francoise_Roy.jpg, , , 3221
Judith Roitman, http://upload.wikimedia.org/wikipedia/commons/thumb/c/c6/JudyRoitman.jpg/220px-JudyRoitman.jpg, 1945-11-12, , 4533
Cora Sadosky, http://upload.wikimedia.org/wikipedia/commons/thumb/3/3d/Cora_Sadosky.jpg/220px-Cora_Sadosky.jpg, 1940-05-23, 2010-12-03, 3294
Charlotte Scott, http://upload.wikimedia.org/wikipedia/en/thumb/1/15/Charlotte_Angas_Scott.jpg/220px-Charlotte_Angas_Scott.jpg, 1858-06-08, 1931-11-10, 9300
Ruth Lyttle Satter, http://upload.wikimedia.org/wikipedia/en/0/01/Ruth_Lyttle_Satter.jpg, 1923-03-08, 1989-08-03, 3900
Nancy K. Stanton, http://upload.wikimedia.org/wikipedia/commons/thumb/7/71/Nancy_Stanton.jpg/220px-Nancy_Stanton.jpg, , , 2068
Mary Somerville, http://upload.wikimedia.org/wikipedia/commons/thumb/0/06/Thomas_Phillips_-_Mary_Fairfax%2C_Mrs_William_Somerville%2C_1780_-_1872._Writer_on_science_-_Google_Art_Project.jpg/220px-Thomas_Phillips_-_Mary_Fairfax%2C_Mrs_William_Somerville%2C_1780_-_1872._Writer_on_science_-_Google_Art_Project.jpg, 1780-12-26, 1872-11-29, 19203
Vera T. Sós, http://upload.wikimedia.org/wikipedia/commons/thumb/c/cd/Vera_T._S%C3%B3s.jpeg/220px-Vera_T._S%C3%B3s.jpeg, 1930-09-11, , 5671
Brooke Shipley, http://upload.wikimedia.org/wikipedia/commons/thumb/9/97/Brooke-shipley-pic-300x300.jpg/220px-Brooke-shipley-pic-300x300.jpg, , , 2486
Mamokgethi Setati, http://upload.wikimedia.org/wikipedia/commons/thumb/8/8b/Kgethi.jpg/220px-Kgethi.jpg, 1966-11-01, , 8254
Ileana Streinu, http://upload.wikimedia.org/wikipedia/commons/thumb/8/81/Ileana_Streinu_in_Limerick.jpg/200px-Ileana_Streinu_in_Limerick.jpg, , , 4003
Olga Taussky-Todd, http://upload.wikimedia.org/wikipedia/commons/thumb/c/c8/Olga_Taussky-Todd.jpeg/220px-Olga_Taussky-Todd.jpeg, 1906-08-30, 1995-10-07, 6350
Birgit Speh, http://upload.wikimedia.org/wikipedia/commons/thumb/e/e6/Birgit_Speh.jpg/220px-Birgit_Speh.jpg, , , 1859
Priyanshi Somani, http://upload.wikimedia.org/wikipedia/commons/thumb/e/ef/PriyanshiSomani.jpg/220px-PriyanshiSomani.jpg, 1998-11-16, , 4313
Caroline Series, http://upload.wikimedia.org/wikipedia/commons/thumb/c/c5/Professor_Caroline_Series_FRS.jpg/220px-Professor_Caroline_Series_FRS.jpg, , , 6158
Éva Tardos, http://upload.wikimedia.org/wikipedia/commons/thumb/4/46/Elisabeth_Bauer_and_Eva_Tardos_at_Cornell.jpg/220px-Elisabeth_Bauer_and_Eva_Tardos_at_Cornell.jpg, 1957-10-01, , 4470
Bella Subbotovskaya, http://upload.wikimedia.org/wikipedia/en/thumb/1/19/Bella_Subbotovskaya_AMS_Photograph.png/220px-Bella_Subbotovskaya_AMS_Photograph.png, 1937-12-17, 1982-11-23, 11990
Zvezdelina Stankova, http://upload.wikimedia.org/wikipedia/commons/thumb/4/49/Zvezdelina_Stankova.jpg/220px-Zvezdelina_Stankova.jpg, , , 6751
Jackie Stedall, http://upload.wikimedia.org/wikipedia/en/a/af/Jackie_Stedall.png, 1950-08-04, 2014-09-27, 5110
Ulrike Tillmann, http://upload.wikimedia.org/wikipedia/commons/thumb/4/41/DMV-JahrestGraz2009ENoether-VL_UlrikeTillmann_UniOxf_FotovonThomasVogt.jpg/220px-DMV-JahrestGraz2009ENoether-VL_UlrikeTillmann_UniOxf_FotovonThomasVogt.jpg, 1962-12-12, , 3171
Reidun Twarock, http://upload.wikimedia.org/wikipedia/commons/thumb/d/d7/Reidun_Twarock.jpg/220px-Reidun_Twarock.jpg, , , 5342
Maryna Viazovska, http://upload.wikimedia.org/wikipedia/commons/thumb/4/4b/Maryna_Vazovska_MFO_2013_crop.jpg/220px-Maryna_Vazovska_MFO_2013_crop.jpg, , , 4263
Claire Voisin, http://upload.wikimedia.org/wikipedia/commons/thumb/e/ed/2009-Claire-Voisin-Scotland.jpg/225px-2009-Claire-Voisin-Scotland.jpg, 1962-03-04, , 4899
Judy L. Walker, http://upload.wikimedia.org/wikipedia/commons/thumb/3/39/Judy-walker.jpg/220px-Judy-walker.jpg, , , 4382
Karen Uhlenbeck, http://upload.wikimedia.org/wikipedia/commons/thumb/9/90/Uhlenbeck_Karen_1982.jpg/200px-Uhlenbeck_Karen_1982.jpg, 1942-08-24, , 17297
Karen Vogtmann, http://upload.wikimedia.org/wikipedia/commons/thumb/c/ca/Karen_Vogtmann_2006_MFO.jpg/220px-Karen_Vogtmann_2006_MFO.jpg, 1949-07-13, , 13119
Dorothy Vaughan, http://upload.wikimedia.org/wikipedia/commons/thumb/a/af/Dorothy_Vaughan.jpg/220px-Dorothy_Vaughan.jpg, 1910-09-20, 2008-11-10, 7505
Guofang Wei, http://upload.wikimedia.org/wikipedia/en/thumb/a/a4/Flag_of_the_United_States.svg/23px-Flag_of_the_United_States.svg.png, , , 3479
Helen Wilson (mathematician), http://upload.wikimedia.org/wikipedia/commons/thumb/e/e9/HelenWilsonMaths_Provence2008.jpg/250px-HelenWilsonMaths_Provence2008.jpg, , , 7007
Association for Women in Mathematics, http://upload.wikimedia.org/wikipedia/en/thumb/6/62/Association_for_Women_in_Mathematics_%28logo%29.gif/220px-Association_for_Women_in_Mathematics_%28logo%29.gif, , , 6769
Tamar Ziegler, http://upload.wikimedia.org/wikipedia/commons/thumb/d/d4/Flag_of_Israel.svg/21px-Flag_of_Israel.svg.png, , , 1258
Melanie Wood, http://upload.wikimedia.org/wikipedia/commons/thumb/5/56/Melanie_Wood.jpg/225px-Melanie_Wood.jpg, , , 3545
Rose Peltesohn, http://upload.wikimedia.org/wikipedia/commons/thumb/7/71/Rose_Pauline_Peltesohn.jpg/220px-Rose_Pauline_Peltesohn.jpg, 1913-05-16, 1998-03-21, 5098
Raman Parimala, http://upload.wikimedia.org/wikipedia/en/thumb/e/e0/Parimala.jpg/220px-Parimala.jpg, , , 5037
Hanna Neumann, http://upload.wikimedia.org/wikipedia/commons/thumb/2/2f/HannaNeumann.jpg/220px-HannaNeumann.jpg, 1914-02-12, 1971-11-14, 6676
Aoibhinn Ní Shúilleabháin, http://upload.wikimedia.org/wikipedia/commons/thumb/3/3d/Aoibhinn_Ni_Shuilleabhain_in_Soroti.jpg/200px-Aoibhinn_Ni_Shuilleabhain_in_Soroti.jpg, , , 9738
Elena Cornaro Piscopia, http://upload.wikimedia.org/wikipedia/commons/thumb/5/5e/Elena_Piscopia_portrait.jpg/220px-Elena_Piscopia_portrait.jpg, , , 6706
Phyllis Nicolson, http://upload.wikimedia.org/wikipedia/en/thumb/9/98/PhyllisNicolson.jpg/220px-PhyllisNicolson.jpg, , , 1398
Sujatha Ramdorai, http://upload.wikimedia.org/wikipedia/commons/2/2b/Sujatha_Ramdorai.jpeg, , , 4193
Cheryl Praeger, http://upload.wikimedia.org/wikipedia/commons/thumb/9/9f/Praeger_Peter_Neumann.jpg/220px-Praeger_Peter_Neumann.jpg, 1948-09-07, , 10272
Olga Oleinik, http://upload.wikimedia.org/wikipedia/commons/6/63/Oleinik.jpg, 1925-07-02, 2001-10-13, 11113
Kathleen Ollerenshaw, http://upload.wikimedia.org/wikipedia/commons/thumb/e/ea/Dame_Kathleen_Ollerenshaw_signing_book.jpg/240px-Dame_Kathleen_Ollerenshaw_signing_book.jpg, 1912-10-01, 2014-08-10, 6835
Grace Hopper, http://upload.wikimedia.org/wikipedia/commons/thumb/a/ad/Commodore_Grace_M._Hopper%2C_USN_%28covered%29.jpg/220px-Commodore_Grace_M._Hopper%2C_USN_%28covered%29.jpg, 1906-12-09, 1992-01-01, 42703
Katherine Johnson, http://upload.wikimedia.org/wikipedia/commons/thumb/d/d3/Katherine_Johnson_in_2008.jpg/220px-Katherine_Johnson_in_2008.jpg, 1918-08-26, , 32889
Ada Lovelace, http://upload.wikimedia.org/wikipedia/commons/thumb/a/a4/Ada_Lovelace_portrait.jpg/220px-Ada_Lovelace_portrait.jpg, 1815-12-10, 1852-11-27, 48043
Leila Schneps, http://upload.wikimedia.org/wikipedia/commons/thumb/8/83/Leila_Schneps_%282011%29.jpg/220px-Leila_Schneps_%282011%29.jpg, 1961-12-22, , 19611
Virginia Ragsdale, http://upload.wikimedia.org/wikipedia/en/thumb/5/53/Virginia_Ragsdale.jpg/220px-Virginia_Ragsdale.jpg, 1870-12-13, 1945-06-04, 6100
Emmy Noether, http://upload.wikimedia.org/wikipedia/commons/thumb/e/e5/Noether.jpg/220px-Noether.jpg, 1882-03-23, 1935-04-14, 89057
